amount,time_delta,device_score,customer_age,transaction_freq,risk_country_id,card_score,is_fraud
1750.9635493966716,125.98044704855916,0.7644160492193246,53,30,1,0.792335427918145,0
4936.091850843547,97.76362437357119,0.24154285834403944,68,24,1,0.7708236464730086,0
3187.4793199816204,99.53254175367464,0.34785857397648323,72,18,4,0.5550259633066956,1
2886.85874472941,180.05285971500223,0.9509770951101167,18,30,2,0.4821690046103019,0
163.74704008671847,208.11823301233807,0.10050847835931354,31,26,1,0.8416079531690385,0
3030.1140889414546,213.67324918114116,0.11142864247269091,37,19,4,0.7061973454282087,0
1851.3118046776829,59.850206780868035,0.47718120715872925,44,25,1,0.5397059743885759,0
5518.51135921128,186.23367344395612,0.72881088957213,38,13,3,0.8746232069178205,1
2910.6437644785065,218.0470172840826,0.10905868998275925,32,22,0,0.33173828125974836,1
4098.23550275299,55.81538640418503,0.061734809799628976,43,7,4,0.8280157003001318,0
261.14572785688154,287.6044592761344,0.8520793344994806,24,19,3,0.5993489075380515,0
2858.77773088163,235.41315109860503,0.13985708653347617,50,33,4,0.0639726321103592,0
448.7237181677235,235.2673062642217,0.6737252757272393,61,22,3,0.373242254747851,0
4392.312212935469,219.0058822725305,0.862788651992624,29,22,3,0.16007307954830852,0
2648.912192650817,250.3461483141938,0.1949049657356905,69,3,2,0.08240212702208527,0
1835.9700067971517,210.65225079447163,0.484651806486215,70,13,2,0.5449764766244639,1
4174.96575016098,238.22728994522578,0.037961140847847186,26,38,2,0.034620081177834106,0
3733.8332532591,153.78744886807277,0.9789979756884688,56,16,4,0.9888079359717404,0
5037.7344174570335,229.4927758974075,0.7723777690434205,32,28,0,0.3143837671648897,1
2361.3752281268894,69.67057603195728,0.844419100687436,57,26,2,0.2722666585305036,0
3091.0670553792893,93.74064328307301,0.16198658046042103,55,10,1,0.2787906216962731,1
4531.325180405964,218.2986815170088,0.023076732390792887,54,15,4,0.9614996659712745,1
917.3875383756538,194.6894826534201,0.32928319103151027,27,3,1,0.9301888549355226,0
4718.49665835553,118.82877050908213,0.3246205819325365,77,31,0,0.5010074898721257,0
2124.801797089791,114.20425032827282,0.36066810689957385,69,10,0,0.5904479954501185,0
422.05164849289014,202.7587992115878,0.7722696540386821,76,27,1,0.7972747629336451,0
2549.1885401352374,97.40266256623252,0.4701305814537484,18,25,2,0.8726156314455443,0
3527.9661116252955,217.15060894325399,0.43443160188912344,40,34,4,0.7491114498836046,0
157.5970839994453,164.57504215416878,0.20079148978481365,54,2,4,0.5311999637785856,0
4694.706804514153,260.0937204631569,0.15435192744738524,54,27,2,0.3686786850515875,0
1408.102334843187,72.69611441187547,0.02268569331473924,47,4,3,0.7957175210453132,0
4084.982389508724,47.582406892658234,0.869454192175171,25,17,4,0.05848892853916332,0
4866.556982851933,17.72620190318396,0.5082882119137644,24,15,0,0.8414722717161682,1
3702.1366721299128,11.810190221228634,0.2785703239941686,27,3,2,0.3599336271599526,1
5893.464073982864,69.31636795637017,0.36251392521019066,22,2,1,0.026710162975695728,0
4585.5470094001585,1.8963156154231608,0.9097233596823167,67,2,0,0.1633340810011692,0
5151.510992717728,269.33061164567897,0.3131513936179884,60,25,0,0.6943870313717491,0
1819.8504693238115,41.505632151417736,0.2763673788098673,19,16,2,0.1778669568879293,0
706.4491875300099,236.08651629699608,0.3345119828420704,32,36,2,0.6706802703087009,0
3329.7077323977073,94.35438530735615,0.6757837647539978,29,34,3,0.8067486608177985,1
5913.67615968532,87.942527651978,0.6919418575502583,65,39,4,0.22677033383289436,1
321.0879563457093,13.408886767406514,0.9110213959572266,69,24,0,0.7683414845095311,0
1883.955271722035,71.81513225043089,0.26887944867461955,58,18,3,0.40102808558594394,0
5063.801494625453,223.86876148119208,0.015427179568814009,47,34,3,0.2782161555401369,0
5879.188917957959,218.7357130351101,0.1170829769667997,57,7,4,0.3579380814403018,1
3593.700840130582,14.95874831026056,0.47163724112328365,19,35,1,0.2315155100104307,1
573.2782061109887,271.84229493088907,0.1342696992476159,60,20,2,0.1592691823843554,0
4723.598996840343,59.18088390368662,0.011306384822471482,51,9,1,0.5727948927863549,1
1536.9710344254988,156.03516763579535,0.5827198645993733,47,30,1,0.324896276159775,1
240.63337605333572,80.2112023860638,0.9955615093608545,71,32,0,0.9881034557135709,0
4046.173604624128,187.4494548737963,0.25445963317336395,55,7,1,0.9779665545259467,1
4671.6351681182205,144.10489642131532,0.026613485211954724,47,27,1,0.5493792231518839,0
4946.197723436199,75.17598476743717,0.29576263858601626,22,27,3,0.7556718816538972,0
3038.50096046165,96.26666354415299,0.6529167662994674,63,29,0,0.3494996619880335,0
5269.7760448114495,241.02211419302196,0.2585751500713198,23,11,0,0.5062069635883846,1
54.718950355652844,266.149074355734,0.35882291302701363,57,24,2,0.7815289849307985,0
1047.5991196709028,68.89637724130284,0.05147664677692387,19,32,0,0.9761652028363877,0
5751.801288527589,159.69321990575406,0.9308142479653054,79,39,0,0.9171343489706288,0
4781.877832409454,102.14845528298085,0.5062864800655373,79,39,1,0.7122500244573329,0
2527.3653568581985,113.64569017610327,0.08644791375898653,73,38,1,0.7085524060600635,0
2697.0700570059266,265.1044031098498,0.6667416274351279,62,7,2,0.7116633820298578,0
1650.5996109556716,42.97618891113171,0.9514382010254675,75,29,1,0.1871943405759432,1
2778.5090397324598,138.05896088755352,0.934305200173638,26,15,3,0.9372669098317975,1
4535.542739373416,53.17495570807667,0.10414704889239035,33,36,3,0.6296967834315467,1
4812.26983184265,234.4293240680282,0.018092556029562723,78,20,4,0.9872686084648705,0
2058.4196377176627,82.81090211495045,0.6192358409651048,53,38,2,0.7313735353554286,0
5222.689092275238,213.48510191973756,0.9781640826542203,20,30,3,0.03738102814349731,0
1624.31004857187,242.6748597054026,0.9356557321353913,69,12,0,0.409401372093362,0
2195.8815611758187,140.9866505541406,0.28841221559739827,77,13,0,0.45861764835410235,1
1049.089272685385,64.95653256909723,0.17473564961459342,45,20,4,0.6763650549306098,0
3888.424313692262,36.83870825639023,0.9801880904645945,33,37,3,0.09532202121254874,0
3243.274883713266,163.17490413963054,0.031505435320448916,52,23,2,0.9003639145342538,0
3998.9767012323878,183.43668770506235,0.12253877639027533,78,9,1,0.2624137551685132,0
1168.451536615496,42.23732551590938,0.09856932626864878,24,38,3,0.8422232924429177,0
5184.323475867659,125.82219340032763,0.06132209551366952,42,7,1,0.3074385734866689,1
2077.5341400885395,267.6899737416575,0.8861698084519098,61,32,2,0.5541901234835119,1
1180.646067420265,202.12463794569695,0.09426543124847075,20,32,1,0.5607444596569354,0
46.4193655361494,205.59282718849374,0.3777171240651248,18,4,3,0.09410592893123115,0
1537.4833613574283,222.69734181423254,0.9247714307357148,42,7,2,0.2783785211340777,0
746.0813204093122,112.37314425173679,0.9353590282640731,18,33,2,0.2686632397320762,1
2702.1634991168125,43.02802012483171,0.6468911481283663,37,21,0,0.5355834944508798,0
2977.6219396895735,289.9822712271201,0.2475873102292182,61,26,3,0.9304119024932481,0
4244.015564240828,4.189958757370027,0.7931712641830633,34,39,2,0.899090054054528,1
4601.939564836794,194.85825485079593,0.7416484529380587,78,13,0,0.5249039093995158,0
4598.168591182921,63.49156938738392,0.22086361177455804,75,30,4,0.41127009432671535,0
5167.628988731811,140.116375405328,0.2911347505683224,54,37,3,0.8307953677249675,1
30.44211221705663,74.53693698307805,0.2659407131064444,59,39,0,0.7648500280454827,0
2280.94694683108,206.8314261179914,0.3440671546363552,24,10,3,0.21052886712963326,0
5222.920774076223,94.11902361426957,0.2116305006066903,18,15,4,0.43857401402836005,1
4234.554683063288,258.222904374073,0.4375701085384003,62,23,0,0.4459017705480939,0
973.4379787898357,123.58332850705852,0.7781543553378796,24,2,3,0.6329253763250674,0
2289.5795011525634,67.1975672824828,0.4772943920700562,63,5,2,0.5860088668567734,1
4169.793982024789,267.8114505924632,0.4197785257898833,75,24,2,0.9225924820072987,1
3529.78373673661,84.57009383242271,0.1039330014655282,66,38,4,0.004867715783291482,0
2471.4667754572106,208.91958293993483,0.2556876211533534,25,15,4,0.48555615510346517,0
5308.190465997081,165.22223060687432,0.021959881722621977,28,11,3,0.7906251940871006,1
1232.503691333724,19.73944256589735,0.4918313574315153,40,16,4,0.4292430147683485,1
3633.902893729542,223.39893512720403,0.6784441874726378,25,27,0,0.4482214672469855,1
3448.815992456819,68.10325897732324,0.46304150760726837,44,17,0,0.4787248832015131,0
3667.992977428941,257.02940905961344,0.5135085342355314,25,32,3,0.14849461791508034,0
1855.6610510673877,222.24447047476542,0.8920846731445292,67,13,4,0.9537474966015875,0
976.125092777056,155.96897050394224,0.21546081972522402,70,21,2,0.21630991938798483,0
2520.7691078462376,10.023102742190805,0.593273316110031,37,13,2,0.6370706017657125,0
5669.834758396565,251.69157475466147,0.1768775671489078,21,10,3,0.2920321289814165,1
3026.752447610667,186.38397956180302,0.8891781111357184,19,12,3,0.15889906203891557,1
636.7199484312715,186.64620254410252,0.5508602669577389,74,11,0,0.8149240719169313,0
3014.3273283089566,234.2771902042751,0.7663671975054417,65,24,4,0.8119487504647807,1
1224.2095683258246,47.236744569442635,0.5835517675557338,53,31,2,0.33654166811237995,0
5518.475293923201,121.81145812966055,0.29782998842191766,29,34,0,0.3906030822600075,1
3197.159432779589,258.6963506236135,0.4538364907904038,19,29,1,0.3984254014928482,0
1526.149790253616,36.52282418626369,0.014242770164471619,31,32,3,0.138026507605308,0
4432.839009227663,17.272349743391057,0.5799448952661405,30,23,3,0.9920244641694265,1
547.7938658055363,192.38807227481848,0.6737684191570585,41,6,4,0.1034168035729165,0
2703.523909937533,99.06985888959615,0.01133207788765922,40,9,3,0.47692145261567775,1
17.501926092460728,165.36762711499517,0.3127429899049282,48,39,4,0.3091290257294298,0
3343.928835237573,232.24952231908028,0.30583897104588154,44,9,0,0.3770539001465918,0
2922.878987722541,8.220520227561323,0.1772929087572298,65,19,3,0.9860644686088539,0
4536.307573838212,15.738943739124833,0.8271347656116691,43,32,1,0.9044154176285512,1
1403.86969618254,234.66964186786376,0.377269821404258,38,3,1,0.8501103361468446,0
298.56884742626573,179.2285961891514,0.6359100978511915,47,16,3,0.49889759873589135,0
1080.2208022674304,12.960264972581081,0.3016414848423131,54,17,1,0.8521593585373627,0
3200.558354797442,264.0215480640597,0.8524285758572949,61,23,0,0.1376046433054171,0
3902.0640816179907,275.1266728114214,0.3911862661792662,22,36,0,0.8317401396793724,0
3420.0646090723967,66.36876075046949,0.9395164752873749,74,29,4,0.6670385245593209,1
2283.121125525325,14.826581129264849,0.17002709046977615,59,6,1,0.47474453133607486,0
4882.498279232235,92.76210394744797,0.13777936719950368,76,39,2,0.1536900325030559,1
1686.9066617670173,137.5945180631427,0.4297547572829591,43,32,0,0.008538584429650498,0
3685.1782215983626,189.45578313110738,0.5463747612002141,76,19,1,0.8644467103198598,1
2220.0735844733927,298.14677659258865,0.9455178751540287,64,28,1,0.8855390943099811,1
280.53787398784476,139.82017339786438,0.4189110665694604,56,18,2,0.5065333716559284,1
2904.1135963894685,155.2144878663197,0.8123670547108939,63,12,3,0.6495573223526301,0
403.5436001257322,210.15253910250794,0.8258360264262247,58,17,0,0.33124552789319517,0
2524.722265460152,127.28554382656881,0.9516484141027134,21,36,0,0.8647830043309691,0
2997.0421669258862,165.79939776489223,0.6198955365981772,48,7,0,0.4424512038059001,0
3853.1443959652756,261.90931435402894,0.5440800451350272,46,32,2,0.3933616944791748,1
1591.6377614145492,278.9916139185742,0.13666023463917398,73,11,1,0.39489922591166116,0
2383.91613328236,227.933451842113,0.2349386650957862,32,25,0,0.2575234370840508,0
3670.122148366315,72.36736180433213,0.16973265785321823,46,21,1,0.035505760083058946,1
1276.8054329168654,287.29931303176556,0.7912073686617274,59,5,0,0.8706583232252214,1
440.1941755741372,144.90164105335703,0.14551290092028646,72,5,2,0.33107041889657374,1
583.5932415480671,57.30159898697325,0.8268395310065486,31,35,1,0.8501169796326055,0
4059.258151046322,163.1618191485356,0.6266326549568979,78,37,2,0.9671017937373542,1
3206.2442046611136,122.51674729354731,0.8277341214349698,54,10,3,0.6522031685139612,1
3911.1777168620947,276.4139283123515,0.2587055732861585,77,11,1,0.5731740709444801,0
2514.369542157675,16.79134308250073,0.6937115643467224,71,31,1,0.4583236492117524,1
582.0048456638174,282.2262985983581,0.5595781378138666,72,3,3,0.657630423113889,0
810.2612662469194,59.268402574266176,0.2898324683726914,67,36,0,0.058186274542587624,0
2265.449814160614,267.26772846128296,0.21312641669901733,65,33,1,0.3973130757674994,1
4721.202771453431,235.53279508548684,0.8873279871841112,70,8,4,0.007450256812313705,1
5467.860788968089,249.83608825346215,0.9643888099592294,58,25,2,0.7286577308428206,1
1812.0441539162198,8.042229912067944,0.8709783687130449,28,16,2,0.6021043695529056,1
3375.9513559013585,213.53441600592282,0.1959668158685398,41,28,2,0.48709046987496074,0
2263.4125517101647,156.91788346492046,0.10436692615056065,50,12,1,0.19004541918178341,0
1600.6034704156853,73.14798150680232,0.6137141055080092,25,7,4,0.5213453955031447,1
3036.832576129641,153.28556259015474,0.8502684172858268,37,37,4,0.0965064514432209,0
2233.7254991387435,173.4285460296508,0.48342787573187374,22,23,4,0.7817099480753713,0
4057.4869033638815,29.25952781222836,0.09237294462620027,31,24,2,0.14602726346889405,0
3486.6937646397796,85.03423766080603,0.28034693396383836,43,38,1,0.5758545064595153,0
282.9865014052178,43.600768287457385,0.5377408403754947,44,29,3,0.859005023501002,0
2007.2696197054659,202.93216187460968,0.9159599351102585,47,38,2,0.3240123251497511,0
1801.8640386601353,106.27247490718864,0.65998180261153,69,35,0,0.2280166473975762,0
4488.960966495102,120.01452431176394,0.16937315583360402,59,28,1,0.8375459452649144,0
2888.0026295119433,203.02592207819316,0.399975296713885,43,35,3,0.5663102344860166,0
467.02137513999435,123.4036526784442,0.13367877078745116,56,26,4,0.19611444414977963,1
4049.4683141578053,17.891774501787904,0.6840283947875201,56,35,4,0.7249441775183177,1
3817.0869996471406,227.8764504336386,0.43185563069136745,35,1,2,0.8216194820195208,0
4480.901068278129,299.32727356107193,0.6359000200741309,59,14,3,0.31080791263788077,1
3455.345112170799,57.40121495654061,0.7772224457419695,46,6,1,0.9832417964303731,0
2006.49563368641,205.13428838434677,0.07275937666831156,63,12,0,0.7865742749619153,0
2274.4690645819223,258.3326730544188,0.8669593819468163,71,16,3,0.8362249657298891,1
3041.3002846341747,126.9204322095363,0.45570071724862204,56,5,3,0.5960443987723141,0
5324.503633669581,54.47134620491407,0.2689491520707106,28,9,2,0.6408117372329846,0
2125.7460019344453,36.05556928527594,0.9117397474545821,60,14,3,0.2644973273193021,0
1035.7921160953122,233.0550317581652,0.3496976503740361,26,14,4,0.3379072235735383,0
1933.136462718405,92.16388242315703,0.08109534982654887,52,24,0,0.33939259044972725,0
3940.3198947785795,162.49582571457614,0.21771336886169212,62,22,0,0.5128453506782332,1
3784.2074196367876,142.94517180727482,0.9358180725004459,22,5,0,0.054399234693895404,0
1772.039545757928,57.593718619968406,0.5173315444988236,20,38,1,0.6717533029576032,0
450.02091330782446,32.55952807764252,0.9582660642478895,67,37,0,0.7048571884409468,0
5284.511648721413,87.05373304951088,0.13500589094508453,61,5,0,0.04240822992398874,0
3903.1263469096684,217.8544348654647,0.11734868171042023,67,22,0,0.31657867206575174,0
5165.371766793073,78.67528291390256,0.4517772110748718,47,1,3,0.012108338021376341,1
842.3474756226299,81.71700770363057,0.005578046516660606,72,37,3,0.5123711366109375,1
1934.1922663256084,11.10231275744683,0.8056404885105551,66,35,2,0.3977958591869527,0
2721.9040207770477,33.910337926271694,0.1307844766181484,24,31,2,0.5894157145760649,0
178.27475436511924,150.31375311200517,0.015947484742367624,61,38,3,0.9524321229471869,0
4773.533494176561,106.06737351358166,0.19665561234124374,44,5,0,0.011504329547498249,0
3656.374267290245,215.76027054021293,0.0728292564134444,58,31,2,0.5586878049914413,1
447.0698797140144,257.0344705537576,0.0368932824909356,38,2,4,0.7285656105006688,0
4605.3679646183855,81.83809314993213,0.14185682179362458,19,17,3,0.9815348296884875,0
1766.2732295861074,45.080311002036886,0.6680685656040682,36,22,0,0.9809982761623466,1
4591.924632488623,41.16300455495543,0.4343787704426849,29,14,0,0.9726359591152115,0
2177.5190515379336,45.93346370649066,0.08964698972312202,39,15,0,0.30048777011990835,0
3103.644804471265,170.61512010767896,0.526670083391357,53,15,4,0.6997528864998173,0
5956.874025594723,77.27238458186265,0.40627929861118084,79,21,0,0.9753133961428458,1
3004.7657710592075,291.8111285126955,0.12499775550120817,36,32,2,0.9254692625931427,1
1801.928023774927,226.54818178916238,0.094543547015278,68,13,4,0.6164205746904351,0
1847.4912184505386,220.46616364505422,0.24320432777054302,28,36,2,0.6236637620987564,0
2411.011634408415,66.88838340240028,0.5345495528029008,46,29,3,0.4255114351239131,0
4390.214977992841,109.72170068138077,0.1605322366279941,37,6,4,0.8209347681003857,1
3564.99211755659,299.97506637634297,0.13613049532658839,71,39,2,0.7549305632175582,0
3202.1407051501164,39.971584842265386,0.4901592114227685,67,34,2,0.8089574106874786,0
257.1071733417492,196.36498045512963,0.44682564417566206,64,38,2,0.31351619966741917,0
2263.0375078925363,6.06840907913635,0.41078943088033604,63,13,4,0.20560008954188724,1
2308.003523873787,222.50532747248883,0.7794716621366256,35,7,2,0.2129988391812041,0
971.8439491421083,114.32943977335492,0.9757709051731905,23,5,4,0.6249709755530258,0
4201.728037891147,194.30947560887532,0.5100398935987234,56,38,0,0.4522452348707692,0
1584.8068938286708,220.39827147734658,0.622611696577582,65,25,3,0.21706483574145308,0
1929.036824094349,241.01167608261017,0.8239281923086544,39,31,3,0.4707518623759186,0
4825.008742632555,152.0233595307392,0.8919716800458063,38,20,1,0.8836302691081134,1
4878.42518755912,294.35897289191394,0.9980436041130984,56,12,2,0.4798425752741171,0
3721.204856759191,10.952942779639663,0.13239654566496362,52,28,4,0.07507794991284655,1
2175.2008353503174,289.2030099933887,0.8126794958706366,18,28,4,0.06894553803658421,0
5658.178138968923,229.8308394761213,0.32841369675839527,59,9,3,0.6215108280840036,1
92.53180896267763,238.11947612262657,0.18725972944490532,23,36,3,0.6552882975894896,1
1138.772192174826,125.09893475801465,0.24117458379339785,66,16,4,0.004482393364094728,0
3942.4390922912203,127.90410079728358,0.7732434237704215,26,32,3,0.6474928289890179,1
911.6563629726728,278.8872048531236,0.2581652190988968,65,2,0,0.26266822971238324,0
5074.688403733089,175.18582345725804,0.32869962739865366,70,39,4,0.8442407795803171,0
863.9452541840831,3.931680605049759,0.6175022237944936,63,4,2,0.865762488083294,1
3059.756475127831,130.58011632552365,0.8175516835829538,34,21,3,0.1810510301874645,0
5113.282505082907,186.65369046845385,0.23321335436637436,37,36,4,0.7175480412874057,0
2524.0835231239234,263.6737754171518,0.5401933411200376,54,6,1,0.32843391352578566,0
2589.7183165499628,77.72812405909725,0.8803308242019451,44,11,3,0.7918323760543715,0
3984.981020542609,127.22994525333631,0.6929658625791516,22,31,4,0.81840100993392,1
2939.2727726543985,225.79848326046994,0.464554509949923,50,12,4,0.7909285078567507,0
5728.332719514256,28.045772832888193,0.6397106694035084,29,9,4,0.37262034941364475,0
4879.745618215882,83.75475227656874,0.13796870570394337,21,32,0,0.6096973286572286,1
1079.1904283354638,163.3704111639162,0.7101608221985249,46,11,0,0.3892814765781992,0
2251.10482892084,137.35155443589755,0.8883765203674403,18,15,2,0.2311757645256135,0
5250.426260558867,225.24918338129453,0.8480777135076356,53,15,2,0.13579152731718314,1
4360.774450036294,256.6851766434988,0.5828278022031625,44,11,2,0.9554315860157114,0
566.9736445988708,117.94378732729042,0.49793426285371245,43,7,1,0.38224765606104405,0
1610.4465413124933,250.3710435335791,0.946814323055562,44,11,2,0.7652138035678141,0
3016.9468849960936,294.2500772495692,0.23755449594722355,53,29,3,0.2914202862023164,0
2769.344241101601,4.29112177563864,0.7829185901381915,54,11,3,0.7687392335452128,0
177.12083160076648,40.52887369419275,0.36162211219227147,20,31,4,0.2863120556789941,0
539.9411035021344,10.492710122197701,0.635754924007503,71,24,2,0.4351078370690995,0
4248.346751345294,152.29299820328862,0.7560110204111287,72,10,1,0.7479873384136694,0
2861.5325926754317,176.36023777348845,0.7834970700631927,73,18,4,0.22730216937013825,1
3627.133982036319,64.5697102527781,0.8214053310621602,40,5,1,0.8337693208045451,0
3435.8806463688184,76.07867646618833,0.9101382928114411,23,26,1,0.8621380031982964,1
4347.680168635506,192.06332377695554,0.4657536417737338,48,24,4,0.44133382828806544,0
5178.60651874197,53.68965513184265,0.2875285625416989,58,11,0,0.3762045201643466,0
3601.901021861108,111.14164122949093,0.7928681478022147,45,14,1,0.519691466495144,0
2642.84604379469,47.017188113437356,0.6609566228858271,66,6,1,0.9535835079685292,1
5812.655743543328,90.74995191242277,0.6674837275003862,61,15,1,0.9480928754718116,1
5572.129453067474,184.00901322141755,0.5180123939445206,26,17,3,0.12536878725614664,1
261.20534433379424,64.10351651571838,0.922200829280157,69,2,1,0.9368674672238655,0
3102.3748044654876,19.862341298378915,0.0272253895845731,20,6,0,0.14945036888865293,0
4331.809830217786,151.7419208782996,0.7912946146329439,71,38,0,0.3885272047188879,0
825.6484461292898,129.0517352808839,0.2248725904080746,19,16,0,0.3835891257871452,0
392.2569155747323,137.66185842677717,0.4660918075067443,18,21,4,0.5662933342316365,0
3637.6465526678185,284.471827083755,0.3851651995888651,71,22,3,0.8914392487468521,1
5254.814777394805,200.7544794942637,0.9074639479124099,70,38,0,0.5150043839055969,1
2736.991498354312,290.49087114232805,0.07054928162116358,77,6,3,0.610737248714204,0
1910.876238387935,171.23063305459647,0.0034222692819586564,30,14,0,0.7496807479518816,0
1265.188405993323,29.399029077828033,0.1518312203344836,62,18,2,0.4955311140784666,0
1990.8938503570155,104.47238753759727,0.006788241797690664,71,4,1,0.4057709738248657,0
3706.6871713040505,38.120534677582974,0.09162090189495964,52,32,0,0.6608398198420399,0
639.0283469181031,50.69235099233212,0.46361744924410364,51,34,2,0.7798213936358231,0
4968.312450251139,126.99326946160295,0.14402854706286972,58,11,0,0.91838617962456,1
3623.9001537861864,145.5422974186696,0.9825005840780892,23,12,1,0.6648919202853066,0
5492.4922258936485,150.86711404279256,0.5453845814223053,24,13,1,0.961177963762587,1
1825.7010446672336,4.80509174513053,0.30382386537652095,48,21,1,0.011307181265961308,1
3195.5906491459737,87.86217506516509,0.5500931482137372,41,27,2,0.037429041462754165,0
703.8193637271113,48.52606027843414,0.7147453117566547,63,19,4,0.08810921181267972,0
1140.375286485948,236.80841498342508,0.004082175224554563,42,10,2,0.7115044825052033,0
2193.596936213649,83.11963297698706,0.4587247283853614,72,8,2,0.1479806542801052,0
2099.108485250664,117.74934388277374,0.178735257162138,32,18,2,0.16926795130809935,0
1373.1950582432087,48.796580562934885,0.48071833327893376,61,8,0,0.5886787087800673,1
5619.172462677957,48.766669997759,0.4976364690340265,28,23,4,0.529784531615487,0
4753.485121551862,55.73179394418053,0.6418625808178691,65,19,3,0.576709102334215,1
1205.1131764202744,2.2867843764489804,0.2676974110682001,69,20,2,0.8861219153121299,0
667.9838292260878,122.94810976446405,0.7306155486980309,79,17,3,0.6905218665615154,1
2884.777794980557,102.02707309046907,0.42757216965509437,34,29,2,0.25055907716311776,0
1517.6066523083202,3.780538442315451,0.42007075315540476,78,16,0,0.4731284650628558,0
3808.6446796200007,245.91379329637095,0.16653596702289342,60,3,0,0.006209269918845961,0
1265.3073795927298,297.88570115188134,0.7218940625127358,45,10,4,0.42348349619885783,1
1984.5751246959246,277.8179541532918,0.5063887813587991,38,38,1,0.5392397443602446,0
5702.349012493793,201.62639964386668,0.6907841757389944,30,17,0,0.6635413274687373,0
4080.5785413000667,92.81499203598709,0.0955561082627715,27,36,2,0.6237047531680652,1
2872.7410307065647,127.13255488880144,0.7360408592033352,36,9,0,0.837527856880688,0
891.4118427186194,155.74055483232817,0.5945981138446369,47,22,3,0.856564653680698,0
3184.5810951095136,177.26505707984418,0.7916473366774948,57,1,4,0.30201065023527096,0
3507.7411213074874,178.1582967057309,0.7558619470840784,37,20,2,0.9791465393856909,1
4552.291830996525,9.99723505660649,0.4116150659723231,42,20,0,0.0689930268787966,1
210.9088466666609,148.18374450872724,0.6042986244673483,58,3,1,0.8515038925221939,0
4018.4970940288654,26.17166795717979,0.27905401951719055,40,30,1,0.932174869053269,1
221.88982210008484,0.355041239861853,0.985149256300088,72,22,1,0.753992204793443,0
866.1037174303406,80.61367060544674,0.3260764430310773,54,6,0,0.9220586788778053,0
3581.216678422371,286.404390627401,0.5397711002328607,33,38,3,0.925599778177338,1
4650.264303866634,53.535315737273294,0.987593399622704,51,16,3,0.9147350893394619,1
5503.910739922747,273.6198332528964,0.5821535613972385,18,21,4,0.5354619997230345,1
3925.7071914805247,8.82347482982877,0.9926097465546342,61,24,4,0.7684653318819827,0
491.966580298941,120.358649532875,0.48472221462574716,62,1,0,0.9982195344709645,0
4260.6237933696,210.03558965601962,0.276974664373673,74,21,1,0.749569502844255,1
1797.7712375113235,212.96272658631383,0.6489218363455684,65,30,0,0.3741960887703196,0
5459.738360682548,139.90889316357752,0.41329006031970683,34,38,2,0.29819684381641154,1
624.3506849293733,86.24092288158025,0.5292635682775448,39,20,1,0.6281724069808595,0
606.9870819704107,260.93326442911695,0.6762457325123888,77,10,1,0.8509884843279973,0
1657.8653222804169,119.72929373421641,0.5728584610771825,46,30,2,0.9749327514779578,0
4424.083933516715,271.2173563057902,0.03569344568613564,36,34,2,0.7300737834914651,0
793.391008711895,133.56274553910382,0.09111585848156756,26,35,4,0.3809316025041988,0
4619.66931995545,100.68004224732151,0.5566319659040659,32,1,3,0.053820364177621594,1
3385.3762934976185,235.65478511871956,0.22035917498086532,73,13,3,0.5509847714019037,1
2964.1337080492385,17.80552599255918,0.37655300488089793,55,19,0,0.7355347714351227,1
5037.955235748608,64.25267468004823,0.4537889315301985,27,11,2,0.49653324210051974,0
977.2514296937069,262.3865099692827,0.25562926412189013,19,30,1,0.3919433655209694,1
3810.4558322823887,79.28139155463695,0.46033367918364676,30,7,2,0.17670625543384688,0
5482.5965789263955,210.69550816585462,0.047064603673412364,46,38,4,0.2565410556998706,1
591.5713570199258,139.2702214761861,0.5272256710699036,48,22,0,0.24840212267318496,0
4077.506958933475,25.689600404587576,0.4474585723490708,19,28,2,0.8322099396559427,1
4991.368938140847,3.8429294834763095,0.41148736965395927,36,10,1,0.7385866475294355,1
2933.612886485485,41.48556889262394,0.13768329246447697,69,16,4,0.6228825268385729,1
17.616538428212372,258.0377818487397,0.8864906549232168,76,7,3,0.292457415321693,0
3236.3430601995633,182.86439398871576,0.13281090396802842,70,5,2,0.126598215292286,0
3541.3115924273834,131.7817140876895,0.5888664393952275,29,8,1,0.03205190540071956,0
5569.693199917859,62.33978702152054,0.2078566968872324,65,20,0,0.030939584909895124,0
2641.405675684934,232.52340857260882,0.43097824939571494,44,31,4,0.33871526722596823,0
1353.5983157318224,113.17145643237353,0.7929712745858695,18,4,2,0.13120265305415946,0
3733.2488986858025,56.95099661495132,0.30446035649882464,58,3,4,0.265837168526173,1
2588.2219290825756,124.5468878608788,0.15743760492509218,32,35,4,0.21786060797808426,0
1624.0880569121603,186.02523142824174,0.8572130070414099,19,28,2,0.05023717322134236,0
5476.97273116659,258.19231484980475,0.9142383744357054,26,5,2,0.09263484162725988,1
3536.7088027926548,204.25982704896882,0.6600282626623442,45,15,4,0.8678619092498826,0
2959.3320512508103,191.88320257318273,0.2840533385187144,46,3,3,0.6035427546701901,0
2970.992339433535,110.9766654369394,0.08324890946445196,29,5,3,0.22669103706557026,1
2877.7851674755816,199.13649455013132,0.33947641239723036,39,30,0,0.6427719952483596,1
5798.758566941374,107.7207744250332,0.11212093630289066,56,29,1,0.009132810183896112,1
422.89192035879375,280.9042242457222,0.26135039688261785,27,38,0,0.5315085875949838,0
3761.301521321922,285.65507196374796,0.17197309600317567,77,8,1,0.6668909233429996,0
487.99338307893873,273.1749744220077,0.7375605303446374,69,7,2,0.3022662194801954,0
4357.172008559102,283.9947259495522,0.8410418484431864,35,31,3,0.9644217479891503,1
722.7475513550085,16.918653834179022,0.5402311987173012,44,20,2,0.3243295957332911,1
2849.1312645756793,66.77963909058346,0.2977871685768443,30,37,0,0.36278071725236205,0
1163.708024344989,211.4422120626291,0.8105171891648568,39,12,0,0.6977124107977262,0
3064.7132544300616,10.229290149666426,0.5405713434319339,20,36,1,0.8932304981226482,0
3034.846835132664,153.5076155096306,0.7871844358817245,39,11,1,0.6223574837107189,1
4187.964249183729,21.821039613735028,0.23972736517581406,20,11,1,0.2631907493324763,0
4116.455924443147,214.16588597086874,0.06782193306525863,47,19,2,0.7809337703147418,0
2187.809179768043,85.96081417226553,0.4005313113121959,72,21,2,0.8822545021681389,1
962.4235654690002,134.85928716551686,0.9413830725844391,63,6,4,0.3404878825437051,1
823.6758287391804,188.23234858828292,0.7508180762566407,54,21,2,0.4157443259463074,0
4475.179729827381,197.84967083949127,0.8675382749196078,34,30,3,0.12202441521344354,1
4002.2723718817692,108.75489124590855,0.22171768828800864,42,23,0,0.06593302542099477,0
2665.995627187267,30.104330557842907,0.7657029702005478,50,32,3,0.04984471031838755,0
2905.9597711592946,99.22880502110006,0.016813036411820192,47,9,1,0.17799781404611614,0
120.71028441652682,145.16127486757765,0.8808947610142888,25,39,0,0.291619977009857,0
1656.0975862688438,170.38884386250118,0.9287855169540246,26,25,0,0.6235037465283906,0
3825.30167947801,153.35142311150008,0.7971490407082501,62,31,2,0.6982981628358147,1
4502.7439108273775,209.75314656298363,0.8481938011271409,76,19,4,0.257062721475786,1
1119.317825804685,234.45994944454048,0.06040376903060196,46,8,3,0.5299063691757828,0
1582.8803086674852,292.7917881120333,0.7175049873358952,54,6,0,0.18363279003272592,1
5581.959864629539,86.7925914568561,0.6152837573144981,23,25,0,0.7907382112162163,1
5474.475210448271,237.9226409173747,0.5197226649569717,47,4,0,0.19305220811970514,0
4557.332504363406,87.0321704753012,0.37001602719754245,60,21,1,0.5791361256073132,1
5780.297258925066,233.15367963830482,0.4348089978399563,28,16,2,0.8117052951942111,1
3212.7604342130135,268.84252429263023,0.6073965969547545,77,28,2,0.02365374845237378,0
1368.3056889171555,150.71996842694102,0.7432376506900813,19,23,0,0.8106001427832425,0
2055.178674018509,189.0558066612704,0.6502181151816692,70,2,4,0.1192447891490801,0
798.58995722911,136.503736830108,0.3496869007830442,35,6,3,0.621739794531264,0
3955.3978111790566,166.9205532586034,0.7794303118470924,26,10,2,0.4487249028214245,0
1416.1624124935436,177.6533530943237,0.9568114990215311,69,12,0,0.3244878364991506,0
1683.2580883024114,181.76795724667105,0.044149865844093306,18,37,2,0.29457532866106306,0
5135.451563534554,238.6890767558169,0.9683168697022516,33,29,4,0.741971398104449,0
4504.52225756881,44.84712312367193,0.8795403547806423,20,14,3,0.847738707156682,0
2800.7334383472835,297.395047925683,0.8002716441061513,21,25,0,0.10721731376730148,1
4808.963305522359,100.11524370814949,0.5080268369523232,30,1,0,0.10422799049497344,0
914.783688663519,186.89580609711862,0.4929502879580211,27,1,1,0.05884614470441729,0
901.5200509887454,71.8483851495819,0.3379387962330398,57,32,0,0.7151865827375231,0
4638.703592453253,9.802445863848542,0.33725526184437504,75,17,2,0.31079856335783973,0
5841.694825363332,80.50570598426641,0.047284330375529926,35,2,1,0.7939821018922967,1
3738.122978777927,230.36288889429284,0.8317351433109386,57,29,4,0.4123188625689195,0
5750.12715447332,216.0519717551573,0.47644195209658313,64,3,4,0.24544982454521513,1
5712.514083270109,113.45363041548296,0.7472921685218298,53,22,4,0.6922675940872939,1
2585.8749734855255,182.34199374526904,0.4992248351823836,56,13,0,0.24687600569486223,1
3119.0303348799566,272.39047723780254,0.3175582744637382,53,26,4,0.949869583125345,0
5699.161511590575,43.84833462891853,0.15565311510463276,39,6,3,0.13784041063152475,0
4479.135199943857,6.036716198373549,0.6178329256753164,50,19,3,0.03650318159683685,0
5062.760172949773,241.458452979719,0.7965622051685659,72,16,2,0.07376977789175954,1
1648.0699905867466,252.0870602579264,0.6736983595842801,24,22,1,0.8113529423366684,1
4585.473470962429,12.050070290917658,0.7913159191943498,61,34,0,0.6382555568762612,0
2163.664601196102,297.2763430121438,0.2867462606097856,38,3,0,0.23811910574210604,1
4647.021733830205,249.3163905315089,0.2661948039801856,39,21,0,0.8963573518854651,1
1628.4801763995956,4.189635900377652,0.5449833195468609,23,6,3,0.31404421112765846,0
1404.8402970499892,202.49768978680137,0.20723989836564471,76,39,1,0.8872366613281192,1
3875.101847736158,144.8380601692579,0.994655438327764,27,1,4,0.15339218990890857,0
1869.0886715482886,71.1332235493702,0.5209737744910234,58,11,1,0.6785496532752987,1
5757.946384634669,228.83888431445746,0.8392272193068971,54,16,0,0.8771787318504939,1
566.0390821086454,108.67158482139864,0.6629340165257314,43,32,0,0.2721864622932034,0
3316.8873059430966,217.1701220345015,0.20123295927648066,43,12,4,0.6982623602211577,1
3137.5705062413067,2.6840976624125212,0.306334094577734,48,26,4,0.9803511664405348,0
916.1624287025505,292.1327897220778,0.4415128223569985,43,33,2,0.3285347591740695,1
3521.7754876710833,295.15268732274745,0.38663508332415764,32,1,1,0.39553702799338275,1
4562.284349677624,124.35292281998271,0.16171643546678482,73,23,3,0.3860156498684445,1
3625.1351101517544,267.24461634894953,0.5805285318949295,44,9,3,0.2846929359761343,1
548.64866950042,259.80421079305984,0.5692953084343797,29,26,0,0.7463877452694508,0
3319.0992359866,276.03827418452187,0.9105568983371461,58,30,2,0.41743016884022777,0
962.5415255840858,216.39018081088994,0.38227015218915217,37,32,4,0.6366682294306749,0
5411.003660100871,83.26702297108197,0.26032542706114525,51,37,4,0.1515082827579951,0
3898.728674447709,137.00157008296316,0.32850219788787505,55,20,4,0.7024092469046158,0
3390.494816938503,196.76777968631438,0.5854357121536504,64,32,4,0.19339553313533298,0
3093.3921140719062,288.9783936427864,0.14939640049747738,71,16,2,0.7845284780061849,0
744.25886633783,164.84270682362717,0.2867328466103566,23,19,4,0.460240260175545,0
1175.2299631693409,294.4604444114771,0.0747737826473488,24,26,2,0.07661255042500625,0
5930.0080470819175,26.135651090802025,0.27882539670708695,51,29,2,0.8306396339097153,1
777.3187523182722,244.32668971212956,0.5136835785083833,41,20,2,0.6698536498604235,0
1026.9943649502975,209.01658671029486,0.21950062807751114,77,31,1,0.6598340434359165,1
4539.1723296917535,122.25145848964775,0.7006220165032028,48,6,4,0.14788098076895928,1
3392.4937433688674,221.98834540009844,0.7004059384194854,69,6,1,0.6469254774128841,0
3635.3168937585515,283.0806226797111,0.6712734121703633,52,12,0,0.4644841462022786,1
4816.2657378538015,154.3429967064728,0.9383656593315057,71,35,3,0.5556749446355626,0
1717.403286886581,76.88631222640016,0.3375687265523134,60,3,4,0.5500422715541236,0
1275.3801859651194,248.49305375090108,0.8893970330219825,37,36,2,0.44666814172395797,1
4264.017548126507,261.30204021571984,0.8596836665704811,60,2,4,0.8587696398165436,1
2464.6118516467714,220.00734005051913,0.4547399229971878,35,6,1,0.026915723775611133,0
4592.190140544016,126.31160033900505,0.945272192680849,66,13,1,0.1856619318669942,1
2833.856661646431,214.2681208354378,0.6332816998954068,26,27,4,0.591996776908921,0
5039.500753941297,240.2854685539635,0.9961046044005704,72,13,3,0.117487930175729,1
461.12016353417357,24.73998077874302,0.507602319190966,65,33,1,0.12168818614423227,0
4897.12358397107,83.16720889116262,0.175319947499868,30,35,3,0.7563024954321695,0
2531.1972564505554,224.45648057671312,0.5995878034015519,25,27,0,0.7536335543251673,0
4940.913498218242,63.33002149906228,0.7117099159363668,45,25,2,0.08179952163511217,1
515.7778198860634,299.35068481345155,0.5598659505018325,26,14,2,0.8664437825433893,1
5970.067043148921,113.87754783123577,0.11455184718303169,35,35,3,0.2654827813586942,0
3740.5403821571895,209.3191350393933,0.2666656356400562,76,16,4,0.16051091545131346,0
5600.173350072263,232.08071422818352,0.43416015704297994,60,7,2,0.4154428691785196,1
966.5755564098984,297.84975654948045,0.7032705616797241,49,38,4,0.704348359401575,1
632.1237933723945,21.149625489616398,0.5559903694547698,71,3,2,0.44381779096533625,0
59.056845174793615,145.2275553896742,0.33652247924952183,26,39,4,0.7957030665503719,0
3726.8996165418444,140.9990950690663,0.5187657424608627,61,31,1,0.22957200939384748,0
2446.787099952318,103.7837508250588,0.4832562709306377,68,7,0,0.055785979847422285,1
5758.678493859352,81.3403211270281,0.4192305858865608,53,9,3,0.3119589674672897,1
4913.931463762127,288.726885718242,0.953346426315858,44,3,1,0.1863705221934283,0
2456.802700484313,115.76298441172635,0.22321254845222405,55,33,3,0.5924207390525363,0
3284.686852936439,242.9689322101017,0.6866693346921028,44,14,2,0.739256433273122,0
4835.169209820644,51.99476736968466,0.8989524079281769,56,28,0,0.9857442344232082,1
708.0749346468766,116.57006742986228,0.8435421005527395,55,33,0,0.6175056061113119,0
1934.9379768007532,51.01151553817773,0.09450028106202979,71,30,2,0.420812123073283,0
2661.600849148931,146.36411840350536,0.9421692192807184,23,37,2,0.9591767885335809,1
2722.42469489382,53.29407491306411,0.27920291531511066,24,25,0,0.16909424446076537,1
5360.361882672847,40.09228521544602,0.03527296715963957,26,9,2,0.4302019301218075,0
56.98534333466452,146.1153749337233,0.22586650764802885,73,36,2,0.9399124990580917,0
3945.8540233773333,136.14984138232603,0.15496271711108278,22,33,1,0.3215978498153649,1
1798.4558946836305,238.2838492475271,0.07353161548819032,26,38,3,0.1497646304818857,0
179.27832129038998,235.98254020219312,0.369300192040926,39,11,1,0.8849752645769986,0
4739.0807352841575,77.57870712327075,0.6437000536922771,78,24,0,0.811441815260092,0
1815.4009264812335,48.21722097842203,0.5687607935213275,71,19,4,0.5297371015408435,1
4273.566746615212,138.8332652647313,0.19846607999609434,37,4,3,0.2739402517947531,0
2011.632154770579,105.20185676598844,0.15484633035012085,32,14,0,0.47397511992228614,0
245.31095694499027,196.1690564246796,0.11323190706769315,59,38,0,0.24316216161567028,0
2517.7337301313205,267.58849253270586,0.4190722461289659,60,39,4,0.7232917201425233,0
46.649814989590546,257.6747961430199,0.901512225254912,36,9,3,0.14101305768733496,0
33.00025850635369,289.8426620551393,0.8569744322254795,47,2,1,0.2570658302755904,0
4099.30996200108,56.73541460972943,0.6070789941005706,75,29,2,0.1628684269469216,1
2349.627287581324,209.2486006791408,0.6564826410259438,33,21,1,0.5222511817038684,0
627.123079818617,20.339256515141578,0.24462725741073754,49,4,0,0.6535195197161147,0
4518.762985259715,170.73845639378413,0.2205491415311177,37,4,0,0.2594060659580594,1
4054.4484123853763,268.6563155111426,0.121400789641538,51,20,1,0.1108479028290904,1
4329.584562431455,212.231009375877,0.9230972487363223,55,10,3,0.9837778808211111,1
1870.6702385441101,239.48220187866616,0.6627328301422041,27,24,4,0.27544586927943515,0
3700.046166510183,229.21707658536616,0.5844817586680717,24,25,2,0.04500354357678149,0
4191.389801727764,152.90681772974665,0.05875232967206634,70,29,2,0.006931723173860482,0
4358.279138575744,115.88604166116386,0.3850679890726485,59,17,0,0.6449069485422387,0
2759.561818895067,160.63395447261112,0.05068603011760198,45,36,4,0.15902135184286437,0
5521.5240189498745,98.48953451236207,0.550042820321318,70,37,1,0.6572316392316017,0
5968.315498706694,61.26786224736514,0.9966627088049703,75,3,1,0.11806934337601882,1
5233.031982576732,180.2259224588414,0.7472385969996613,58,22,1,0.11172550839921624,0
1688.9656257590989,212.19531899553112,0.5786007605123668,32,28,4,0.35134789120873045,0
1360.0750009018739,51.47974022435536,0.36549926881536765,20,2,3,0.0718939368647612,0
3772.286680125997,208.17481785085226,0.8533580302358031,25,24,4,0.13760373455904062,1
335.31662818327453,233.17790723895735,0.6380742572091813,76,17,4,0.9449719093542818,0
120.74625602394602,246.3343666595275,0.09849390851659323,77,39,0,0.4698798126704866,0
4582.712409531573,129.67421289662462,0.4291166793978797,73,24,0,0.7769703651937142,1
3451.6897060422107,184.25528266303886,0.10475035926355647,42,28,4,0.3361317044384535,0
2057.2500704190215,106.73691171707974,0.8110120321881111,38,28,1,0.25279017567823936,1
3847.395179416529,77.33727797536538,0.6134841052827136,37,16,3,0.8784947918643463,0
604.0899847824692,197.05699024124618,0.7590851027743071,41,39,3,0.8670243926390581,0
2485.3129360474586,61.03515205992536,0.6719218431371822,57,4,4,0.47837692982193747,0
2581.8711042650893,278.8604001104184,0.34389269576893355,49,4,3,0.3686020727914632,0
3907.147173036058,254.91200214391543,0.4607996353772337,62,38,4,0.8620755838654703,0
1047.7245344889677,55.73717389225536,0.3768154848919134,62,6,0,0.7897859076974582,1
4745.878032827346,273.16399367977345,0.0945338629067276,67,13,1,0.4694717147164892,1
3816.379954469177,60.569637398922794,0.9169845319185246,61,3,0,0.29875378947287545,0
2074.2804192409303,182.4695372579584,0.9059157949907357,66,27,2,0.005585554940674808,0
3772.163599268773,227.51697691220713,0.9102263231410611,47,30,2,0.10129251785519955,1
2516.92103425085,154.25347080272604,0.7321826467039936,31,31,2,0.5624539130303355,0
3372.519138210357,232.915505116809,0.5750038795043351,61,36,4,0.9561539129686613,1
3129.0075100824947,235.8843800828847,0.2039626018281282,66,17,4,0.5928542560617903,0
79.36708625652132,210.69100289228797,0.019430177429704543,60,2,4,0.04134657688345644,0
4500.126292029047,261.79747965303875,0.02246919353148369,19,16,0,0.14256352331381072,0
2847.2599911951797,279.7532221882265,0.7526770721111542,52,24,2,0.5170435434638866,1
2134.2414330288034,299.53478851450654,0.3968819254487651,40,11,0,0.2414477556562491,1
4838.810615073399,62.96274622621183,0.36433899490144184,45,7,0,0.18778929476423978,0
415.9529954502529,131.53983408405517,0.7779483336019668,59,1,1,0.5536259656643228,0
45.51034578357403,213.27371653259243,0.7402888177365301,43,13,4,0.9940562633808334,0
2725.978318906495,193.84803812726105,0.277089477183039,23,31,3,0.9370530999405798,0
1545.7139447927473,157.53605786600377,0.11722569691625195,77,30,1,0.9767999979579709,0
5322.136706073391,192.00434549765407,0.3485893489842504,44,29,1,0.06830279785591475,1
2879.2918460049505,69.59150165646214,0.3213344195996112,59,17,2,0.9828762184417978,0
3774.7742850703585,194.76565414327962,0.7519798049460364,77,7,2,0.4655185028998038,0
4358.956051253736,247.66656835178668,0.7119630087740462,44,10,2,0.076563404929199,1
4278.6923942065905,40.18688398215109,0.6305374103760797,34,1,3,0.5015245375751447,1
1030.58459573052,191.25356664542073,0.5239398254587754,24,6,0,0.1566444940365902,0
4577.721840089188,245.75594918089163,0.22291700779025359,33,22,0,0.0882373282762704,0
3100.897070329493,61.576373911605195,0.8652293332018334,55,35,3,0.7492775085689729,1
715.5839308643002,41.33114514278504,0.5202375214229433,76,22,1,0.46522447508412645,0
4301.57775663061,278.5015028627662,0.14230419751931844,62,15,3,0.30261621411862005,1
5746.530087854764,101.66218321549589,0.16542303693040283,18,31,0,0.9967221657800969,1
4185.8973079245025,279.85707542529775,0.33008285248822666,25,5,2,0.18085267687176,0
2863.8698295166932,115.95155489135396,0.31220374112797367,20,7,3,0.04208218333663405,0
3349.9731459814284,170.6710841698935,0.5935596394646906,75,2,0,0.2638323699833789,1
4840.650356344271,179.75931425198942,0.23961322393412854,45,6,4,0.2672381682066266,1
1571.626549990761,271.9842593765177,0.4038055068329619,57,5,0,0.704165634847772,0
4299.643215412286,125.61346334968553,0.8991497089340179,18,37,0,0.3496694347069266,1
4165.074929614124,198.80355902325687,0.8603463224077998,48,12,1,0.9403284975204309,1
5095.170083298395,113.67381232396878,0.7386096279698009,69,22,2,0.8622952266277053,1
5647.2561252483165,263.5288382000697,0.8660776876146685,40,26,4,0.3155278208355198,1
1990.3762731792444,80.12257942905426,0.6243424607190725,74,9,1,0.819200855966054,0
1889.9209509490993,49.77967112847384,0.8694214386582465,71,20,4,0.9012131784576114,0
4703.01451214648,212.25900414250412,0.7806426943951408,25,16,2,0.46246689848162137,0
5484.44081691703,221.4132235880453,0.6623250833101977,39,6,2,0.7415535524207507,0
2459.344609555088,275.31474043966557,0.9811554657059518,64,38,1,0.782432302862414,0
1977.7325155112003,67.2385522789298,0.8856759383511554,24,5,0,0.6791887670353605,0
104.53869844557929,96.50795996219344,0.17809184638749365,18,22,1,0.24632281587208205,0
2030.775496372507,53.25110412351125,0.05883721936940578,47,39,3,0.730401532248236,0
1135.7834948851478,275.1041616168668,0.9840718908951427,45,11,1,0.5761515642874362,0
5333.576409520571,230.77676107921664,0.8651595311605711,32,26,3,0.03888139386436951,1
943.3932818586516,54.98308606587935,0.11408373227261714,49,33,0,0.7560112152795402,0
937.970444898721,67.16726725889983,0.05178106353488443,71,5,3,0.009922502035871528,1
5988.449951137319,57.458792919959414,0.9443863722379393,79,19,0,0.1402236090071881,1
2959.1082001646814,287.0113871330984,0.6769325971886678,37,33,1,0.4481759756931112,0
5263.319075485427,156.73984798942004,0.3820977416599063,42,31,4,0.17000523912716736,1
2823.304136619788,137.26917155282194,0.15811647533863826,73,3,1,0.6429655563227874,0
3966.498448006359,176.5200057908579,0.9407609020677452,25,15,4,0.2962653222985482,0
10.864308868463917,145.7073553656631,0.40460324491835564,63,28,2,0.9719651650657364,1
5983.333097091205,186.18637524837297,0.8121932959572534,18,8,4,0.9994958985945409,1
3061.5656012861173,167.95809441476035,0.9502685030475375,19,5,1,0.4003186533815223,1
2379.1750635681906,4.425011015777402,0.018907389759110882,44,29,0,0.6097893747808869,0
5912.533887203118,30.888316285807992,0.6739766630984895,57,19,0,0.23030596388090918,1
5976.710998232768,199.68536525610173,0.66032448762743,54,32,2,0.32099551026122897,0
2447.78374555386,238.5365592438982,0.09103496691178192,28,27,1,0.3609691416958333,0
5074.8544825232375,143.9426300256614,0.12969424325781875,79,1,3,0.13523015632313218,1
5895.091337485407,118.97570277466708,0.5238323854315241,58,8,0,0.9148682576224992,0
4929.141272487126,228.96226407965128,0.5018803707885439,43,14,3,0.6140025567516436,1
2340.5920768885676,97.32337605270757,0.09786238179221629,34,7,2,0.4892720183560272,0
1419.6729959365819,40.965701518568984,0.05986712973745789,37,27,0,0.8076739481021626,0
3393.1786641319245,158.10522358181055,0.1970467846178532,47,10,2,0.5234651471005171,0
432.2173046642831,240.56813062962087,0.7715440331292802,32,5,2,0.1258406706253764,0
1952.9041513899356,7.509225180851498,0.47301486376302104,56,30,4,0.9882154363694023,1
1451.739433420122,232.57903721073436,0.15122637789923943,73,24,4,0.04090167877861284,1
2724.8780757883155,130.64384717343123,0.7605531623072773,76,25,4,0.1432211499356717,0
5662.406172648467,161.325331838787,0.6354193066565679,45,27,3,0.9258784030246002,1
3986.577225522122,115.95220766156412,0.6263881665827902,20,14,2,0.7900052320580587,1
4154.144968615639,29.38086751930429,0.24248402585442264,47,9,2,0.5955116127742607,1
3070.241930544734,237.45322570339948,0.29252939255905164,67,18,0,0.09483397430752782,0
4796.9008773302085,282.4185138428066,0.8903880390240071,76,22,3,0.9635507474187155,0
4150.387659896554,69.54504843272619,0.817493026272372,31,15,2,0.7623318310387197,1
5371.774069872028,72.53895669512575,0.5966582298852442,46,33,0,0.3861645885367757,1
1559.3236240065262,51.504424216676604,0.009434572948207154,63,7,0,0.2618154922717528,1
1408.2894633799385,270.659375788515,0.08825415501229061,27,21,1,0.6932430725939561,0
3002.9685340393034,41.93761054904598,0.26657171879209596,71,4,3,0.14626310998106884,0
2396.2230988453,52.745377197970846,0.7446664719147634,41,32,0,0.33422991713193595,1
1285.9768265124808,36.67330776658486,0.20403174665926438,37,25,2,0.7685419202703189,0
86.96426084549947,148.13548181322508,0.5092741878822066,68,21,0,0.9817815800565055,0
5150.577236774763,76.98922973022971,0.5415088063216813,71,16,1,0.19574760509028177,1
3080.4890391524254,34.37914050603618,0.8408991667322886,44,14,3,0.9439049569765136,0
679.2340777837742,126.03922277990127,0.665292740382448,23,3,3,0.24765230219299272,0
2435.8481616281438,152.6247009628591,0.4980806097976399,50,13,2,0.3563013564523625,1
5922.867280435363,27.60366494555393,0.3993178256398604,70,7,3,0.6293510249204755,1
2934.130973851927,38.060310345682424,0.6043858451576439,57,3,1,0.5394522305140598,1
5695.4176280384445,1.0911207651906674,0.3273905180794978,54,15,2,0.10243206089439894,0
1223.951754125484,209.64268704182473,0.9198642270005832,35,33,0,0.013482982538631227,0
5165.9370943808235,164.21385436013267,0.12712156802356778,76,6,2,0.034698289864178,1
2327.4364794283415,280.60439136868195,0.05683757715230264,35,35,1,0.18012691054930363,0
4894.224055981302,286.5023001711246,0.19834430783285295,46,3,2,0.030568670108606977,0
1160.751444736991,164.83154946299774,0.142543827305611,46,6,2,0.06626642791247961,0
1742.684895983556,185.4609752039697,0.5336325004813691,57,32,2,0.8434105735810263,0
640.5510048820101,256.7633425219498,0.0554659863624658,66,3,1,0.0763925803671025,0
2149.7300079845486,107.6462456941003,0.6705678862115558,31,21,1,0.6170615902031539,0
382.29083115911715,212.6412156630601,0.21843260077711635,37,17,0,0.336736575537525,0
3868.081744651701,203.16899092830644,0.37088022820419964,79,5,3,0.017510432547839128,0
4326.779262989534,174.9567348527715,0.9064814769851539,63,34,1,0.6557741360108688,0
5476.015526383522,67.46441894926308,0.019361623366488834,24,21,2,0.5497386298644976,0
3908.644420610262,257.0115858649156,0.3418865077690926,65,5,4,0.14039837477305206,0
4025.71086412866,32.6894623062162,0.9374483511978782,62,21,3,0.2637314027553217,1
110.03041328964528,237.9628803230274,0.17084966101400734,63,38,4,0.6887349459514953,0
740.8510392873908,191.13351014355987,0.017085025925021813,42,12,0,0.48459584599585204,0
2100.387866378217,19.35186391066235,0.6643854537689372,36,11,3,0.6746354334320679,0
4794.856391593265,27.349212892991513,0.05594778123697586,36,29,1,0.45001694719672725,0
1724.407865523726,32.867448905860506,0.20598413877898347,46,5,0,0.5392742376931748,1
2042.3932025332076,295.78118821405644,0.30237144632376634,27,3,1,0.9267081996030919,0
1803.5092709079938,185.85138935760443,0.12044585490804638,73,21,0,0.6923378438558155,1
4019.4220843826215,269.2155484389251,0.1771818152375335,27,37,1,0.6182357269228937,1
244.1268932085158,162.17608594145213,0.9741891226910341,57,8,3,0.5065660798678477,0
2638.3668870875463,119.8444622166058,0.019644799253136447,47,22,1,0.5025136633172513,0
4310.011704788002,122.34704100789205,0.5779765610220224,33,39,4,0.24394453371223357,1
5385.650772905629,286.5333370699902,0.930405159011599,56,29,1,0.6651734813348238,1
1429.8733392770753,9.417330260067235,0.7416768105589928,79,11,2,0.8897963218051775,1
5990.1566342240885,46.66154918575274,0.4008517312594151,65,5,1,0.6765661193661701,1
61.77826238801199,183.22938878999818,0.23867268585770807,65,6,2,0.051558203214700726,0
2577.3445222144696,16.24592794845192,0.14828687515748762,39,33,2,0.6928656197101961,0
482.2168301548888,160.062206369391,0.9130550949876316,56,36,1,0.26672278607150224,0
3480.767388940813,260.9534096921725,0.5940265015238787,70,38,1,0.45514914141048046,0
181.09546803213743,213.7203245530623,0.6751362658292309,35,23,3,0.02727119524680599,1
5003.007045163735,231.7889654762965,0.9446812363159675,68,28,0,0.3146746191706954,1
5910.377102588033,126.48988570495835,0.8618315324062845,61,29,3,0.4779380023435268,1
120.00272757780378,242.28387817227622,0.8964588503952826,42,28,2,0.3869801793222767,0
3601.319812963392,261.8351344117161,0.35139305064715676,29,16,4,0.07062518947503282,0
690.9720785033521,161.3499419030882,0.7595585366462397,70,1,0,0.49764717754107957,0
2084.2884999902026,181.6549801552989,0.7559574088122567,51,38,4,0.39904405058817205,0
5077.3177119642305,155.12156942099878,0.803955144158904,27,4,4,0.10624093980510563,0
5872.185981905338,129.84598601547626,0.10216371327095486,48,3,2,0.48520701824448553,1
3451.095443349743,200.98434080411468,0.8360011018480069,62,4,1,0.48405215143918967,0
2825.22424169461,181.52761884564097,0.07846518101392785,70,18,3,0.3367984507817755,0
1263.4779792708416,225.10329156402068,0.3317157860660521,75,21,4,0.7814560057039398,0
2337.991975594329,231.85025405109567,0.10291224971711632,44,29,2,0.5797214377122093,1
5776.939261817407,269.0925570717572,0.32772759171546273,18,36,4,0.7207256549155432,1
5498.45808559557,202.34381107393173,0.3021470220912307,71,22,4,0.7130938987554378,0
555.5154743844258,71.23896199323241,0.40965793403795336,56,30,1,0.7210309500131369,0
5728.032185779066,113.47463238226378,0.17549631165856183,49,24,4,0.8627758247889697,0
1980.2226420016402,72.02921910731075,0.8274137058742479,42,36,3,0.37917494170188515,1
2372.7027108585826,140.8235808446548,0.6287875367798177,23,7,2,0.3949771256819119,0
3152.5082645871707,83.9829832760918,0.45081828066962204,72,27,1,0.6572094745631778,1
3884.8870452657216,291.8695519811195,0.3940563750973122,47,35,3,0.5869228575455001,1
2422.707154106777,85.29396951297193,0.5039788121245332,26,17,4,0.6481045679230407,0
2511.4752834521814,176.60871680098825,0.48524227487651594,69,4,4,0.7913776433888663,1
3103.972990678051,38.33918491188244,0.49134464106980946,44,31,1,0.9861272560375566,0
3898.6912933949893,225.08605415239126,0.21166674981340705,33,14,0,0.1369515496047451,0
5650.966349079508,139.74481385328303,0.9396731577650099,32,32,2,0.7731907358276807,1
2438.92406322474,271.7350970227333,0.3284426988332848,21,28,3,0.5415350383510801,1
4760.699589068882,62.85863215137234,0.7505115113212236,18,2,4,0.9792130552853259,0
1332.2155559398545,154.34104310097737,0.09744968524121644,37,7,0,0.18758840605307503,0
4592.666494907745,271.88657887707797,0.14971196815719223,47,22,3,2.3107463577587417e-05,1
5145.472187885995,291.27836449335524,0.6572697733929712,22,30,1,0.2335119938842697,1
416.62383186707126,168.61798848688332,0.11287604174140453,22,11,2,0.44629275432397864,0
4775.445620172814,65.55643670552796,0.6710373885468626,43,7,4,0.4462632234294718,0
3743.7894172223114,5.5308130666371085,0.113449026391085,64,36,2,0.7809024052110045,0
2895.9673910856477,258.41844077582465,0.5620770380243074,71,25,1,0.6686407544007517,1
5510.801715443842,186.08648842162032,0.5663667923880739,30,32,4,0.07201169014453157,0
3395.9398990202094,234.64266601060922,0.30451588394091555,29,17,4,0.1626755097472914,0
2578.4797908936603,128.76899984004947,0.15199131291642876,52,34,1,0.10925869272294819,0
1039.9667894369743,165.0774352443922,0.97510980779982,22,17,1,0.06753587172172981,0
1197.3458332125738,130.34439009097164,0.9521256900862303,29,28,4,0.8460707896598026,0
1120.5013223069493,191.49468991364537,0.4210420728666753,77,27,1,0.18775988452849846,0
5671.966260457043,40.877779532975346,0.9845807721236226,55,1,1,0.4985143359137172,1
1436.739331822933,49.33463920507316,0.20987923684997067,45,2,3,0.4303187935398344,0
3947.5004708848383,298.082001498902,0.9623470783169348,42,32,1,0.7858626368232987,0
2079.9734573410437,164.41705588390204,0.9480859361054763,79,28,1,0.006449175812002661,0
2938.6374708963745,94.88478619930973,0.19093394818917442,27,5,3,0.11561953489137777,1
1910.0088291832217,189.57835680810828,0.030634136260355715,28,27,1,0.11058426545063405,0
4535.21523098048,14.47758920888863,0.5553365854348022,57,8,4,0.0750406874849846,1
165.5251514723771,260.2745110913128,0.9183485307068162,50,25,1,0.9110342729509303,0
3096.1412602230494,257.1004342333433,0.43614878781744126,52,26,3,0.5163123300058263,1
2866.0324389767084,162.60455250792697,0.4316124450429656,27,28,3,0.6478206444477592,1
5795.462525103436,26.573517039888827,0.07640961007563274,24,7,2,0.21881049348245551,0
1192.456471481662,266.21520430941735,0.09610262666817515,77,9,4,0.5380591988503799,1
2139.072419272284,15.465445686890488,0.7616064372929504,25,17,3,0.7700438533299814,0
4312.125244950705,227.20811428619692,0.5884245984098125,75,7,3,0.6659093546559681,0
5469.9363299395945,71.20895210302196,0.7947977592351738,68,4,2,0.20592707726911685,1
5509.687457932281,102.0173496999845,0.08943632674088553,73,19,4,0.9244062135095893,0
969.1343736776505,231.18190546996573,0.2346248891888898,23,36,4,0.14558826451758455,1
2427.7732442761244,183.3462478896147,0.010947387291235788,55,14,3,0.7776424504650508,0
1920.6664912651456,145.42791109394474,0.01156071897575306,21,11,2,0.8586563690934949,0
5565.7652501564535,79.73379797231905,0.748754729971713,79,38,0,0.28576752659837923,0
1740.1176817097678,43.682262498650815,0.37557193384767096,64,12,3,0.4086685528525962,0
5887.741730977735,4.576895580492202,0.9699141173623526,60,14,1,0.23956744796906448,1
4177.896329068085,250.36066677173594,0.8375226511698128,52,34,2,0.9252022180672331,1
1621.8677761353383,43.277840807479585,0.35834829444016825,39,33,1,0.9725836654975777,0
1675.0166794771555,186.0054672786903,0.8785277599352743,68,13,4,0.3934061661604864,1
5075.538447101624,276.050235384787,0.11022386623114921,60,4,1,0.24268306863399114,0
4253.51510256234,179.8173728314226,0.042827289001844515,37,5,3,0.4760472377562426,0
2989.174084359443,235.39469078122866,0.807667024006571,50,28,4,0.8687041557860088,1
1584.7146434871859,202.28888229736415,0.4695124088996049,19,28,0,0.3184020957581095,0
1719.380805203122,143.7650504502811,0.016554544253967518,73,13,0,0.2014899801015917,1
1223.728288702533,69.87839080208944,0.9608288870158918,42,39,2,0.11892004386303157,0
3381.3833567875304,203.18215813586426,0.35154570129620266,59,30,4,0.4892556453971816,0
1302.0575340889338,149.90811365799152,0.4536279579583363,69,30,1,0.34697983406435196,0
4912.5373119880915,259.5401760150019,0.6430058018881784,78,2,1,0.6664167219625659,1
1259.7132017537413,294.87546459458054,0.12933840656558093,27,27,3,0.6256027256880824,0
2301.7767097493415,27.364197406278766,0.8517348971623384,32,5,4,0.46172471857813213,1
1526.2239234394374,205.7035566716885,0.9248249090048438,29,22,0,0.7660404570778055,1
2080.0811084403013,141.08542173167277,0.9203988482267078,58,18,1,0.35839556333024325,1
708.8993308432717,137.02348708541848,0.26206584619374695,54,6,1,0.10810194046162536,1
130.2325191047816,60.68356705833375,0.08338644710015042,20,3,0,0.6045987018066551,1
5280.503009517467,253.1434572318817,0.8873889923717978,58,24,3,0.8139724871811421,1
5035.244536059225,248.4029147051236,0.5604396304819272,43,38,3,0.877726310954221,1
2763.8034973887534,118.09184353036957,0.21183224115712884,32,16,0,0.1283309081153221,0
1941.4852984382992,121.63536387101631,0.6241179096275611,31,19,4,0.5488590910020308,0
5633.735013510034,239.27122083469823,0.15144187364199857,48,24,3,0.3628650019299595,0
2272.0505162022537,33.42206152475629,0.6710317569444642,41,7,1,0.6416738129276129,1
137.82399314617368,215.17813188480355,0.5151243593328289,71,16,4,0.7518378095390748,0
4388.025131932021,161.96041563704216,0.8903490649091436,44,39,3,0.4008025159273986,0
283.4523887393624,195.43915970404692,0.7543791310647174,43,30,4,0.6632461219610235,0
4792.300394033484,16.57132752413826,0.5115812310275951,24,30,0,0.06857229896136097,0
3048.5191208094593,228.26238499283843,0.7872097689188593,70,2,4,0.05463821697559401,1
736.9046916351153,191.20686773467494,0.5073434454963847,69,24,0,0.7429201596436132,0
3424.246314497201,225.80610378211742,0.18936956864114507,30,28,0,0.25671203858595193,0
5072.499407771099,171.8379567385307,0.8008498208312141,73,27,4,0.8479631084132718,1
3534.080367736331,18.70265326401953,0.431745578712864,52,21,0,0.5327679848896791,0
2955.268559192361,49.156948360199195,0.8954017426442783,19,25,1,0.35347478960722256,0
5489.044027218677,214.6495622598567,0.9908483609110484,48,24,3,0.004549111106546766,1
2787.000371513173,19.157399698164102,0.7198334170242008,45,9,3,0.451114160864705,1
140.4034227976756,73.5334689738824,0.3069590301428793,79,17,2,0.7822954674052005,0
4985.815900184284,29.805861796600997,0.27179483294040585,74,1,4,0.4466371090443251,0
4142.696715545157,265.5894628310348,0.491627007107564,58,6,2,0.8060690061168405,0
350.3024433893023,95.00158828900618,0.3675556713230167,71,36,0,0.7133671790915682,0
992.4592586524379,269.74096593552946,0.7198255577435193,46,13,2,0.9024116504238793,0
3743.648718943816,271.14598788101455,0.22774923504526867,52,28,1,0.8201404716397641,0
2875.7949520135303,202.31441193878896,0.41633179965519507,31,25,3,0.5999751303695235,0
5881.675514756803,247.32707636929268,0.3211409144950209,22,10,4,0.7936864399626378,1
2473.1005655345543,51.84090382155412,0.2084733101781313,49,22,3,0.7497228052564422,0
4150.162665981076,143.56474002131935,0.12372420329468747,31,9,0,0.12349033717400748,0
4935.59790427498,172.54861775637983,0.15785693017531277,60,12,2,0.9664118761364535,0
4603.500903618493,159.22622058448616,0.32098240903445485,51,37,3,0.45791591274460597,1
4743.928430978951,19.454824319816023,0.17504003147559677,79,22,4,0.8994346588912981,1
3272.7557823255333,183.1145376905609,0.19384056569541952,54,15,2,0.42202324636563127,1
2984.126051373272,30.525536249965533,0.9798354793682823,59,28,2,0.7965925893665502,1
5751.558642454605,15.086446343549131,0.04503960577419108,45,12,1,0.6890681308813267,1
2122.8003815368756,107.43551863142812,0.5890519005114495,51,15,2,0.9174578224226413,0
1648.1201180974501,88.03244591211511,0.9640895732946884,64,11,2,0.1915784274368706,1
135.67722373908856,55.253901829254005,0.40444757551027355,55,21,0,0.6729213070333306,0
529.043735194501,266.06149171079124,0.015763744035839578,30,17,2,0.6321047734887597,0
2665.847223232283,209.4735317706604,0.5027154927648767,38,8,2,0.032560183806712995,0
181.85930433577704,59.391887848969304,0.8880276358641993,55,39,2,0.8369907758648993,1
3345.3007338091547,63.562241265838246,0.834371926352341,49,3,2,0.3482126758566253,0
2746.941318102873,220.32170569359917,0.6366616223290287,55,36,4,0.9496944218470148,0
5135.809674110189,208.40832336201018,0.43645238437733214,70,8,3,0.6703792601247158,1
1651.754266185424,138.79399999666015,0.857419936671546,72,19,1,0.4554385751490845,0
137.32813616188585,143.71013233904358,0.577205932481143,44,32,4,0.27353984167527723,0
4566.781485179056,142.662333936587,0.2116392307501146,64,13,3,0.07603009202757727,0
5115.2190711401,34.13775330399423,0.7843759668892554,40,39,1,0.6886840510295643,1
1909.9445112657995,106.88052850060807,0.10733920680982478,72,26,0,0.0930432738486342,1
1358.0684696871217,26.141406211067007,0.038425239330115435,21,25,3,0.28998035723679516,1
5607.781350538314,177.0228392296264,0.1652044550769204,49,29,2,0.8902668665535122,1
5707.515589318467,258.3964552259746,0.277932659777156,76,27,2,0.7468911409173418,0
3126.6100928628553,227.48411466916417,0.97402577328424,38,36,1,0.2486660650750666,0
3481.909110810662,159.52284235719756,0.9652851429698218,33,1,1,0.8771773828474956,1
945.2763374999005,212.755009325394,0.3317628964483079,23,4,1,0.6356092292836301,0
982.922135935312,70.19749213110298,0.5181217521264779,36,7,1,0.07750741847829934,0
5867.9023942386775,279.1558116072295,0.661495795666318,74,17,4,0.3316559268134489,1
2734.9243491233237,62.30265279790112,0.9370917679043829,55,23,1,0.08266123887351706,1
171.4080928182568,246.0563287476746,0.15001331665384143,31,33,1,0.04742430762043903,1
5850.83372275934,80.981438342428,0.18899547233681324,21,13,3,0.9250316832370903,1
200.72856210020575,141.96600160270006,0.6080769378369932,63,23,2,0.73239077734045,0
156.45330467405668,264.28616449155277,0.7669252525132642,35,32,1,0.6189254169482726,0
2013.6955413505566,280.3657940336339,0.7141354039053385,65,22,0,0.3799840399813025,0
5729.087740236275,21.604550396732435,0.856728516722513,26,36,2,0.8576436531061119,1
4036.3742849781484,7.69367658411737,0.6654037904294144,22,28,4,0.7234769889300869,1
596.0283712433018,77.93433587231962,0.7704357665039876,69,18,2,0.3007943280880393,0
2434.5990294539793,285.2281095767779,0.4217240657709358,22,30,3,0.32762657190347044,0
331.3834437623637,206.7434394201277,0.775702844162803,51,6,3,0.716116186594836,0
4176.150390989907,70.5775708262203,0.27685119893752774,64,25,4,0.2694280020671115,0
5782.199331123541,123.13489853334875,0.16666267397609558,41,20,3,0.5306782816665743,1
2122.6114031897423,249.11080723333808,0.592533790289434,71,11,4,0.9458967105198813,1
4878.351713657238,159.6921704222758,0.8586730354549266,41,8,4,0.4928523416979812,0
2505.4316973537134,91.23743697135872,0.5193418427011776,34,35,1,0.365422799181331,1
4034.739869917483,104.65818973513235,0.5567857951218759,27,4,4,0.3110884166782224,1
4295.657389648338,30.700326370181962,0.33075145772890036,32,13,3,0.378344037606427,1
4097.60376568376,172.68183083390295,0.2982104893166171,59,23,3,0.990939021242705,0
5916.418694999625,191.8297709288718,0.8572748216666924,27,15,0,0.3697553842478922,1
3078.3037529863086,74.74162512880446,0.1698280396859848,62,38,1,0.954676421678055,0
1131.7127505042554,268.32296230258044,0.08279619789591897,50,17,0,0.5201602533124463,0
5412.993222150044,165.238332512387,0.04684039607533419,23,1,4,0.6237040488693608,1
1804.4496696813712,17.72986674737934,0.1775052916736356,72,18,2,0.17960331073545877,0
5729.850485086221,93.84669453604285,0.5193604134387582,33,35,1,0.2367958342920653,0
3618.8517516702395,135.56734487851577,0.7312343725689793,20,13,0,0.9781533194259637,0
1128.172340314891,35.24581810927248,0.0062724812143291064,76,6,1,0.6652132446547796,0
3038.6233420338585,172.1512049628554,0.6982799893143705,27,2,2,0.15073670285781493,1
2053.5732731897606,246.760599769838,0.15582156368817357,27,23,1,0.19848534534542717,0
3313.2335384967864,137.88213836642217,0.9672901590713137,48,1,4,0.7314158356385645,1
2187.8151737717603,142.06955950208487,0.5356290670802036,53,16,0,0.1840085025340349,0
175.49810966571866,69.67048423444037,0.4514636588135178,70,8,4,0.5513262522894177,0
3110.3644894097506,207.34590252582134,0.23543613703636712,33,5,3,0.47357145527470434,0
396.6393948618079,24.65246939994441,0.390911242625238,78,26,3,0.2665256091837761,0
3561.9876204832954,205.90287555834422,0.9561712188986117,34,12,1,0.6856620062399127,1
4019.42044246685,227.10990858294164,0.9275423018040575,58,34,1,0.995579366657189,0
4370.2396156486975,0.8402840898585784,0.6018487246454979,72,33,1,0.6782061234949253,1
5768.096213144253,252.74548384346173,0.4069295418054403,36,25,3,0.22529186754863906,0
1138.0425182454335,259.15428486266137,0.04781358811280545,76,15,0,0.7743127533850814,0
5354.280316944596,56.03526484325185,0.30133231334627086,30,2,4,0.919882468194599,1
518.7988967265305,235.58072463742846,0.7537249274801219,54,35,1,0.46442100679481935,0
1375.3899772170603,126.62419526103807,0.8749006551432575,50,26,4,0.3862695863881651,0
2629.007882930249,69.39812529892824,0.684008755167208,64,18,2,0.029497703117182472,0
4572.8680041646385,98.22648448793136,0.9447825373051997,35,2,0,0.6535380463418512,0
867.273846891256,224.82938329279906,0.05227289198860352,24,4,3,0.5700631269348495,0
1534.6428438414055,42.6941155648245,0.7881354518777495,62,32,3,0.3939804785101254,0
1175.5011044423118,141.11047039235572,0.5641395816199628,65,8,2,0.6903582830234908,0
4505.639874658842,52.64166560830048,0.9935983722408941,78,30,1,0.6632464594931735,1
3474.776068288328,22.00798290182232,0.6292900657078219,64,35,2,0.4904921074347891,0
3606.4803577733132,264.16996989825054,0.18268492480755072,22,10,3,0.2527465742981886,1
1730.266272206735,79.4746814693772,0.6754127245687092,71,3,2,0.590875923594496,0
997.7791820282958,209.3844576465659,0.3025681583279928,48,32,2,0.5003417664251176,0
2506.3436767942817,80.66348176414344,0.7220665859305908,55,16,1,0.4951622257125321,1
127.76929214041674,136.3240726354985,0.8979352819527111,23,9,0,0.14059714244136834,0
1113.6095000103633,217.9865479222201,0.5102302346632323,60,6,0,0.36375849341219624,0
5148.193838166537,267.634346369689,0.8948092404545469,57,26,3,0.2251322945672536,1
1217.7351696378162,264.62731700523597,0.13901343818313794,55,27,2,0.6916340815232654,1
1692.16955630276,268.1615855939545,0.06683565543934677,39,9,4,0.4232633485238917,0
1168.2841958676936,242.4797695050823,0.33941952893328764,69,16,3,0.9812614463446738,0
3408.785347180091,266.57066101560105,0.878349417290862,72,21,1,0.5074191984563983,1
114.05694157600942,230.31649629441614,0.984793493238274,53,23,3,0.856322898046608,0
1751.901572198321,64.32845252463876,0.976526696900891,51,39,3,0.22857830562621229,0
3070.5728078198135,288.82467689250916,0.4106405380785636,42,25,1,0.043486188202376375,1
402.3230838326891,63.3883598762094,0.06130123342812133,52,12,3,0.8686443254478725,0
1328.5267673137423,60.53182250298189,0.6383003363493972,41,19,0,0.2700135067583813,0
4250.4442799621365,66.05305773204086,0.6484430121896628,52,34,4,0.47689675207775317,0
5573.417510772222,198.94916564815728,0.3729548069936931,67,7,2,0.5240834803184933,0
2510.693832373936,297.0490903897754,0.1962483717039023,32,28,1,0.46025460977429633,0
5030.203246261166,257.5622745145584,0.6429498478193222,55,8,3,0.49747725108897,1
3874.405624871949,116.64973569423223,0.06770810187819898,29,26,4,0.2113766023208915,0
4813.526324781233,285.4185787573873,0.38515019117264204,45,9,2,0.3074007712320339,0
2525.018669681102,176.69147085264606,0.06979860132609261,37,11,3,0.6342193002598743,1
4137.379515301273,138.03630293714747,0.2941525060156924,74,32,4,0.6538544785999174,0
2639.7487400932678,187.8002554094692,0.8059006172499619,79,14,3,0.1568540534350492,0
3774.9583841887156,53.30071095159749,0.64657733997448,59,33,1,0.5087278442896375,0
3956.377889350436,163.05276577522412,0.09676938831456294,55,39,3,0.48138610580812047,1
5799.385188988601,89.3100075974804,0.73162273236853,18,39,2,0.6864934016324807,1
5004.796819557296,286.21654990271304,0.19023057697553425,24,38,3,0.6494876260781487,1
2697.8247618696396,267.76043899826504,0.5917710622751892,62,20,3,0.6124343897435689,0
1700.765758970112,31.62971553830698,0.0187305952570751,47,21,1,0.5940891824510641,0
5387.099528735844,7.138181419164324,0.12300414944927107,52,19,4,0.06640675129869222,0
5926.9855886537225,164.51764306239076,0.08979705746527478,56,31,3,0.9619928024326766,1
4089.2771555373033,207.29265265402805,0.7321863172820318,30,38,4,0.21209137051340488,1
898.2437561396093,117.99412748857085,0.28883573804976026,78,29,4,0.5517755880692453,0
2356.805023691167,289.5869881243848,0.16281853989850348,18,32,2,0.3788764259838451,0
805.4475580325606,298.0253863513945,0.4809712256115839,50,3,2,0.5815390877004716,0
5316.592408168895,221.351414374186,0.03906825763604027,67,24,1,0.473998697561257,1
3100.302196335166,166.2845289951285,0.26794967790245117,50,28,1,0.8684498336144126,1
2917.238396928484,197.21219645281067,0.5492510816593176,38,20,0,0.18936937111565788,1
2325.41764974802,230.5658219400886,0.734835059212224,47,20,2,0.1124836849458265,1
831.8935169891437,269.2152081519897,0.5864168004356266,21,23,0,0.4690792074510671,0
1861.1419153408356,167.03097675994852,0.7206277238929243,29,33,0,0.24234629903049554,0
1997.8543980891413,155.77875154094622,0.7991226557826007,37,27,4,0.2250579191200356,1
999.8051019441606,187.40123042825186,0.6676928190275678,33,25,3,0.5519342201393238,0
3695.2781527408533,153.0327147332593,0.41356427633895254,63,39,4,0.11982558385850783,1
4649.992964909441,223.84650809738312,0.989692458585349,26,27,1,0.9138422130122438,0
4278.397523359523,6.923889402469497,0.5242011751446674,69,31,3,0.45168203637797466,1
2683.1487063817262,60.86190090013353,0.43801875951298297,74,12,2,0.44067925602960956,0
2112.282352121491,115.43044385774161,0.8634347238769455,46,7,3,0.3799302887608452,1
5791.214438531818,58.1061901793077,0.1835308385161647,20,38,0,0.06637296210219079,0
3003.4627208390525,167.20678776040228,0.6352162779318987,41,6,3,0.05540889021472384,1
247.59058853613118,243.9362452963223,0.5124316654610342,19,28,2,0.4349466171946752,1
172.3390676332575,256.9644585582827,0.09207537292574397,51,18,4,0.7014553523110779,0
1368.9269813710819,46.54703313092439,0.3065210662070764,39,13,2,0.4094128931182487,0
5819.50249938393,273.51752822579624,0.5057220297928279,19,30,4,0.11450219030301212,1
342.1328033867539,130.9116528165792,0.4534653445059935,30,2,3,0.1480177076901823,1
2299.2731720810757,189.54185154136377,0.7544964124595875,34,34,0,0.031513897971223725,0
2646.1810319345973,271.6016335412229,0.5644676225471907,30,37,3,0.5296859319212529,0
5019.265860217402,181.6447263510709,0.07375649809440887,55,10,0,0.19764613296055145,1
2375.3737120113733,10.212394666708935,0.578570054813403,78,22,2,0.3383283796986444,0
2024.946808668838,257.16157439818187,0.3929690818724577,75,32,2,0.9524357071997407,0
4168.658139640248,274.67649333764837,0.32639428270939075,24,23,2,0.37416895656459526,1
1133.1893132938312,299.8646232379732,0.05210889643651895,77,12,4,0.5853034501170413,0
4531.494325000122,62.89225632460839,0.21688075801491646,38,2,3,0.39625340772611595,1
2057.193757011959,96.80192236503275,0.31636923623882696,68,35,4,0.963470075179396,0
3556.4086903258235,215.72429372466462,0.271881772046627,68,24,1,0.8002118299267421,0
4778.347247217005,22.6252336448144,0.5465925291951804,71,21,0,0.8372124380645856,1
403.50673036549074,262.9165490995132,0.9211854235761382,27,5,4,0.7521978004464491,1
1595.236947397264,47.79235512949812,0.5744803141007968,35,26,4,0.5047704933990594,0
174.79069681637682,113.46707349801132,0.3396674973702749,21,7,2,0.2979410891909702,0
1605.6895632542723,117.89869787830956,0.6879629767408528,44,31,3,0.0969340022357279,0
4744.351142077204,256.8634524147425,0.9597279808756916,30,18,1,0.3199120011866521,1
4598.63851288332,64.10498826528183,0.7889050239543216,58,24,1,0.1288454835715288,0
2151.183734684496,17.074772946479232,0.8798885595383198,77,1,0,0.16024090112572742,1
3323.616182416928,104.08654071125301,0.7373865892595193,78,25,3,0.08261940581536031,0
1474.8359431272818,263.7458361940086,0.18556390785065002,37,14,1,0.9988016180211484,0
2639.6703027494955,292.56804339673926,0.853205075120202,35,3,1,0.399095373310268,1
2214.9786478309993,112.62451520728722,0.33423231881078697,53,9,1,0.4317841546915052,1
3706.3865829732213,157.93875760156902,0.8483023904294544,42,39,1,0.9413394943727256,0
291.73902945645364,271.58053496720106,0.5728723024263974,77,4,4,0.09207219619916451,0
19.15244945289171,182.63058763610914,0.15981186108423584,60,10,2,0.5971485444189458,0
1486.586876324526,52.41767215849903,0.2644440709795727,65,30,2,0.9708733220898665,0
3498.9113175442662,194.51426866563025,0.04764530522697241,79,14,0,0.920392455039325,0
4421.022616120306,196.2544709387655,0.2686574190833856,66,38,3,0.39629144264519434,1
4944.935787697775,297.34163495357774,0.6953632173480863,36,25,0,0.27727030070255787,0
5960.683485774187,4.716987315312194,0.2291676066050098,23,24,3,0.8413135831032341,1
402.514554911984,68.30333470198934,0.2858050108366371,58,26,3,0.03327741340924062,0
3032.1589030523455,3.2666812491112696,0.7817540050332652,23,28,4,0.01809830782608901,0
3439.431135960999,27.859233343496747,0.6686780959545356,72,23,1,0.10997966549144267,1
4490.256168267161,77.9173114673087,0.319180137392691,57,6,1,0.13357619965575185,1
818.9858490625488,57.931142265843825,0.24559212559991184,62,29,1,0.2529719111518427,0
516.7927407902891,94.4578792663081,0.673458149506975,66,9,3,0.7211923231514415,0
2025.6409783970105,3.946551929673703,0.3731560378295665,45,26,3,0.15635040463292116,0
5745.893468309302,23.55392319818033,0.799753467736733,47,29,1,0.441893120921346,1
2684.440639688849,0.760666491629769,0.4039576786407486,60,4,3,0.7561512945316563,0
3178.2672082295035,189.24898987614145,0.9029886925243734,34,2,4,0.45841125120585324,0
2647.3239995298095,206.42635477857638,0.2013543247218984,29,33,0,0.849179298053668,0
4134.521347613637,25.31269297110509,0.260014319563896,58,23,0,0.7372850283787352,0
4808.778842385273,92.35984225223586,0.06699520366675138,28,24,2,0.6580737395134186,1
4460.202609246784,129.05060063795858,0.31402009359326744,28,9,2,0.9307472327107215,0
1848.541672799147,189.67440841016523,0.03398055801726141,78,6,3,0.949911475358825,0
2172.2190596636096,253.33118803144492,0.6448760278316605,73,2,0,0.68297302906113,1
4610.614361586776,191.42393609111775,0.9983068801387651,45,32,2,0.11801432426245129,0
3235.750817743006,263.7700828652827,0.9406874452727233,36,10,2,0.24253368470547976,0
3271.8530799836326,93.76263221239832,0.16931154296188644,26,21,3,0.4157136543820644,0
2963.7545717678213,137.39773451445595,0.11984602494278296,74,27,2,0.6535097468219951,0
1147.0409018877056,243.40701825190067,0.708936375369309,28,3,0,0.4698040049746872,0
949.6066401189935,210.41022742694005,0.4840220554298459,53,19,0,0.9366522875562328,0
5779.246385340526,123.61391546474813,0.7449045402511644,23,6,4,0.22611986805645867,1
3445.6571391742173,162.76075583796523,0.59495281643555,43,30,2,0.9632983807450659,0
5063.07674309548,27.750361021923098,0.9028163056294269,51,14,3,0.19528480508956803,0
1166.214822140548,203.16917465834555,0.08947415037253426,25,27,4,0.006244576879500752,0
5690.984275804663,290.96129842600163,0.9994514675756887,25,8,1,0.8479911455733679,0
2341.5436723572134,102.986568373894,0.640503057417182,68,5,0,0.49341532368243557,1
4247.7392566028275,257.641819026436,0.28120834687064533,71,17,2,0.6581640726071283,0
1671.5002109941786,30.341456916431387,0.683299974881132,78,7,4,0.8559524971828444,1
946.9229795298539,237.0685823667752,0.5576342682443572,33,2,4,0.48869078547138556,0
4703.67360728201,207.68676979123546,0.7719799952283899,59,22,1,0.7141544423496271,1
2497.9390471255956,247.56492593475693,0.14698224172173358,35,32,0,0.01578574716531278,1
5969.112064627268,149.05680831360678,0.2232853291487673,61,21,1,0.9755346875732086,1
4678.151876428399,294.2657929260446,0.43727689016453497,20,29,2,0.7496808038682342,0
5845.898353365494,205.24665860425708,0.3360593492469198,75,24,4,0.5947466623835923,0
2902.1337024757536,103.78958877786312,0.5045193834774473,79,32,4,0.12281517162901345,1
4766.725372477733,82.54498371236903,0.0618758842592394,65,18,0,0.9469974962276254,1
73.97256932239836,86.6042632338366,0.18025337695212318,36,14,1,0.4181095434684041,0
1804.7444692499032,250.76706093103397,0.28390245380027934,65,31,2,0.6532441463645744,0
5825.988273882119,82.62199558908534,0.5946929131730493,44,21,1,0.37969993280660463,0
2215.2464252324635,264.90924800351024,0.9933371695268239,21,28,4,0.9541823538862738,0
722.795292894686,9.985564875209674,0.8993303454429195,68,38,1,0.279692372087742,0
1501.012087109424,293.3149976210105,0.45662312681365247,30,33,0,0.1396088154166223,0
5532.266433194937,157.54437266060418,0.06764817689979641,35,21,3,0.930350608229629,1
3788.2176273153336,49.60961978444233,0.9029177582175782,25,21,2,0.7376160214295898,0
5418.197770609574,126.56920865865364,0.672145146923388,70,18,3,0.48733365505424453,0
4308.862009591704,273.30833138897646,0.6052166122948233,19,28,4,0.22247152016202298,0
326.33280868260516,238.4892118469767,0.35456927861611787,18,11,4,0.6489180004909336,1
4591.978119541155,71.14257230792292,0.40745380385394914,32,39,2,0.993677979605058,0
5557.187446867461,148.08807488627488,0.4464214237031999,73,37,2,0.14569912766738846,1
3818.697480034028,20.418069909789494,0.4226253234623053,36,23,4,0.9411814079297944,0
4747.939486144334,32.798382660406965,0.4489419161755215,51,7,3,0.963552610937111,1
3992.1881359962936,296.3083375922366,0.7085360774395582,39,6,3,0.9715500298269723,1
2212.77431870004,183.88262625189316,0.8130715261421985,59,20,4,0.08217094945745129,0
1227.1780771995927,14.852321701275361,0.7677482261560946,19,27,4,0.6746432229992971,0
3695.7021454138494,39.44045678663933,0.7076889280483205,60,31,4,0.7834660736841449,1
572.6559359502183,164.1844369719405,0.3646760549370559,21,1,0,0.18503158897374605,0
2223.270285052167,239.77321805687234,0.04425193305599695,44,28,3,0.5635258119833,1
845.6563640262357,231.15781542151308,0.6725467797808348,79,19,4,0.2569052030923049,0
1648.0974215141032,155.02247755397377,0.5339417685617242,41,16,1,0.8788614100906713,1
3953.403379845006,218.34618118388974,0.6387600873116331,73,17,3,0.9290042440579436,0
1838.3981033467046,162.2650186173428,0.06007411042212174,51,21,3,0.05319183865849786,0
1121.566203962899,24.479571160069437,0.8774675218298829,64,31,4,0.903383821341457,0
525.6586361812637,93.86636254718297,0.1307190461490707,29,19,2,0.24671493872136951,0
5067.923346995922,8.841904835391079,0.42927864437741625,41,19,3,0.20062871280464323,1
1300.4949208517296,173.9433117223316,0.8891396704911035,22,37,2,0.5072198569614343,0
3739.80281253275,147.62680755386089,0.24370840827612394,30,9,3,0.20083563556123174,1
5287.524737867227,195.62727530754222,0.49144700148468423,49,27,1,0.7424891138968266,1
4599.626588863093,249.2533246011281,0.219898683107001,60,26,2,0.4916893929162208,0
4894.925027044487,262.2691912245185,0.8973039322651368,67,20,1,0.6727559546385123,1
4373.72977144481,47.891658309144894,0.17266980512324492,76,3,3,0.1957600776934354,1
2093.1580059887506,197.2964404317151,0.24257261450513223,35,35,2,0.2225407406377159,0
3946.8466998253543,192.0154401688802,0.18668647083874312,53,12,4,0.6140026327136086,0
806.1275198345929,293.83514620990627,0.8992178112998985,42,16,1,0.31316795506595063,1
4276.412590203431,61.29912130194206,0.12076051595537096,43,32,2,0.4107102907580552,0
4867.004616810837,68.78447254754697,0.6243263949277474,30,23,1,0.29921828773268366,0
3357.7011239029584,112.15196415638734,0.6423803902382836,35,9,2,0.5108861205438323,1
4252.617086327109,34.79767581975537,0.012897851936559901,46,32,4,0.06033035405059661,1
4728.613646118028,144.6511025650106,0.8655301718470478,35,32,3,0.6169944809493653,1
5969.445454828833,247.54896254330166,0.9993016374667537,44,1,3,0.1675554861845111,1
3721.511158619176,88.76081306697307,0.5411237045129107,31,37,0,0.377802107752518,1
4316.362895772516,19.784736913032376,0.16189436555319991,41,36,2,0.4169625324305182,0
399.5211842632062,299.81347356271266,0.457604960044502,34,19,2,0.28304752416247847,0
5016.958125260227,175.3796168550672,0.6726728829042063,78,13,1,0.29974944093449374,0
4139.904969720383,238.0989651470286,0.9267480347926996,59,27,3,0.2391883137794828,0
3768.29362052428,49.68359639781848,0.7010544156567197,44,14,1,0.35976051188614244,0
2939.0311622532367,265.459641965717,0.2525107563245267,77,27,3,0.9968667642273532,1
3293.5890615535463,153.90894039517408,0.34905334309220837,18,6,4,0.2638239401984215,0
4014.9958976873527,8.849840465176339,0.4281454461871391,26,7,2,0.6105928256025239,1
4629.949827292799,113.23956159050631,0.011062431250518312,79,32,3,0.5449199901042542,0
3877.111186387799,144.67617962470837,0.8158563451130101,26,37,4,0.6196144536750605,0
4550.948681537926,78.22182742456562,0.9119232369244108,38,19,2,0.4025112786071712,0
417.33376115932134,99.36475655658576,0.6322158050078586,53,26,2,0.634717079017642,0
571.3165517496826,115.96144723601222,0.33902353996268786,22,21,2,0.8020563633995741,0
4594.685728307234,67.81344447018493,0.8417029156151395,57,26,4,0.9853559322194533,1
3853.2754058269416,94.1870212840357,0.21627796908025343,73,18,1,0.9547151367228018,0
851.5400714588043,112.84976396949719,0.3184221138390799,74,30,1,0.10748766736566606,0
1857.6660267887853,39.41317110257998,0.5828736480728257,48,11,1,0.9083505156959607,0
4434.5946011201995,78.27229276679579,0.8841557797920507,61,19,3,0.8410952128876148,1
1507.2780385661856,109.54545171674197,0.6024673247892922,74,34,1,0.5630916859155516,0
4335.736825381493,156.75676163829493,0.9087062205640026,71,4,2,0.9632365253599592,1
2674.476711695353,179.23510424301463,0.7385545650537931,58,27,0,0.08778163281715345,1
3457.434526379807,294.91034580371996,0.839294780154364,67,24,1,0.9826549657067797,0
4880.391831704702,222.72630372896253,0.4188044441921416,49,23,1,0.7086492788857758,0
5256.253377869675,282.00370318936405,0.5730060452982656,44,10,1,0.5988635976902964,0
2568.6914589997714,230.2727665722829,0.1832654629363557,49,25,3,0.5402284477177446,0
2241.1137028571097,20.34590862062323,0.9303648242961104,51,34,3,0.27752099554594156,1
1001.8957323960674,178.24862562744931,0.39879035501601623,37,6,0,0.6095538496660642,0
4515.218079679054,71.25066694178194,0.6765352722305888,32,32,2,0.6740170741813781,1
2970.79225570177,106.65849873050006,0.3438086914426305,65,10,3,0.4373685245736155,1
1848.6951906294385,18.706979827936898,0.30958826679121176,74,20,0,0.5385385231957867,0
3039.266434156627,133.15789957198479,0.6337691780635787,18,13,1,0.669826605462279,0
4799.588754069753,175.28865904916603,0.10434240264071715,52,32,1,0.9292396598293504,1
1279.2964775992305,250.27924872222655,0.3241018346601,53,2,0,0.37556572889094764,0
1590.5826044537655,35.39409137648107,0.3865121442741818,32,21,1,0.29994936008626916,0
954.1750584964171,273.6296989704404,0.904009270084621,68,5,0,0.5832832883828206,0
5958.920921370647,164.5940184645702,0.19032593142150278,79,12,0,0.15691167755710467,1
1660.5190904625997,283.33953054817476,0.39811570360701487,63,37,1,0.6678681781590867,1
2643.0427434142125,88.71366508222454,0.25323460627669825,40,11,2,0.39880856959779665,1
1781.0426153714734,31.218382942273138,0.734950165227503,31,2,2,0.2590631881617169,1
3478.309359378232,18.39076077886428,0.6216955973177865,35,31,4,0.2508723603807834,1
574.7255496281205,66.858733185535,0.7186916645183622,74,32,2,0.7202090763305816,0
4598.968904540852,295.3720297465365,0.36958239227382383,27,20,2,0.3914683788194775,0
593.4899232760124,251.67332665396353,0.6438545606520404,34,27,4,0.3186427478048459,0
414.6474716909701,93.59924518048399,0.40195393027093096,29,9,3,0.648359323691704,0
5548.37228943712,167.07869156662906,0.29170610070226166,51,9,2,0.5840895380407883,0
3882.5573913311946,12.635759907365006,0.8615894764870901,68,28,0,0.1274293011020975,1
4851.170197675759,134.25932416657528,0.9370724918585454,31,7,4,0.8749962876647318,0
5660.470154067015,206.6309888598601,0.41685511848398205,42,25,3,0.8867529579708178,0
3215.272959807057,156.21949080764787,0.4795090938643334,35,4,2,0.07917519925359384,0
5263.874727344798,214.76886420871477,0.6299279357845811,55,21,1,0.3841193341582414,0
860.2897813537643,267.0766185805441,0.2970867711384929,72,1,1,0.09109854360034231,0
2278.492415561851,127.49321906319062,0.23470666656284522,66,39,0,0.29027102187773024,0
3719.5975579688693,88.25260833123873,0.19622224684247858,76,33,3,0.7931196480405064,0
475.83401743212454,183.98008477185107,0.9777981971364381,44,5,0,0.8093446220080692,1
3831.190454146846,5.409960043675688,0.5393316117059936,29,11,4,0.38543254321561726,1
5909.036778181713,5.800399890031683,0.21836073615035645,18,26,3,0.6756673730604367,1
3748.6776492259883,196.60981194691843,0.16998487268000018,42,10,0,0.9098426643164274,0
382.3038097383521,84.74119998293155,0.7516374150550112,79,3,4,0.5376356956935919,0
4738.148242487535,38.95760420684851,0.6920181462255127,44,21,3,0.740199316481854,0
925.211788775391,248.45459352547635,0.71812008125523,64,27,4,0.14504227096964284,1
5163.329120869305,13.269980083390642,0.7720022583196751,67,7,4,0.546385390026025,1
255.1945548610252,285.8346879225743,0.27470724497487986,59,14,2,0.7400893371875469,0
2598.854125137432,62.457081547704654,0.1804540651897285,64,21,4,0.802649066742364,1
3264.018076743689,134.0238083774644,0.3457640931391236,66,19,3,0.3555086681563673,1
1647.5805173551848,262.38678539198196,0.4670774332091888,26,4,3,0.38101629688350924,1
5302.565291467416,224.35840319546813,0.36640083609081553,56,25,0,0.6277960265413076,1
2257.3212144067434,30.254255140650564,0.18163326889925024,47,13,4,0.9115088911907153,1
1665.592421253895,59.11329802979122,0.9784587234690936,64,14,0,0.32507107118210143,0
1320.5747853821774,205.36997568634658,0.8309151547069336,30,33,1,0.8931092158120024,0
4042.036811463335,214.1699116651655,0.9954929358333096,61,20,3,0.906574553386009,1
2813.8497004474925,17.251749788249093,0.3327014875654355,33,38,0,0.9463350152249621,0
4343.053709256564,131.45160500529417,0.32953641672391787,29,12,2,0.9487597859146624,1
3220.7914767861225,248.31199973740863,0.7384477999914837,68,1,2,0.763092634056432,1
5366.003590159854,186.5251159203065,0.7233436794686148,33,15,2,0.6261944571191418,1
631.3336608841462,145.6763596015893,0.6025769811824625,70,28,1,0.31911064741671136,0
607.4207712298763,156.28573497949134,0.006623862724343232,46,28,3,0.4658714343601106,0
3407.028278168797,31.16067631384013,0.9652405078410505,49,28,0,0.5706126251478695,0
2125.7202415189176,165.98540105252283,0.4348272906007219,25,29,3,0.037826790715677405,0
2149.4824512734294,295.83283347508296,0.4032188549186845,72,7,0,0.2900963793244532,0
5461.311569784247,154.33718813492595,0.7106685880239156,76,4,4,0.7834832132117364,0
2060.319407079375,125.87437596752554,0.41929326225882935,55,28,3,0.5796640462302057,0
4177.014779780125,127.02413427122067,0.8926697873985564,51,27,1,0.04979994044741487,0
4600.202497004566,9.486942334717519,0.47550291960091273,33,20,1,0.7452326839366624,1
3119.242566202572,282.7226747911974,0.21915255853638027,68,29,2,0.005671989718024628,0
5518.782475572014,22.08745623332147,0.3445713712216826,47,7,1,0.6359201033503059,1
2130.8399288942815,211.06628196158692,0.7757845404234627,75,11,1,0.9144953640715672,1
5459.291220752709,106.63094744881909,0.24937614325113922,38,34,0,0.025632395144556064,1
4483.210323288991,174.8174119828128,0.625252333321529,54,25,0,0.3608509342308467,1
2724.262351854661,240.00822007142688,0.17358581712753085,42,5,4,0.9241083095069816,1
286.91038270858826,205.0298593681025,0.7323003434009457,61,33,3,0.8860887928883296,0
2312.8385150124973,137.68250990073687,0.5089089484796694,28,20,3,0.010109856358930136,0
786.7589702387962,200.87065218872308,0.9272826870776338,37,27,3,0.9268180023687006,0
3946.8018078021123,219.3138649500085,0.8108079989447762,35,8,3,0.9405745457381376,1
4431.746884938549,76.96738894672266,0.6198239498527718,74,13,4,0.925044085241167,1
5830.781776326835,241.16378368776725,0.5576848463614172,51,15,4,0.726873510650287,1
1113.9011282440829,99.87328232874916,0.5536686858592462,28,11,1,0.8297802833320034,0
1088.6748922539264,299.2682105086259,0.41160934921200965,70,18,1,0.08693582931182575,0
5981.466974524669,8.823792331420922,0.26064218103494785,78,32,2,0.7861113592422201,0
5000.946064048997,248.18519325947375,0.008767599609148302,78,10,3,0.6976960944205641,0
5221.994824550218,220.76513322505795,0.0402975211006108,68,18,4,0.7790565912038405,1
3090.9362674393483,118.42614892581148,0.35175092242391404,28,3,1,0.9654271173810763,0
3490.333699478046,63.97388780074012,0.5025371025317106,29,32,3,0.3490539386643805,0
607.6769843873616,11.96918744813702,0.30380389745103953,45,33,3,0.4401049854994431,0
3363.4832609455684,98.32665021279368,0.2462312394905577,46,9,4,0.07080148422439514,1
1545.163998070759,228.22409461344938,0.3253477097727241,68,5,1,0.12880891394833927,0
868.7084899620694,209.90049631016475,0.704066278867726,20,20,3,0.7020856847230801,1
3185.2230022832605,123.0604558095504,0.9559519411738059,60,17,1,0.33252079267558865,1
1797.6623546227231,140.66043337397616,0.8971505168756186,41,5,1,0.26571706496384806,0
1514.8427962576122,233.72900598753066,0.666392438607489,75,38,2,0.845615973259605,0
2711.3431304073306,239.66049021561855,0.19557544811420347,53,13,1,0.20906061673787069,1
4191.286826932146,236.390008881788,0.6327947002763225,40,1,4,0.6684263983393635,1
2336.9900537231583,99.65764417029676,0.6980193773323652,74,15,1,0.9598311950240166,0
523.9839851064329,275.945747653036,0.15324035908005973,73,1,4,0.6133969363335555,0
987.9742527588071,289.2889884633322,0.25754257718441975,43,20,1,0.01840230677402066,0
1732.4038782377602,94.14332419286183,0.17822934990779005,65,13,4,0.7471113129247443,0
3082.0960100817474,264.8447032211884,0.610845938456917,70,22,3,0.7610679977126232,1
3933.6009491957298,255.5683058045697,0.7858859658811485,49,28,3,0.7100472523345932,1
1101.9096951826511,170.2362599347503,0.2323736894283157,55,3,0,0.9665606174389219,1
3525.9616001040076,64.55122768227233,0.07517967818763671,42,1,1,0.29917619260574746,0
5643.6578233555865,164.9689863423656,0.3528645556935792,33,21,1,0.969837680182962,1
3713.5669617834183,217.1103640002589,0.4854841187224094,42,39,2,0.4034164383282608,0
4002.051426333177,111.07297087497652,0.4406966074794145,72,39,0,0.5277312172689086,0
2880.7823183897945,223.44852753922456,0.24460948585383446,27,39,2,0.10608104976452948,0
4163.501131690057,41.1647748528591,0.785983846733375,44,8,4,0.6836408268176366,1
3658.249277103582,166.93060800610883,0.6586319462721942,66,8,1,0.0883930100873267,0
2433.7716151498526,28.847355057389755,0.17293113357281098,34,13,0,0.8422402090688632,0
4867.916574432997,84.99199921014666,0.8991394184442034,22,35,4,0.3401820470601379,1
5714.355401092279,114.16332792352331,0.19743205865553748,31,39,3,0.9821902856789472,1
4600.571423873788,83.91646708746163,0.9146380070188349,52,6,1,0.11226549481281989,0
1133.043863630537,141.99502353255426,0.478535226135971,78,29,2,0.8290836227047684,0
3855.3253524305464,43.45244399077174,0.4381987362656168,45,15,0,0.6884891075512004,1
2871.673577452095,260.0814245885113,0.973299284433225,22,24,3,0.17943219704648816,1
1226.1157603158633,105.93999705696301,0.707647385515993,58,3,4,0.4785714207211166,0
3324.667409139239,99.6916629323406,0.1789084320125075,45,3,2,0.5069469524977219,1
2549.4618635660527,105.5844318671892,0.5312731949987407,64,38,0,0.8053179681725333,0
162.35313472803927,283.69973555938003,0.3902737782459673,67,24,3,0.08183151622854024,0
393.2921945459773,211.76438629281233,0.4036640634404971,59,8,4,0.7860417112739903,0
4154.8102109331285,105.35614632562937,0.32770677619187405,61,36,4,0.9123127002196347,0
4688.71046691971,138.56183304036696,0.27950421552395666,54,25,4,0.2930934473260647,0
17.129350028968787,131.290921346145,0.4394479849296211,44,39,0,0.8562776304562528,0
1049.2253352944717,63.58778513111989,0.648355610924209,57,22,3,0.8301448974469002,0
4598.989347151796,158.9857621218976,0.15948792236622134,42,16,3,0.5646440694505891,0
5309.840598411787,138.6327151020644,0.4032323856696949,74,23,1,0.28080582027200585,1
837.4193754169474,76.2886161161943,0.7565783410005323,33,8,4,0.2300874325414567,0
5184.1233980612105,78.53362412323828,0.3204582694308359,79,4,1,0.08944798826562872,1
1902.285537684545,112.43774889314638,0.5249832339996688,39,36,2,0.3697145271274017,0
5192.329730612312,96.18360094327673,0.3992451715849268,69,27,2,0.48206749776447266,1
1671.8498103259478,211.62523436471528,0.7121072894578003,43,17,3,0.1127957858604729,0
2858.1398680537563,42.99564080964085,0.47695571604836084,46,16,2,0.4588745121936787,1
1703.3764520759664,230.4223339670822,0.91135623696075,27,38,3,0.4990022022482121,1
4106.010200500198,108.60161696635078,0.103483619469666,63,5,0,0.37226183766230025,0
452.268410377121,194.77193604971987,0.06492199850742608,54,7,2,0.14809229457880801,0
2451.1718230284987,209.4080760552554,0.7946667600705114,25,11,4,0.04992560328577367,0
5751.444540906559,245.3390028255132,0.6737970289875302,23,14,0,0.6956295770149239,1
2628.207442605933,21.199332154813643,0.2841506109328453,37,4,2,0.16383268613513124,0
5670.231666919966,80.24795292245255,0.3175306658448418,34,3,2,0.15027779128287755,1
2501.367359537121,170.52740436689248,0.8573299850627709,26,24,3,0.9811556531388235,1
1982.7116579213407,28.859116043460453,0.24789058769822891,64,6,0,0.8122515733803878,0
1306.6539693234438,30.341817637717227,0.13342900827894577,27,35,1,0.9155995217803812,0
4703.223542923488,94.08512370728428,0.6532663378053242,44,26,0,0.535658352411571,0
225.12961858128648,295.82580990372634,0.08289948391759117,77,10,3,0.25224362713180937,0
3707.937932561602,111.51050638598895,0.14855289717757714,75,31,2,0.5788763882944185,1
129.62561206248313,69.9495777814619,0.7853239045406213,21,26,1,0.22458991799766437,0
1389.4372975466258,165.00773063767758,0.8459979250211515,53,24,3,0.8409117687725912,1
4890.885478901794,242.6813554602556,0.46622849828979795,29,10,3,0.9060622050905078,0
179.69284549130097,47.8695163780455,0.22207640570562592,44,1,3,0.5159236303863588,0
1195.729597509527,299.90153722225176,0.2932544879514045,27,37,2,0.23704867001995478,0
2291.618635080895,289.8848038459361,0.6712493538983973,27,26,0,0.21735809943852546,1
5491.5489813818,293.60120371346346,0.6542981094249392,21,13,1,0.23117688933183855,0
2625.670759178489,50.445627200863186,0.4342383859626783,37,8,2,0.11797825656141747,0
4864.536945568816,111.39426278120348,0.8273499930314284,39,14,3,0.8150213929933727,1
1792.6296286235208,107.65079850349369,0.6931539023575545,60,36,0,0.048672357156575696,0
5170.400260977687,25.942947250920557,0.45752252343682853,26,36,4,0.21182192132604138,0
1823.2691230446676,57.10798987181857,0.7655397258606322,43,7,3,0.7112103495100089,0
715.9516361852102,148.61035815923012,0.9423456664890018,44,30,0,0.022615693688066818,1
2525.449783370704,265.9909714766739,0.09717660428566788,67,36,1,0.7109956488531177,0
461.36540143204394,241.9042257494741,0.4741558106771684,36,37,0,0.935103875480254,0
4092.4635462525966,114.48388615194057,0.2719537749636879,33,37,3,0.7615343236044599,1
3485.7620020821532,6.409016817869184,0.37996735516343894,25,11,2,0.08895322870723821,0
2296.9350271622393,164.09257184194,0.8913297991872949,68,16,3,0.3286889625082292,1
857.0579978168782,48.6155357446733,0.7059779771392918,54,19,4,0.51017888388265,0
5030.564696359119,5.844630738310297,0.17995154699866966,42,13,4,0.4504216410812498,0
2901.000982662405,227.44581416240294,0.8676356518096998,77,31,0,0.7121494168125684,0
5895.920241992404,265.9017608718751,0.5958515542663883,37,1,1,0.8428677911714068,1
4729.273312653974,156.07713019828563,0.6850884163021769,22,6,0,0.12999180535753074,1
2543.88647854406,87.48784478652927,0.9545482468396961,79,30,3,0.7297925642300065,1
221.88000477301946,278.0862017330923,0.2593720101925605,44,18,2,0.5865416798384954,0
2292.0293022059905,170.2185070467205,0.3510448521314381,75,22,2,0.43633255925924697,1
594.7173173814608,160.59791371943138,0.6783780487783896,54,6,3,0.7553867711416704,0
53.40642855737424,74.34774406938479,0.4622765222075579,74,7,3,0.24214518770130022,0
2498.2023315335614,83.1480508600721,0.2497426859478442,51,17,3,0.10248453287211956,0
515.7963656568713,220.66357466631266,0.6294921092705954,40,8,3,0.3667639863378267,0
5191.74282451501,215.57703713286136,0.1802589890980063,69,3,1,0.6166877246994358,0
1279.480568019997,292.7867087374661,0.9371193010143904,30,23,2,0.775343683180931,0
3812.2525352006637,271.0781027397013,0.7821164771268742,52,30,0,0.6924555820301028,0
1304.5633437803315,299.1490650793306,0.12636076707792065,32,19,0,0.36594668626522686,0
5054.102369618476,222.74220600249652,0.20488943001771243,35,12,1,0.7923666640332531,1
936.1515368009475,158.04034287166505,0.3426860671782027,31,14,1,0.13523593235964626,0
4504.860777552607,99.7990786259953,0.3148428930453234,60,23,0,0.7144050726473423,0
5477.708267207358,257.3343875778042,0.6147566960495173,35,30,3,0.40136095677146,1
1756.5556373893085,141.8210681641376,0.7239915348949648,58,18,2,0.9101802046658151,1
890.1578367284192,299.69257547563865,0.13114183198885898,32,26,3,0.204065279987925,0
1683.425288827874,293.6581327704117,0.3486195471502862,43,34,3,0.6323368662886326,0
4267.373976254547,118.55671237030522,0.9326405584471309,32,38,0,0.1459046910838815,1
4045.4728416365224,100.59215239802619,0.1800525917390816,77,28,0,0.2263317590749141,1
3802.904613599888,80.47262304091564,0.4674992447229205,75,11,3,0.729011573673124,1
3065.8684696986966,10.879336584672128,0.012631515422788286,71,11,1,0.4051645329550233,0
2450.8498302541984,185.32630095288874,0.16658309912632896,36,36,3,0.9637369892211207,0
2770.5128466028036,123.4555724830926,0.2525032004540544,30,7,0,0.962966555234826,0
4919.353652953912,264.5125768791827,0.2852689618810804,29,5,4,0.55416334180467,0
1424.380615122077,258.10654088754615,0.37972165842800554,22,37,4,0.9307974744303388,1
2283.3446298356866,101.67702634034035,0.3873627829690113,67,26,3,0.3142112943757013,1
3440.588734371826,130.79626266008208,0.32508614463966257,68,15,3,0.7607345713311006,1
1710.986254757141,247.4335737271623,0.5990713930894943,42,32,2,0.9702414332654816,0
1499.5211309915628,232.28917716755703,0.8433999670006452,59,2,2,0.41298892662329156,0
1249.8729469805019,171.74256264679454,0.3391595368445227,26,1,3,0.7310810696207719,1
5962.087405428349,264.2847288906769,0.2491643133902438,19,38,0,0.8912488729564403,0
3624.3274774884203,89.8552064031493,0.3057113170560962,48,17,4,0.9595027656165381,1
54.11292116465038,278.7665159369784,0.7846581890689788,74,2,1,0.27622863707892786,0
902.4510415435159,34.2462724124009,0.9069276033981015,24,3,4,0.7479461078567584,0
3336.4077041559653,272.7676954308186,0.3060947121736728,51,8,4,0.6968414456708628,0
645.6724747290051,69.79976352541662,0.19777924305587535,64,26,0,0.15815064825182723,0
4052.376163429595,115.5470150087239,0.23260626379849758,28,39,4,0.06159922399046358,1
2747.510045913648,264.1972074751776,0.8744275419088974,67,18,1,0.3612292375276248,1
2326.734176439378,62.61564495816084,0.4645331583880735,50,37,1,0.9225083358812196,0
1893.089555613995,6.618210338667108,0.8389418027002176,53,26,1,0.017776413152609694,1
651.531539927522,293.7628854891343,0.661877755702999,41,26,3,0.06968945994727038,1
5092.525234939369,229.4173729752656,0.2728942250955434,70,9,4,0.5034628378402768,0
2070.5473637722007,127.48416846376978,0.07768596284539553,79,3,1,0.6739650773357063,0
3759.214994603918,193.12891418432517,0.21446091813682822,24,23,0,0.3832708155427029,0
128.08182428026203,218.02971979715127,0.7575276519214585,78,37,2,0.7068666129820756,0
5123.43487564526,146.44523349182958,0.6712865917277391,72,22,3,0.36487746633231655,0
557.1050047410488,93.24375597366608,0.4593292014377901,33,39,0,0.5172463069568958,0
1550.0291059260117,3.4930953010501864,0.49709643394586267,60,18,4,0.32747632794881176,0
2907.646226252333,198.66240473429443,0.924585086045327,53,17,1,0.6724458094114615,0
3709.494945593954,185.86656290903403,0.8502072707110333,26,2,1,0.11763199126885604,1
4197.752422204177,236.8712985164065,0.872385217673718,56,28,0,0.8945455032000793,0
3899.9428003392472,274.6622106842183,0.30674618318141134,66,32,1,0.255871624090131,1
3483.849453806506,0.29260262915319357,0.8763787630654738,51,32,3,0.4018828079280993,1
3716.8026043495565,194.55920348010355,0.555404634062378,63,2,2,0.36751765706580697,1
4024.914308269023,181.34271097757005,0.7366051626350925,48,34,0,0.6774253789139076,1
2460.9458580119085,28.15391312804969,0.5028627556467405,62,19,2,0.3528927677815822,1
5128.512030045532,119.25583107388287,0.9974422892828744,38,23,0,0.5702612734865284,0
5266.322339708427,175.4022056406643,0.401463795818107,50,1,0,0.42682925805825844,0
1189.2801734289899,146.5061212541214,0.6530203745948098,41,2,1,0.09399401759404935,0
1261.5611109956387,60.46689871573987,0.9518591445232998,70,12,2,0.5192862076009608,0
485.6522632975318,282.1597477516181,0.2918369986106546,69,7,0,0.6873605243553561,0
1810.2222037255544,133.66744127091943,0.9023822015524771,68,38,0,0.14589644078217479,1
2518.9348744721224,196.8999138800032,0.6405593752764773,59,14,2,0.8664758576547393,1
2532.241257776585,120.05726133255304,0.45004570334784444,54,31,0,0.499001589090741,0
2947.2126121540036,48.57962293132713,0.8103314965030401,54,21,2,0.007866595477763805,0
2964.043936993385,186.43665683892408,0.30784378134272317,23,14,3,0.8165534765126026,0
310.0715133686815,59.70369075666777,0.05849471350138413,44,3,4,0.6444945972034092,0
1830.0348740695426,63.762077070411635,0.5082299040334737,26,38,4,0.5384582657463707,0
4927.207216867608,79.38272957008728,0.47091014335912673,61,28,4,0.8373998387100059,1
2275.3701008860985,175.69084913082543,0.7811383429846975,41,18,0,0.8283978298698955,0
4112.7631509266985,65.72065450508492,0.8823229284385097,79,17,0,0.4775561443011589,0
1947.1245881285538,77.56950425181408,0.8558976980742852,57,29,2,0.677214042470077,0
3914.689883401259,270.09787990269524,0.47026429974393524,18,38,3,0.06436728436629624,0
1893.7870163413088,221.15621820247185,0.40738412822590253,46,3,0,0.22983118997613183,0
763.3857345723593,290.43204355822894,0.03686458834494322,79,5,3,0.5699939062490434,0
1597.2270106950346,235.13725382094555,0.6207065718943843,56,21,0,0.8814734031157081,0
5918.437794817406,222.79255210093166,0.6220571998948043,18,11,2,0.9813120977069065,1
3300.9804143583337,23.28072740124251,0.0911544578576623,18,30,3,0.8347461186845752,0
4121.161942998218,96.10563118550823,0.5109089958951811,29,28,2,0.21426752601173849,1
3467.0629892188663,46.819845692171626,0.9272366868685401,36,36,4,0.9531498750246603,0
892.4702171383965,167.4290855813079,0.6702206535693829,68,11,3,0.11865686876629755,0
4264.574474246279,178.4350379293422,0.9795405813700461,30,32,2,0.8773573299358292,1
2233.71811803056,185.39976818546697,0.40275200445550763,35,29,0,0.566260870751916,1
179.00958812632427,17.841894336610643,0.11118524615554926,64,30,2,0.8914618696086872,0
5193.586252319426,11.042463476417208,0.984724342378764,76,6,2,0.5869629385797429,0
496.1435147822711,136.852871022905,0.7918002923810402,62,17,2,0.5153950712229666,0
24.891945658083802,232.69304124641894,0.4562448363783814,77,12,4,0.6662031333717248,0
2697.205899649567,101.0659769585829,0.24856307282876577,28,23,3,0.7466199235034708,0
1594.8702295323542,277.6484013887776,0.7627941432313936,67,2,0,0.9121532124710356,0
5799.567998194158,291.4609544138206,0.7147163212939308,76,33,3,0.2652239637401883,1
601.219021281604,92.20101040658567,0.776915963636673,79,29,3,0.41106926773281516,0
3837.834964692275,277.51107497060417,0.31019467823559843,78,39,1,0.721667863341395,0
3709.2764397385185,185.8962622977611,0.10623168167550945,52,29,4,0.6042184655076175,0
225.5199820718914,289.25864105821427,0.01601103942871851,65,33,0,0.3034658144776199,1
1618.2659904751572,256.2894967376472,0.18547923493335883,26,13,3,0.5190942715899962,1
4616.51421198318,207.0516760535406,0.7879413154064008,66,5,3,0.7287484755090199,0
5495.280898521376,223.6497720408489,0.8389073526272074,41,9,0,0.41172779913835256,1
2446.535879178217,189.91712629567925,0.05396221193026829,47,22,4,0.2820677364219677,0
3624.181215866973,175.2222625929721,0.10604760208216313,62,36,4,0.4829960506897668,0
1564.2696006840188,172.26597221251225,0.6732104722020609,37,24,1,0.9442189569030144,0
838.3777724603333,38.92977395095829,0.12091538734711726,45,14,3,0.6532721119843238,1
2869.319481244538,112.94335430538057,0.664132045523469,57,2,0,0.1385030995417863,0
4281.690116162966,291.5095786019567,0.3093959747727847,52,9,0,0.4931520581248492,1
2354.1335454301143,115.7538188697452,0.4541591603553321,44,19,1,0.035278554718861876,0
5002.223652140817,266.0086416948896,0.6082787538972119,73,26,0,0.2314986916440912,1
5755.9272756065775,91.23886936395465,0.3529177977555643,73,24,0,0.6972357237537021,1
4642.962685015154,108.80946570439905,0.3341179626006434,36,27,2,0.764375712602005,1
930.2127323118445,249.1695613348445,0.8772572567333982,48,6,3,0.13676797835039023,0
1149.862152227675,282.88566884568814,0.5865078045610195,79,5,2,0.827616085024444,1
4235.568545374281,232.71982289790927,0.17635412160836772,51,24,2,0.007595216539728944,1
622.4490287374517,119.10113612663504,0.7353206762203386,25,29,2,0.8952663111997592,0
553.1014324678673,292.71761451636763,0.7717612272903226,53,24,4,0.8739425905532106,0
2923.7709892642506,259.00995490422025,0.5414537518518605,58,28,3,0.2810492418132976,0
3187.554314626415,261.15690751663305,0.812049024758357,45,4,0,0.5984345831819194,0
2291.914594424557,284.834845292842,0.2826639618857224,52,22,3,0.3362531506897285,0
1241.0368417701475,136.62983251608756,0.8157431029980747,20,18,4,0.12035707336552581,0
171.37621397962016,267.422897897659,0.8967618114086834,32,13,0,0.19138881833667087,0
3062.596047364684,17.280318744109703,0.20111748063988555,70,5,4,0.05482259895071517,0
1190.8368716157572,55.238326848660066,0.29472645132641717,65,26,4,0.9236706503556041,0
5446.129694972743,161.88675319751172,0.5462472106586241,38,39,4,0.4062822003126062,0
2278.5992054415115,245.34884968505588,0.6986813035805692,37,18,4,0.14857749871628578,0
1846.930546088289,29.536969772638976,0.72383584523667,47,4,2,0.03982527817082593,1
2487.1714174322915,111.41224173865099,0.7181903842467778,38,13,0,0.5271803157852359,1
5959.574482809203,281.026712939095,0.6584342795085311,30,22,2,0.9233396170170374,1
3182.7539998591633,152.48996736989858,0.07397474437611884,38,37,4,0.41292933257019115,0
3822.0881082828923,217.33655758909035,0.5214648761874059,66,2,1,0.37293807677183344,1
5175.987312134154,249.5470270748572,0.15401605070136415,38,17,2,0.8743664013811632,1
5826.205052135631,82.06695546068437,0.31674693433376433,67,17,0,0.8734455617759166,0
1729.7992962194921,149.32163062087253,0.6807385263887388,43,37,0,0.5125596643887864,1
4185.062237446453,170.0610203505186,0.7279707974710722,72,6,4,0.0454073007885647,0
3258.8990602073654,125.96349028612427,0.1164094543710843,67,3,0,0.8858377226651388,1
16.989094545393968,232.60708240420493,0.3095816954394941,54,20,4,0.6346043759157979,1
1642.9803200449264,23.876258649247227,0.832640166312443,55,4,3,0.663524665545953,1
5024.324948660578,226.31414586850207,0.04528480213498787,40,1,1,0.8472079152780746,1
1127.3774205612008,211.01658441864183,0.02387459586111551,65,30,4,0.05372699304766615,0
773.3130035637682,45.194461363138736,0.8949405669100903,25,8,1,0.16824244549061218,1
5807.9737767655215,206.13583452230512,0.8661362413136362,41,27,0,0.08912365477881867,1
4745.868128018005,28.942915862427387,0.8325228078087211,34,27,1,0.6104911576605038,1
1642.0156902205483,102.88477575564777,0.6878019922437708,53,34,4,0.7093070788999879,1
2900.1998535634143,200.95918415545253,0.24351507630009073,49,38,2,0.8743309710191732,0
4619.110050642898,79.80729401219837,0.09141069902116783,50,10,1,0.32709518430546425,0
740.904565561871,284.75971138190107,0.8343363937879488,25,31,1,0.7889531107486408,0
4325.914590703317,228.18794646852453,0.019404959974416935,21,29,4,0.8040461294937479,0
430.3022352324688,0.9903677322762539,0.6460026294069746,66,28,4,0.5053006236242444,0
1408.14273100124,222.75176943318115,0.10681169462786222,44,3,2,0.9412334289925883,0
2968.4755066697417,297.0565875352015,0.02594027130312404,64,38,4,0.7530465940180039,0
3213.114051303614,173.34899038940088,0.8550423525986983,67,25,2,0.20283526688559528,0
2048.227916684029,140.61052070617708,0.9221230325609413,37,17,1,0.16661624311534162,0
5712.790823249993,297.6005752133032,0.7255333261331475,59,13,0,0.03333338686874587,1
1062.2360760431882,118.77581556495781,0.7205323603139175,28,11,3,0.9127206686996027,0
4178.5899883816965,226.39516487550364,0.26743656223123935,61,12,0,0.5099467433103134,1
3546.0580614496193,94.6261956019734,0.7412018922226402,70,12,1,0.8424581301867342,0
3802.711759480729,221.4054846338286,0.7522482969074922,46,39,4,0.7479859078087279,1
2014.007782160795,243.8248467201283,0.6156935768369995,79,23,0,0.17490019325122164,0
1096.2706867475106,15.373928518858627,0.46899784809160583,31,35,0,0.4999027940624854,0
2230.0126533256926,95.53193092135052,0.5594280111519749,49,17,2,0.10813002174919373,1
4518.097987233905,233.5666763671312,0.4730225170281681,22,7,4,0.8607721953382031,0
5030.885286839119,184.4323214605476,0.030287703265497012,64,17,1,0.7853397051787651,0
5044.597748099033,181.49008317444927,0.4787835494269239,57,14,0,0.42165078455046157,0
782.4695503668685,239.15382810457578,0.7096944503259012,24,14,0,0.07981621075117817,0
53.87889177670615,234.23849214972378,0.8532554040581961,61,6,4,0.6001494039106329,0
4856.900309836677,70.11390583479317,0.6545854313933436,54,16,2,0.5447139107152554,0
2940.0916375905085,258.810813217791,0.2718779761731567,60,36,1,0.29650005116470335,1
1226.2355935566534,272.022778152509,0.9279168532336002,63,18,0,0.784869085943384,1
900.132545249527,229.02562427426113,0.3805271872744772,66,12,2,0.5777961437827268,1
583.0566169340473,153.65943672661652,0.2538798619155709,62,34,2,0.43714836050557093,0
930.0110171287556,291.6577178827247,0.2591235394457425,59,17,0,0.8230830405920053,0
2419.639719556723,177.96056565029602,0.9346614124106942,76,20,2,0.4598857217875002,0
862.5808406314733,126.8428918446006,0.9332494535066731,54,36,0,0.8914145051925045,0
1910.547993193902,212.99231475906552,0.1667265412461113,20,31,1,0.6599291866884146,0
2806.0884185087257,164.3867414129981,0.19198805424542953,30,11,2,0.21542090316382645,0
925.0083539114638,54.27828352265559,0.9299525162781963,63,28,2,0.9219706211469855,0
1008.1998651691281,38.600033827400324,0.053297274725596644,30,17,2,0.8251925862467281,0
3905.756236735782,97.66183797120104,0.7392124590637746,53,22,0,0.6587063906987007,1
4536.5028301830525,286.52415895026684,0.1536558948606065,19,12,2,0.6578387057654643,1
4698.836883914766,249.61036426222478,0.2489595759153742,52,3,0,0.6754330188328505,0
4927.471602595264,125.59415829242549,0.39607926620582645,26,24,1,0.6217855243391359,0
1312.3785251182392,294.15235064525365,0.8017126035389666,46,23,3,0.6470775391054276,0
3573.098075930781,94.78446583343964,0.884733391264614,27,22,2,0.290045108735719,0
5885.8587284051455,93.30907924243583,0.4554916991064121,66,32,4,0.8984314619726627,1
2022.0980518236863,151.6280059224729,0.39086837176094535,41,35,0,0.6537248117186806,0
489.4283267610526,1.4458950443410168,0.8181242637239766,22,21,4,0.7526477202867049,0
5620.006268733202,218.2020031095952,0.42654018460832777,78,14,4,0.4366466034352695,0
4795.189943135954,134.4424782650427,0.6955508756415703,34,5,4,0.6916465357998164,1
4569.253505384967,56.34537497281712,0.60331777406324,69,22,2,0.8399993144615445,0
2795.377302252217,123.97856791811355,0.38471750580768804,25,30,0,0.8442482614746301,0
5258.649945472138,168.52999334968203,0.9060617070053358,19,17,1,0.5939649559167748,1
4992.780941748174,79.731634453109,0.750673528832568,55,31,2,0.1438889689287317,1
3347.7846592825877,220.23808372363484,0.46777869786134374,48,2,2,0.3066628248595772,0
138.67780749948398,103.37162199133225,0.3816866976112929,73,7,4,0.39667475035839916,0
4783.59323147229,196.24927507659902,0.732031519600572,40,37,0,0.05462720585671865,0
3316.3108246950305,7.71118247710052,0.23010892315739462,76,1,3,0.9591420987780789,1
2335.2280345434965,77.7166167331116,0.07704597441967254,48,14,4,0.25422370542128314,0
897.5662935106851,154.377388769717,0.4498367075910691,47,8,3,0.903335806580383,0
4531.938796823337,91.89290365729025,0.2861476009256688,19,28,3,0.6402395801875802,0
5710.493222982934,107.14899053136641,0.9152401344991017,34,38,2,0.5546497123166128,1
2829.974562954045,85.32307392917097,0.29623429164772486,29,11,4,0.8534069046623577,1
3018.0977566605925,127.11872492508347,0.16095914218464613,60,4,0,0.7419657655242805,1
5139.574791015405,76.0125850943525,0.8491266664679736,62,8,2,0.5698539620478037,1
2654.161471396313,244.99044061460577,0.7354570614289241,46,34,1,0.8434004407254283,0
122.56054404853347,132.22467803858424,0.43328626614007915,26,34,3,0.9571929476960663,0
5782.90714090721,10.123474132254294,0.3270838092356486,21,4,1,0.6784266560452741,0
1273.1414499528491,218.53280159718003,0.9016310977683656,72,37,0,0.6448860072848586,0
4775.1445022349835,239.80208929187734,0.6409720640639799,53,10,4,0.6455928417847603,0
3507.975945876838,76.07951821361642,0.4820247010226896,79,33,2,0.7561439284466722,1
1780.7018067727902,108.46363808987446,0.4944735428927083,76,16,4,0.6203818778893744,0
4313.366438577146,139.55757091972407,0.5527259789359509,40,11,1,0.5186446805696877,0
5637.531590889446,217.78721690144718,0.02852748869948496,46,8,2,0.4156237991527012,0
281.2707388614145,114.86878376982963,0.10472058660036188,36,3,4,0.9363527981577879,0
561.716818238527,231.3859126132024,0.9075889318166318,61,14,0,0.4843571696611464,0
4035.969291248879,210.8832062048932,0.31071209793673604,69,26,4,0.7592940554247124,1
1879.5659442794927,129.55664719135385,0.5078499710214508,25,22,0,0.5960256897060388,1
5923.873553926043,200.61287189836435,0.38729919218820663,54,2,3,0.6975102022158438,1
4608.166718952288,149.3899025827429,0.3229687339039635,39,37,4,0.5192160291566419,1
1088.6122688190671,79.65342060934296,0.08216418010271165,34,8,1,0.7730523623415446,0
2889.2426599333844,150.64004164593217,0.2856104558092286,21,9,1,0.15561698419776915,0
1137.0515211955033,173.4758086960543,0.023923819288387715,73,4,4,0.56532087501489,0
5588.387783866506,147.77087017042854,0.7678456523253998,24,17,4,0.8959663719332245,0
5126.689251182585,204.88778759148445,0.7017485979382447,57,7,4,0.5858834349556201,0
1609.7382195145458,242.4017569288633,0.7059395109996449,33,15,3,0.4114324963850833,0
5349.435292290725,67.42193033604555,0.5193577041751067,72,24,4,0.28951734902274573,0
4977.280438073201,106.27589942302804,0.9095371558425042,50,39,4,0.39699194037532626,1
2968.12339249339,204.16188134506916,0.6091731188507746,59,38,3,0.8162630547181559,0
3161.957994529316,203.10409330266197,0.225360776051595,18,28,0,0.38334143960750755,0
413.2090193375411,276.2729988809746,0.8912661701757159,34,12,4,0.30229820603655955,1
5359.388074172236,17.371019243436237,0.254264166657881,54,5,0,0.2991580827366319,1
362.8351193904654,65.56771187187653,0.025985979462210484,29,10,3,0.11866994928941643,0
4336.049090460465,291.8301097532982,0.4597051505334382,36,9,4,0.0855338374498289,0
4620.957024094041,214.43306687287665,0.547504277115797,37,36,4,0.6875090615578484,1
4059.777475015988,273.59559051757293,0.8018670903708065,20,6,1,0.600201442192211,0
1074.3303395760186,174.56072747059505,0.06520372114367268,19,24,0,0.22780476149109763,0
3191.8709805944004,173.32475027945165,0.7899219203949417,45,33,1,0.463486314217853,1
5515.426285724692,169.03789057338412,0.255906154078535,21,28,1,0.2769305462342403,0
507.6997593128283,51.74779728973444,0.20242865985027192,68,37,2,0.29304384791729643,0
2697.673259615941,170.282967127778,0.5597943324690208,41,8,0,0.49338576580416116,1
1667.677448076702,172.5083266830608,0.943050028497247,22,25,0,0.46213434148177246,1
5157.336321300057,95.31338026207175,0.15317421921850327,40,1,1,0.10085892689999532,0
4160.666219109042,174.07564624649157,0.3309214970375991,22,22,1,0.33477312255092695,0
2580.8157372614437,148.49850941987486,0.05672932586776969,21,39,0,0.37739274587205374,0
206.7582541510052,265.41662620455685,0.7042774544009883,29,12,0,0.7075104800252142,0
4163.795865988248,275.8980588474626,0.07408297474214065,50,12,0,0.641509472502049,0
5982.143039999894,20.46494700695942,0.9109340363589746,42,12,0,0.7287450198316783,0
3826.7254835062927,224.80316730713733,0.07679592970437465,27,23,2,0.2815722495486067,1
2886.411445452221,162.99735540315615,0.7549616179958252,31,9,3,0.8115869928240247,1
5532.977517657655,174.10430450445844,0.3539579579417039,67,2,3,0.5284145517965675,0
5541.890198550685,21.381296884091327,0.4364771445425061,25,27,3,0.9233747773094575,1
1712.2370574185113,144.07555803597748,0.8127583136140112,20,24,3,0.28748783025222047,1
942.1180327730538,107.09171670949516,0.38191450653043435,30,15,1,0.946399895688068,1
4378.761773313207,278.88735207025667,0.8829743384703673,64,3,0,0.34997969083660774,0
91.10638013273635,40.539233915663495,0.9763502641716111,61,19,1,0.5101193573395757,0
2549.9465718320685,224.23584111659792,0.2712242892705472,35,23,3,0.9683437067316971,0
4048.983133252849,291.6193630841932,0.43581058642970727,77,7,1,0.03953406301391016,0
2832.0249618332605,2.9783887413597276,0.7368228908746359,57,20,1,0.3143108048772678,1
5921.716835216965,106.8565985011442,0.7613121614603158,72,21,3,0.5879204117706452,1
3925.2878938617087,297.1611538727058,0.6061742495004698,23,39,1,0.8908309170619455,0
2147.7902627585204,189.5251520912064,0.6931111530780406,56,15,0,0.6350199815357597,0
3230.0327061142298,246.8318654688233,0.040429009885241785,64,22,3,0.4203518317258893,1
1914.9997461777282,120.8590556610952,0.21853649873935488,48,39,4,0.2937404779504942,0
1051.6085364140365,276.23893197510085,0.7246460663945573,76,20,0,0.019902302549796413,0
2513.546067340329,175.60043040146974,0.27313211232233925,19,18,4,0.3830216560493598,1
4314.671206963082,202.65811420148992,0.4254051382782097,29,18,2,0.3900480451525483,1
5318.931165284304,272.27126314632574,0.6956178790303394,46,13,1,0.5846961094715853,1
5584.817404054044,266.2531466051573,0.9751438986378523,72,16,3,0.3462917351972471,1
4998.134422714142,187.83479287373743,0.05151245214985101,48,30,4,0.8881710957492728,0
3559.260996519438,194.55739759633505,0.11472374473885838,32,11,1,0.15366723912868918,0
4377.370053136592,198.55139583721362,0.13917777636393835,21,36,4,0.03592212008979212,0
2876.9420048757297,105.34017159059115,0.41125988411586345,31,3,0,0.6611963128674011,0
2319.6463625972265,44.605074097918354,0.031424888417459496,60,25,0,0.9004018581303218,1
2630.7986991935254,101.05889309494168,0.7082339462488263,31,35,3,0.44502597911557906,1
611.8177002500113,114.09943632749228,0.05626802106173068,23,23,0,0.3747163715409264,0
4564.221042813116,178.43079543947292,0.8296487994384256,21,21,2,0.22042170270452477,0
3036.7174959831177,202.33666473501196,0.4795523255047993,32,12,0,0.6329427648887666,0
2561.2377908514063,47.317662118951965,0.9727242902438153,58,1,4,0.18603191179477063,0
4683.602259305967,278.8234946902607,0.5961972308984387,53,22,1,0.9507043814335602,0
1650.1566420374152,8.089398593871145,0.07031980726193288,57,22,4,0.22146886041489244,0
613.1651001170343,75.0692749780343,0.6247372052203759,79,21,4,0.32922743340950056,0
1052.7802763154045,206.1588535100477,0.14432991020186559,66,21,4,0.2394617780093048,0
2995.2945186722504,275.31496419640905,0.7617825777810125,27,30,0,0.6847550633130075,0
2488.3145751278666,273.330155804,0.23431108877353302,44,18,2,0.5526104080567077,1
2768.0881726666184,246.08032675648678,0.025957210698163258,49,28,3,0.6905036740202801,0
1243.0590818415262,109.78321730727596,0.6891190875814108,18,8,3,0.9609083805246301,1
2783.782870719854,14.239735949623766,0.4772064120780173,26,14,4,0.40522335119227515,0
4143.088875689252,25.635998270895122,0.7887389233993167,62,27,1,0.04292938397721924,1
4638.277484989469,83.45624306950653,0.06470819541114348,18,39,4,0.8067097935901848,0
654.2111648181127,134.697658846258,0.07653499096807082,28,12,2,0.5446990620552528,0
3234.134872920923,128.570314726423,0.9009193452782167,69,21,2,0.7767868690729973,0
2687.0655808651313,296.28218810247347,0.25533923245920387,68,5,3,0.3443655968266276,0
4868.864723635803,64.64793993447807,0.6482726821595384,21,33,2,0.40411799524837055,1
1437.316065289568,108.03280619471316,0.02495430177976743,21,39,0,0.9353367933034974,0
4581.795766396847,269.1186550334912,0.4891370806456573,76,9,0,0.25057713067777887,1
2918.869077454961,296.39963785274614,0.4686380577789304,40,28,2,0.04367247371710692,1
4254.660206977139,110.90541190704076,0.7826386646283923,64,32,0,0.38805777457860413,1
2254.3328742855847,180.47148730971412,0.9393883410002922,30,14,3,0.4563431064019383,0
3631.2696020424023,174.05849782243195,0.6080923875290816,44,10,4,0.8241564899165433,1
5003.653056274182,187.85546300337074,0.6036024170975193,79,18,4,0.06395737842864091,0
4439.563154631801,264.5442414308173,0.707070246542647,50,4,2,0.42315512355368246,0
1612.7355345619658,53.32982151990855,0.405413911239199,71,21,4,0.9058155510981784,0
5306.042159910766,54.23239046239392,0.9972751698864707,66,35,3,0.019442681945663343,0
3052.0619567336876,110.2132170330461,0.3006756525777059,53,27,3,0.6181622879014891,0
5120.121404374172,42.16565622913828,0.6119090616044403,24,20,0,0.5785086240059958,1
3605.3818373805543,252.99455036008573,0.2887865958706861,42,7,3,0.01072309463552712,0
4277.555664280088,296.8754304455517,0.17331070108585644,37,30,3,0.8324575979939943,1
2928.289457049602,20.569278360251207,0.290760143623792,33,4,2,0.2309086029651013,0
3102.9731160047872,265.6705669595952,0.4712487579877812,55,25,0,0.3726880948787409,1
4182.087494246112,176.73239678574367,0.6659657860378941,70,13,4,0.7257309232748852,1
5650.530326594745,156.2958849146211,0.3784765183694122,45,13,4,0.267151613174041,1
4462.307250798074,30.811990191416207,0.6511175630500801,56,34,2,0.9992760112207582,0
310.0650001111393,96.5181036406942,0.76767563904391,24,36,0,0.7666477680397121,0
3453.069009846777,99.27400247652098,0.8098180415243892,78,15,1,0.3095813144498377,1
3689.3402636931105,288.5104920580203,0.3417020576006823,23,15,4,0.426573273157974,1
5886.911405594375,207.88645087075247,0.811093371471966,37,36,2,0.29928957815026047,1
906.522245291077,204.0583085935616,0.9901906757564332,31,8,3,0.24665872703659442,0
2958.688656992923,172.18907135158992,0.03488046778382248,25,2,3,0.06981110239296096,0
3632.811852716633,212.9824928135203,0.8566629665870282,39,7,3,0.05248410327894071,0
2523.256484080264,149.94961167048547,0.0036320016526797394,25,8,4,0.9348619559832835,0
5066.833062778228,274.12151299806425,0.13638098726104197,65,12,4,0.40062993758789633,0
4906.095301208993,156.83334391294414,0.834588071681531,47,12,1,0.580402872928721,1
1896.1433233234006,237.58241059612135,0.08902900493554156,61,12,0,0.8158718175023765,1
929.7038110920303,92.7204311848262,0.6276840961715875,26,33,0,0.5807310640006458,0
4624.216767528089,129.94040931977335,0.6893538298906476,53,2,0,0.3421116565655923,0
4161.190614434841,206.11698127270594,0.688455538506382,73,3,4,0.9783550820976142,0
4774.922088810165,33.06814685718565,0.6315594798458548,71,10,2,0.5185493291564317,0
2943.0441008233256,219.5867806293003,0.07290945251464254,37,14,1,0.6663631451580674,0
2965.538106649921,244.28415563946737,0.708146341173394,69,1,0,0.2863529238785645,0
5726.916222473974,139.16221689819824,0.2791816483921892,60,18,0,0.15268742690604198,1
2578.682570537105,46.510053782658034,0.293625187962799,65,23,2,0.19332817579609818,0
4088.107757801721,242.600352283898,0.8854169503959509,52,27,1,0.18265043875219134,0
4320.785456726029,207.69336098645763,0.327655070856238,66,19,1,0.9709913576852321,0
1238.2162847031514,96.15200508007794,0.6948134167435682,39,1,3,0.5362344673807334,0
5144.447196645712,68.26241653200331,0.20444044550880947,79,23,2,0.21980691653440187,1
1479.1389441793522,267.879989552997,0.5279134419213688,78,24,0,0.12589088976361507,1
475.9573982140999,102.61040496099483,0.4715121385896305,30,11,1,0.6837249478650695,0
3233.965567957934,259.3301742483203,0.7931659115846744,19,29,3,0.06298935408380524,0
2527.6837230581,152.08746657826023,0.5220184626544264,72,14,1,0.2556977041657069,0
595.1248219055093,180.837594403343,0.7359490786308203,40,34,1,0.4011091616474648,1
436.61099761303507,122.4453248801828,0.037957334494817974,38,7,2,0.2595441308152111,0
1701.326040353523,100.20513164384359,0.8999678102287119,25,33,1,0.9593642890868525,1
3692.4874434806547,290.4691789645826,0.7028180290646394,27,39,1,0.3129038547541224,1
1922.5016838189001,138.86983685855753,0.3550225613828485,43,37,2,0.8592962986390754,0
2222.093909818067,290.216873301696,0.9357642336459006,23,23,3,0.6492365868476818,0
1770.4313658872177,46.49397402082529,0.8872617339296864,38,38,0,0.16286624999441357,1
519.6561049664872,171.50209350427164,0.698455791894314,39,15,3,0.2849947263405883,0
4311.887185093831,244.7735025857016,0.751977456105815,52,13,4,0.9813456030171978,0
4614.994828624746,7.843911335676612,0.9048681501207261,22,14,0,0.532853431800048,1
1298.0770638991457,163.109266522865,0.05254593025048837,54,31,3,0.8935736304966486,0
5864.786300815502,14.289059198159727,0.6659962324058714,24,5,3,0.8630061722926164,0
5233.007297574091,185.44536984431485,0.10639015906100902,54,15,4,0.5045156422838566,1
5797.8995498970135,176.93259791191636,0.5194898154687991,40,16,3,0.6846046308897701,0
4751.841090401516,263.32922549689664,0.9564842382197442,53,13,3,0.06457867438893816,0
2680.5743832412813,296.46849106837453,0.12140211030229497,36,24,4,0.5573686866583609,0
4532.088558444704,299.36515513957045,0.40033618583264463,27,15,0,0.09353301861760566,0
4415.636939182737,267.35307574090183,0.3737725736732955,71,32,0,0.16377013630565773,1
2442.9936440670303,127.94983619318386,0.41465592681690033,68,3,3,0.05176308818509956,0
4439.1314613674485,67.61635674200559,0.33427141893156276,64,14,4,0.5456913694187567,1
5312.529810540904,146.2716802308257,0.7983297935369792,61,29,1,0.9690917007296337,0
2844.1550289401825,261.4650966969179,0.9515841589998356,33,32,1,0.000752449910308095,1
3116.476838870983,237.15867361824462,0.4575909436642367,43,30,4,0.018609751891991433,0
5362.659774734927,238.1810698024222,0.08842939392176807,38,25,2,0.2870231405247713,0
5515.696590299328,161.63545585834282,0.47524810622708047,28,33,2,0.2860540434837001,0
1623.558213788118,129.13972721073273,0.5291894784974235,38,39,1,0.8061391691661675,0
4861.866199916974,121.68648079300478,0.22970069656800163,37,15,3,0.9099778023424903,1
2728.9231830791864,228.75166913829605,0.031741144032274016,71,16,1,0.876018927996617,1
102.12314413035467,115.51774996795672,0.5873679214590886,51,17,4,0.4956217349936076,0
1824.4075800351122,216.65879638410757,0.8097037821250337,61,30,3,0.32309054509696855,1
1476.0272649025596,53.04165334143794,0.9151412882400567,64,9,3,0.7150601332850949,0
928.9436969374859,19.854091981733635,0.5113595498585594,77,13,1,0.5542529767371105,0
731.3795567613367,7.9714237263888705,0.18157621908267596,40,7,4,0.8658456191045051,0
2996.4405890291473,270.20196978056003,0.7139166020671722,23,9,1,0.6623894135380165,0
2608.667061567644,62.60011468229276,0.5440545242916969,57,23,3,0.6730086761648113,1
1439.5958334610928,240.80303218993856,0.944324145253808,35,34,1,0.6119226496686575,0
1101.0005882589496,0.41933562613889475,0.21020809507937788,74,29,3,0.5764039061188243,0
5846.413734438701,237.15854370141201,0.5627728601469251,41,4,2,0.41749712733880573,1
3897.8404681740567,8.17092921907422,0.3143119151570267,41,32,2,0.8826379726198684,0
3297.782990429737,178.03628429478593,0.4659726632440315,20,27,0,0.18084108807101917,1
4771.079993325251,236.12530071042207,0.6835101403293781,62,5,2,0.3020745480357844,1
3028.730714101529,174.03196658263707,0.07748175816919478,48,27,2,0.04423581600213533,1
341.50093813758946,251.98699652310373,0.3058016090356609,48,34,3,0.6914575826150514,0
947.055470623411,280.2186038274825,0.12183693564862441,21,27,2,0.09864471236827399,0
5819.408457429518,146.7914651744791,0.25408930678926256,50,28,2,0.7487585315376384,0
2221.2002861688306,292.4275662258675,0.5481980346804425,55,29,1,0.27880062896440483,1
1237.0457540701066,140.0668362210914,0.10034294549763745,25,26,4,0.1729483914817277,0
4895.634680783319,136.2110137709408,0.20647015605251917,56,17,4,0.9129405140945022,0
5454.639039943179,20.976486357741674,0.08042925340119189,58,16,2,0.21911572595739692,0
2757.9573462568837,43.56491697464051,0.02254656883098194,54,12,1,0.690899158243146,0
3370.747604164411,84.57849034441864,0.587665222442489,63,27,0,0.7389622514717892,1
1293.1037534312834,160.3743380091961,0.9345427427212011,74,30,3,0.7699547273379413,1
1238.6754287766573,207.39492056400118,0.43603488585430306,35,13,3,0.3803121020996334,0
1535.9763669183699,48.477595600800186,0.9160016971353029,43,28,0,0.5436332476107344,0
2498.950582930835,159.15661898855538,0.7159297775443092,29,30,1,0.09079399900895202,0
5516.591812777116,132.37946179262815,0.1703720252008506,42,23,2,0.09046525247685999,0
4461.502206372458,5.283777912529497,0.4360714565772347,29,3,4,0.2166451914736326,1
1635.9347806337566,66.88077671332398,0.44943144849094985,57,18,1,0.6279467862513218,1
1012.130802142312,219.4490580325283,0.4383553249746154,39,25,0,0.4216457530007729,1
5390.7880827069985,10.15910402585437,0.5934608595833328,52,32,1,0.979257547178905,0
1583.1978559354443,29.45297358084078,0.9365709186691006,23,37,0,0.6150925524161399,0
1997.231811211254,291.16387412739306,0.8101520361209156,37,26,4,0.5952024524721399,0
190.27963481096748,235.72760058577856,0.14212127863865742,24,27,4,0.0136054314834676,0
4842.638494779485,51.28210335159501,0.03877400034630951,25,37,0,0.6964912669904143,0
2953.8730276904025,120.64357073123746,0.09204768101895267,20,38,4,0.18732340995671026,0
3833.5595878966383,275.8309565393542,0.27615659681054716,53,7,0,0.8981032115798769,0
4152.005857983988,17.831474143506366,0.051019192835091265,74,39,4,0.652545916214435,0
4535.030989601912,174.13281585529273,0.9363623396119191,74,39,1,0.08839108026969711,1
3641.6362731225286,137.77698879956324,0.5812138651405732,46,36,3,0.869537719841224,1
2668.7501853724934,151.0995403974094,0.6790096612611675,31,37,0,0.5274592856260737,0
222.46405589117313,79.41949764929045,0.8128012877852996,45,29,3,0.12413118012839619,0
5292.382906533587,59.111736176854635,0.2754440276916026,79,31,3,0.9086415006622941,1
5317.387356273685,102.40950693621674,0.9862470436268261,22,17,4,0.4939876416098672,0
1515.1049533396138,160.81590858798128,0.3435187501914849,69,38,0,0.6746789878309236,0
46.181043989689826,238.84644576790132,0.27651281366723857,56,30,4,0.9397544274152544,0
3728.3749918908256,221.28910407842767,0.935040951814962,63,17,4,0.5939585889251446,1
5953.09949847948,186.34181903629215,0.8680397597903949,72,9,0,0.4505735375097696,0
5385.738946432847,146.01510139453785,0.741887684987553,18,32,0,0.6940116582092434,0
3540.9343214066735,185.03520713655058,0.3610781807157579,47,11,3,0.21743187044133683,0
2187.2483104024477,151.567290405298,0.09816012319692113,44,14,2,0.4312052769962996,0
2175.9794218055636,280.01450254702706,0.20010838079959747,43,34,3,0.02820309334361837,0
463.24964758103346,26.025275460395957,0.23707666881868739,68,23,2,0.2899121028736027,0
2588.9534351595576,185.66798483186778,0.36311854961334933,71,28,2,0.6526379102705745,0
1117.024850830643,299.87191800246364,0.6767876306190496,51,27,4,0.29227397173113956,0
340.2302446368113,122.67346087623847,0.15502250167923803,76,28,3,0.7562043740873566,0
1631.2306700808147,106.41046742468619,0.029299307266060004,71,3,4,0.8779809780322008,0
4018.710046979252,21.051695598011676,0.15941451212601487,20,10,0,0.9868982945258551,1
1933.510321756059,259.7232436163748,0.0031701296429473835,66,28,0,0.15705155313733432,0
3905.894393898639,49.47599175314136,0.535900445869236,38,17,3,0.38945099938606575,1
4178.578429344826,43.264779234676176,0.2625817193986214,31,19,1,0.9835808654980358,1
870.8535387758466,219.3796087855077,0.20063896593090846,73,30,2,0.7394712119195935,0
4113.216413256759,109.90592748946159,0.19096478084786017,71,38,4,0.35557096675992206,1
4212.523460343737,119.94564656244367,0.5928865006063521,73,14,1,0.749188883438908,0
5336.145672311651,33.48309482639353,0.28935426132539555,25,8,0,0.8673404252296212,0
4042.792820774265,210.97275167093503,0.6117606351108038,26,36,3,0.44919497273524456,1
5531.946164489093,219.5990661271085,0.05941982086770625,48,34,4,0.02126522680523213,0
1157.5132936724538,77.64475260666252,0.7819591233768051,75,15,1,0.9312796023102838,0
3566.0226970107133,296.11437126637435,0.6399872263742811,31,21,4,0.11198282340582644,0
5338.067776127899,173.6833611937683,0.6089466428634288,33,32,4,0.7190908619244369,0
4539.666381705462,236.31983595714135,0.0511667431837749,70,20,3,0.8292251378005024,0
1949.885299629798,13.822696871783268,0.00056952278732747,65,18,0,0.2277146584584706,0
4324.900951233937,233.6592522751364,0.44777964548505134,78,35,4,0.42880300272430283,0
2667.4197583329687,122.32684854080561,0.010903429856748748,20,16,1,0.9753114857383715,0
818.6016436763376,103.62203665134452,0.42220575489634826,44,39,0,0.365362928740562,0
1582.6601982520094,294.36347069870885,0.0857680493390609,49,14,4,0.13152134209492294,0
5967.177730282514,225.76680821225472,0.12981495136240828,30,10,4,0.4128070641432253,1
4701.50084437024,119.4262869453732,0.491360885874463,68,35,3,0.030162609866814516,0
3088.566920139064,184.54173743074537,0.06328918104572934,52,9,3,0.010389991111466212,0
2488.939181817089,255.68115182716312,0.7319265870423769,50,34,2,0.47394798254980197,0
631.6475009512234,1.9593412003652388,0.47727200626609856,70,14,1,0.9012102291105846,0
4295.049486304544,117.51515471360501,0.5191799035267407,61,22,0,0.7813788383238098,0
4130.317913549087,33.132620381155476,0.3828291285911607,41,35,2,0.6197590900201625,1
545.3248691526626,157.55673143432492,0.33488351372381453,65,22,0,0.5940258590714855,0
5110.98631800079,147.8469383614813,0.31143528836426404,77,2,4,0.21521665533340328,0
3096.4584587989984,283.4613350148041,0.6084061140727272,53,25,1,0.2404593548143813,0
4804.5279540585725,1.4461457395172017,0.6028107475428596,66,31,0,0.5212879832405398,0
5762.127857683064,88.23379092988661,0.6988904992585339,24,27,1,0.7951556136361636,0
3550.3065925408323,129.0890122284608,0.5823732137070701,19,30,4,0.46158479155647714,1
4758.982048975631,181.9472476375219,0.2853687547434849,69,16,4,0.05663709804514827,1
5418.190223947074,44.44003339048868,0.6431076023796531,20,38,0,0.4527406641898729,0
5855.242254648048,19.736679092568178,0.7897203731147057,62,15,3,0.5772727302168348,1
820.1981160836249,21.924964680256753,0.36839717149912243,51,29,1,0.4611705149165991,1
3142.2785038047887,211.39231318751197,0.35241306661063265,68,29,0,0.16941869577229707,1
4722.48876656831,148.4131387623157,0.6731594386331651,70,1,4,0.4246912176055059,0
963.5962628166329,278.07594647183794,0.8960998974645854,64,16,0,0.5258543893479029,1
3035.944225899623,69.40982145673628,0.788762907782983,52,3,1,0.04990999091741832,1
682.8554171839513,167.36358098527714,0.4037578965691959,20,15,4,0.8905832198566522,1
5042.1264426005,89.03487439853163,0.3684589039303525,26,19,3,0.5515009534612041,1
4288.406568825351,136.49739609164095,0.039093624751770806,53,39,1,0.8380927686161417,0
2068.4098586225955,159.97113312869416,0.6362801501453414,48,18,0,0.5506922679903492,0
3522.714946000406,121.86580760206826,0.40850078344965435,70,37,0,0.36944541381997675,0
2443.0847414790655,177.0159095180913,0.49269741678788603,53,25,0,0.1402142218790301,0
819.856934029282,284.9957678740106,0.5283678452824205,37,21,2,0.8367502962692686,0
3459.303435542745,222.637590093924,0.23171575468328376,48,3,4,0.01625282549579754,0
2246.4580205592097,10.285815421763811,0.7526661823032426,21,15,0,0.7638915693272815,0
2277.257242682797,214.07588665282054,0.46001325549693306,59,31,3,0.980497724466448,0
2351.8977837495054,139.6273679316272,0.5882972837081537,69,22,3,0.24766176644484506,0
551.9920046132137,254.41647976717832,0.5063453505084313,61,17,3,0.8960554757575738,0
2592.170591896306,28.44793406816909,0.8737388376006825,52,3,0,0.9111028221733565,0
3576.377682431932,62.103011961562885,0.7559364649426098,61,8,4,0.9002491015489197,1
3798.5054238175426,152.1588990936543,0.7624162013972953,44,39,4,0.7990511009477785,0
5963.745535969119,211.963733286352,0.21074345206105727,77,9,0,0.706135824222677,1
4781.252649224266,233.73268951818525,0.7884574832277019,64,35,0,0.1616449646703465,1
479.95523900972273,283.0076695787437,0.6217742011315186,20,33,4,0.8227063045996418,0
3093.089482965864,157.39950104387336,0.492987945545005,61,14,4,0.09631294682714764,1
2526.9858876889575,100.51500483090446,0.020217203448653076,23,8,3,0.3491630556443429,0
2216.4147759009893,298.40941014561423,0.3668047947154228,38,26,1,0.395494810905347,0
3010.8951979947956,70.71190050441065,0.7965569891909532,42,20,4,0.6940843613430513,0
2893.9098862692663,218.15270734349502,0.9242310629286865,23,25,2,0.3349969116719135,0
505.1698875284473,65.11942282175951,0.5251896103396422,50,3,2,0.21647812386957566,0
4922.783111983271,72.8155415053527,0.80152030518553,55,13,3,0.9903399868061337,0
1119.255346917084,52.123671625977906,0.8104092667954292,70,14,4,0.008177818194840647,0
1577.1558174050117,202.0837303830297,0.7680459847687703,18,14,4,0.3615087197036644,0
5061.9646326200345,38.824372452318634,0.5897575400043811,67,5,0,0.6618284369177689,1
3728.42281340188,104.63208342683156,0.002632952396686261,56,28,3,0.8785194467526042,0
264.56808252035125,274.07630681917055,0.37399742592669194,18,7,1,0.566781672794851,0
4573.389029292643,277.7229164178492,0.6111510028674145,66,6,1,0.7814432137499513,1
2055.5750969705964,8.858415053368752,0.321433322975039,53,39,2,0.22197148019105029,0
5221.711345277759,261.10133322837646,0.3772810818589435,21,26,1,0.45008520028013277,0
97.15455565126537,135.22286033532237,0.07090786708939867,27,4,3,0.7411567566887426,0
1045.9156321820717,220.8098269107406,0.5184222488772232,34,28,1,0.4606598379569956,0
4927.5346395179085,276.6966939303732,0.7443438024240074,79,4,1,0.6960890037042676,0
444.5974632226309,176.4653955480715,0.6757050357368798,62,12,0,0.7710931726295297,0
3488.950712673288,117.15808003769314,0.6519622498015536,33,2,1,0.6298294535492224,1
5633.892057200286,24.92649143009874,0.05680389919959161,72,33,4,0.8950119823748245,0
606.2497553334925,8.521609778722382,0.7493003875666193,42,24,2,0.8302104540095887,0
4403.2635811149585,129.9176884123261,0.53069731891978,35,23,4,0.6421805119928733,0
679.916625633673,108.36622197293534,0.21324885395610316,51,4,0,0.7202607400843081,0
4815.442373062995,66.24115353861492,0.7747591458262125,48,3,3,0.5327735997906284,1
2146.529728470663,181.94982786604356,0.022674396982670264,48,32,1,0.7726686489075397,0
3795.7735235979167,282.8676350395762,0.6657663192470012,41,5,2,0.7631744262014901,0
5236.6258392616255,183.40426658486302,0.08985760369621598,31,18,2,0.23395008213085666,0
1525.9519208140027,73.48546425125144,0.9357779569903399,18,3,3,0.514503835183318,0
2551.444622638943,40.42503874396438,0.29977569600261933,71,15,0,0.9809159667259262,1
4860.467688980442,34.956781802452966,0.3373134778686637,77,7,0,0.7641899356712477,1
3720.98461112963,228.1244889626399,0.36551340024748835,69,21,4,0.7424447920614332,1
5332.978195273497,167.6032314492568,0.9368821571496742,68,24,2,0.1741050897909352,0
2897.256722660915,254.095722006449,0.3133631739585463,44,24,3,0.8380693203784524,1
4615.719402208686,86.84845067028394,0.9658877228022534,19,12,0,0.21681145714071615,1
2544.524420403109,25.229575890752198,0.47488639908008623,32,30,2,0.950478308839088,0
1685.5302503264218,236.84550779319025,0.9231344685676178,40,31,0,0.6662403653026898,0
4424.6281040979375,228.61960095277797,0.7384658152619429,22,38,4,0.186499353257488,1
3534.3213848778764,162.67920837977837,0.09624656007000387,23,10,0,0.31947460536156125,0
1657.4816453913602,4.553248626599727,0.27998023019324003,57,14,3,0.5813151861054792,1
2381.4667553247605,134.07721688633,0.6573035784776156,51,16,1,0.7157952040821224,0
4990.828720434048,75.82166135619303,0.5289868605602507,26,11,1,0.6723123319797528,1
4224.233596476974,251.16146296666824,0.9299920088612358,33,25,4,0.9524361776924127,1
3560.3516502218663,208.6219186028427,0.8687944781470105,46,25,0,0.1891013526486367,0
3278.4472676080795,229.70147516708,0.07673440668564968,21,21,1,0.8491751227523296,0
2668.953251726257,55.26072706529831,0.22973097831854328,25,30,2,0.10926560050215584,1
5269.30876856115,224.88824966082342,0.20418058148989793,44,16,4,0.604212109257083,1
387.1243846712324,95.77789541126609,0.9367664900431355,71,13,1,0.9407147617454813,0
2278.7367199565174,28.682019002316572,0.6243522199687233,65,13,2,0.7337311556374291,0
3361.4063995575602,168.84390936502714,0.5925402067428447,53,19,3,0.5086121659262585,0
1393.5316222822353,84.54399011551294,0.09256498338895558,74,18,4,0.0016538772044527583,0
5755.962780224969,115.0843278303304,0.12978911769731605,73,10,4,0.8741642899412837,0
232.80039873410652,166.30620872988848,0.2626299395628934,64,36,0,0.13643727028080432,0
613.8028942223224,89.29933019742472,0.2201470945338463,76,36,0,0.7440035434953928,0
4703.882905772254,68.33310949848857,0.3119176746166482,20,1,4,0.1520929419553967,1
4815.054610539164,256.72347745869035,0.10520726882736064,75,23,4,0.9978307095479688,1
1458.1864127540166,24.738891259652007,0.441907791924951,62,5,0,0.1048287989523411,0
2609.024527443947,222.55412275392064,0.7173015825392166,59,19,3,0.38977769632335657,1
5722.917900028119,112.68768680894874,0.3861677186651957,25,22,3,0.3845005390937787,1
3802.1371176821285,22.54014033017563,0.5219507706027473,37,23,2,0.530530689655587,0
5924.306737116654,227.68797992381607,0.9385396893954949,55,8,2,0.6488166444306381,1
530.187491596275,106.04554924309845,0.6667003238742636,68,30,2,0.28547311071136594,0
5245.181483648969,278.6671675976977,0.2493162004528472,48,2,3,0.5092648445410287,1
5666.131607987493,193.23746801662008,0.9221386796964586,63,11,3,0.606596948748876,1
427.8044568572673,8.690478335506214,0.571113666837943,26,34,3,0.4356318615906186,0
3113.1098096169594,219.37268162049475,0.9578748102957123,23,9,0,0.01987726634766196,1
1541.523521548354,66.69271975366753,0.018439072711397775,53,20,4,0.4868826122919926,0
171.02019481307283,122.16316561885438,0.15230879193497815,35,37,0,0.9370096442470504,0
4841.388326993936,165.82573293021008,0.29150132396360695,45,28,0,0.358323850781993,1
593.0589237837924,75.12021813150618,0.7396915448449578,53,5,4,0.43668991176042826,0
1837.9049589623655,108.22771724986758,0.9569688140146322,55,28,4,0.20957651749193396,0
3108.7685914453464,25.345505212449748,0.3477450397287144,34,14,3,0.24683781583597197,0
1463.878016795647,179.81617665448937,0.4071569094297933,40,15,3,0.9981820099670033,0
2543.762532807983,254.58021942540262,0.42960963312767386,43,25,0,0.5468483857547672,0
2741.0109113175613,229.14043328793807,0.08576346429860382,79,35,1,0.5378392022367926,0
1242.245827611426,230.22746686849024,0.9684008208186236,19,39,1,0.4817619970895265,1
3895.691945720438,168.0355807891587,0.42438536758265033,61,14,4,0.3905168919271087,0
4830.421146795775,297.71399403410635,0.6563985536222858,33,35,4,0.6893129364207939,0
182.74916416945186,55.59036789106925,0.9685632958496578,51,14,0,0.2095497603092975,0
4365.844609339718,80.86490517436211,0.1782274432679145,72,25,3,0.9975102739376134,1
526.3532216698288,27.604436097948604,0.5197857430142028,33,14,1,0.40270884268085516,1
2922.3809398740714,25.404612620268672,0.6238370210993229,74,34,1,0.2879080936730938,1
4087.4150600535277,299.4173523117507,0.6335161667899819,20,31,4,0.2924639436248726,0
919.594196469014,218.63328333486103,0.11798487291885074,36,4,2,0.6796728933177423,0
2609.009503464712,110.13771886830625,0.6971771043366483,55,19,4,0.2527346273855251,0
5777.501527696607,53.1605368811205,0.8595446275579844,43,7,2,0.972854563591017,1
3885.8978935574423,184.53789556607194,0.03857773348725635,70,9,4,0.43638687818344013,1
1199.6457858405458,62.13763224217808,0.5728076721767098,44,13,0,0.7695558677522534,0
876.5975285310064,145.48365792418747,0.3775836352733658,44,38,3,0.13073004506078634,0
4291.146318638565,163.52651106617236,0.14978522223897395,54,29,3,0.9884877306225555,1
3958.756614907266,14.828921254284278,0.7873366952718548,33,19,4,0.22412736619589535,1
3084.4744292977707,171.93330119542446,0.44579606935691707,41,4,1,0.2818940565422273,0
950.7969978356545,247.0647669765062,0.1297400901479162,25,6,1,0.49184720697315565,0
4380.461414655218,152.7388405876696,0.3146490022554188,57,39,1,0.8399610782248069,1
4198.483359462134,124.68052582571356,0.610032712184438,55,36,0,0.4496370016517125,0
717.5713834904602,59.911787147665386,0.5789437228518991,29,19,4,0.83648639673019,0
5807.888867915579,282.09460343533175,0.9816050725276414,32,23,2,0.4558000731982089,1
5812.607446398721,198.31552260056236,0.1706374817012316,53,38,0,0.8160825665021351,1
5236.402281381843,237.50448155508386,0.7546609802710088,40,27,0,0.5170620182304515,1
4844.920534274686,294.1940571767538,0.305596359729296,71,31,3,0.1399920133449889,0
4099.677958578161,228.7273651225017,0.8937969309106536,56,18,1,0.6947289104546358,0
1168.4232377180567,80.58450672128434,0.6299685594051986,76,3,4,0.4553549020701978,0
2011.3151460109998,210.6686031626276,0.18674174842066427,69,37,4,0.2261583457310964,0
1641.9453597405407,184.2443869738676,0.34907670430919335,61,22,1,0.15581296828538316,0
1421.072521559139,228.00048158196708,0.4525283076019969,49,8,4,0.06117492073973363,0
1036.317047523769,21.808239240228446,0.7791503405011598,43,19,1,0.9864696622192882,0
42.273461772623186,289.12318923391337,0.6148429228846436,32,27,0,0.5336068881753946,0
3134.2019299773806,230.73767487286054,0.9100197271664611,42,1,3,0.28323311431606346,0
4174.824094640405,229.304253452992,0.7672121162597192,67,36,1,0.19859164977123211,1
2581.4692750096424,179.01284159155972,0.12170797364486052,61,30,4,0.20619685929828802,1
164.53670271878795,299.5211815183373,0.4408429146830617,40,13,4,0.8712023947948243,1
2759.0425134332854,74.35037081045978,0.34913695243576304,45,4,2,0.07713686693648791,1
814.4718719746602,9.44474503584627,0.5404182174677581,46,24,4,0.13443210975267428,0
3052.958107703108,280.4136703922505,0.9535977654654904,73,8,3,0.04935321025824835,1
2372.2602062216024,251.65337695666256,0.7190823108688288,18,4,1,0.9430762349804106,0
4075.9689101728054,131.32300019231488,0.06047290508729819,48,15,1,0.5802768036915297,0
2552.8207611671505,4.6405163278440025,0.39879425877108876,45,9,4,0.8103658698585997,1
71.83167348361545,143.9480420234672,0.22886300764636103,26,31,1,0.9218007311275538,0
5495.971059651722,181.03956719205917,0.6164647094613046,30,32,1,0.5745091300446001,1
4542.2244224259675,260.86071445028773,0.7320200764116634,50,1,1,0.5335759928091447,1
4079.2495907340904,97.82541582335637,0.8140304943571063,30,27,2,0.9712976875810739,1
1575.6756192846744,261.71931042391606,0.14728209157748018,72,30,0,0.40917751239614053,0
5545.469834922226,284.5196527825847,0.6677638083551657,19,11,4,0.7684496662225525,1
5005.575004374101,110.82852306030571,0.8178280564654722,18,39,3,0.7968763677459312,1
850.82430698037,241.76137559691284,0.9202730424187229,78,14,2,0.33856576199105837,0
2217.413652954444,13.508859382202033,0.3522823604502029,62,2,1,0.9650932923823057,0
2312.8974627835864,12.648031977813023,0.014572546047838753,63,20,1,0.8355753564242807,0
151.46679269250865,126.504351451638,0.7155992595099193,67,14,1,0.5561100203343867,0
5808.155880398654,120.85481496907147,0.24560992314227714,60,2,1,0.40327250192828534,0
3828.8125354169056,238.707450905253,0.9930594735579629,77,11,4,0.6888792591511339,0
223.4555898405698,202.21780510941096,0.9400014757756753,40,23,3,0.5718232278115173,0
5269.370174315917,218.8432296296116,0.35083029017048173,50,31,1,0.8767348328596127,1
5965.531117598868,230.68443691222774,0.7150711010396827,22,5,0,0.18738660252590766,1
5597.082784252768,164.87850502391004,0.1910228780913925,54,20,1,0.8299399871389637,0
5787.7225661020075,152.48517058718235,0.427195804301037,66,1,3,0.15187960412218604,0
287.15899028325185,61.942649143573945,0.13517239689496396,61,32,0,0.4750900956871895,0
4390.749244420662,61.782090592671636,0.8646077521894703,19,36,3,0.35708252871750434,1
5236.088677866599,71.52778609474476,0.912686041879361,41,32,0,0.8778614162183781,1
822.7984447072104,24.296376155612986,0.314343065243173,61,14,2,0.01770087797901465,0
4827.8448534467425,108.279875384432,0.23413554230553757,63,13,0,0.8462926350150638,1
3573.2112964754883,197.13059172056774,0.2733761072690367,30,23,3,0.2748275231666264,1
2720.598319697221,103.6297907826824,0.04254719347243596,54,18,3,0.7508215332473686,0
2949.3689423936894,110.83755486977095,0.9168149923095933,43,10,0,0.7638406285992091,0
5619.7790064972505,144.65165248197485,0.12096187659921465,29,20,1,0.438785958631112,1
2216.0358053976943,35.67290345577574,0.049128132094155785,42,36,0,0.352671411283741,0
451.18121018385335,183.52252034983508,0.56753837314645,22,32,1,0.5405679640259758,0
2034.4958434047223,113.67116443431561,0.28975779468236595,44,25,1,0.8542075227703216,0
2077.365867218035,114.25508161816097,0.9242635852368148,43,35,0,0.5960504395625069,0
353.75223050735667,96.54644511128923,0.2878627062418979,35,4,3,0.7438049659975734,0
4345.820794268475,52.51770482732939,0.30936055017447517,62,2,4,0.37435548700222865,0
1074.0496043935555,279.6277997310921,0.9103120979714306,54,4,4,0.8823697359115718,1
2176.0958981906297,215.23175094360343,0.374196688919484,24,36,2,0.263359043201276,0
5181.616339695764,77.36005005674559,0.0003428953445491212,61,17,4,0.29530487820212836,1
825.0635142938293,4.079236971843125,0.4985845437756713,21,17,1,0.48968842037027716,0
1327.3540603087447,189.88888799286457,0.5131540673738701,25,11,2,0.030925206502360192,0
5653.942646024233,222.28496757430497,0.7465985197571369,52,33,3,0.22498803880713858,0
5360.648503765075,72.62839926047506,0.3264963064733286,25,23,3,0.9609173166747698,0
823.5700177542124,71.01970043009858,0.8720339510639765,20,11,1,0.11356776539017144,0
4515.406390549128,143.22405441222386,0.27841961124685644,22,15,4,0.9575252482054772,1
1109.251808841663,203.60480405847503,0.6951659301075874,30,34,0,0.7274684115434698,0
3008.230255681726,227.01716824335094,0.24507142999004328,75,28,0,0.9206213201134296,1
5351.790027009509,152.5026573205059,0.23935419056453255,55,13,2,0.41085775354646115,0
1880.7222619184083,92.84713973194103,0.03693222461716017,29,5,0,0.7966784974780841,0
756.159164680325,240.92619850298817,0.8461891855330493,20,2,1,0.43638086427569356,1
608.6766098726946,216.69656978279943,0.3192526882293705,50,20,1,0.6065657910454951,0
2806.1988688352185,15.559923340162607,0.25705217254557755,31,1,0,0.46097323049241945,0
3218.121270707002,232.87481295033976,0.04776931956239816,24,38,1,0.49756848017214794,0
799.408235889817,152.49509215499282,0.08070430187545374,27,37,3,0.026985734876597722,0
5608.073188015389,99.386306043903,0.8503687001393535,56,22,3,0.09948364067020476,1
5977.522859381039,142.82740544143414,0.07200564404760168,30,4,2,0.4906087900558632,0
3058.340618528004,11.321353942552758,0.39387579486066737,46,18,3,0.494499570791183,0
4885.867424569525,1.878298050934879,0.776110128729363,70,12,3,0.7359746960196824,1
4390.0807068406375,160.63850775977082,0.6473010043363414,73,4,3,0.8892444878143091,0
3521.7549250653024,281.04482703276085,0.4112718129437424,28,26,1,0.9968613725267119,0
1995.7405135175181,163.07056364321224,0.8296914411526488,63,2,4,0.6633541854084444,1
3624.164624262534,206.3062345692684,0.7320156978349677,52,6,4,0.708716670689428,0
5420.890293585935,225.87921075512398,0.5074304995412702,55,18,4,0.470192638165258,1
1071.2416479204571,36.249511836804274,0.6586012108960045,56,34,1,0.7732426363396621,1
792.4426543464184,201.0279055960851,0.3353725545011854,64,3,4,0.7845498708772869,0
1541.132270986274,99.57181933189273,0.7360218472374817,73,34,1,0.9260410823837639,0
4287.65620920115,71.56879459605072,0.1575465095730192,61,14,3,0.5675988825649756,0
1174.3663498057565,240.91236358347595,0.4600225048586015,61,32,0,0.6462207765547145,0
5869.97127224846,44.70572723959542,0.5200491850692556,66,34,4,0.5000139939291578,0
2548.8758928796647,158.96689863919212,0.5267955740858347,21,10,1,0.632854767571857,0
4494.914989080428,295.3872834391778,0.5419882970977592,60,37,3,0.19410679868797676,1
4003.1150399780217,81.32804091684983,0.9646766162305701,21,35,3,0.9131255710115891,1
3305.902534004944,229.34116736225448,0.7588005234338953,46,7,2,0.15173779418911637,0
805.3947072167363,271.0863228429641,0.377272429369663,56,34,0,0.8619637302257319,1
4727.9449796076715,15.865125502566224,0.7869465703620632,40,9,2,0.31890103718903284,1
2671.2678259353747,224.62911158287937,0.2466325272214983,55,27,2,0.487196228826532,1
3803.012551154693,115.38021759503664,0.9498825847616688,77,8,3,0.35106844844566687,0
4300.848540487604,245.05203793470204,0.8721731870640703,69,9,0,0.4581450558987974,0
911.0621060243976,236.0968533517789,0.6251636452016428,58,36,2,0.08472126612126207,1
2830.9144726590116,252.790458690639,0.7897580632385033,18,15,0,0.0031168601393725126,0
4730.658891478747,214.08935306168735,0.9144820575796702,72,38,4,0.2979070799196082,1
981.1588291869955,240.56330836641797,0.8303594998879259,43,16,3,0.7951259672678491,0
4347.459315524004,175.49056487195696,0.7007511895824118,75,18,0,0.021358855642761965,0
4037.0112791889096,299.8406839603339,0.9532027906629007,37,24,2,0.7770329644875558,0
4527.759036165334,256.1936911112084,0.678545773056682,56,9,4,0.32740306439247535,1
3423.757734458391,128.66066231942733,0.3860631584185572,51,7,1,0.8347121346547937,1
2314.1430161385388,143.7614180292574,0.11442814797908574,18,39,4,0.9725348878801721,1
4395.9881509134275,87.24698463497342,0.8210073362690948,79,34,1,0.05415577156876639,0
1431.9543807943598,231.65339520078436,0.5465087270940889,28,1,0,0.5314768184005686,0
5119.906985376121,92.38330055688083,0.7205281980579594,79,14,1,0.7637383885127088,1
4336.531223030462,113.10022664513383,0.48238902778462556,32,37,3,0.47243343340789556,0
5562.6855106354,177.027016482801,0.34603897327358746,39,19,3,0.07861288931036814,1
4818.780808373376,44.54776286054154,0.4220648661330051,52,38,0,0.021408262847400272,1
4439.669068056646,97.85796949924888,0.3845869225651478,32,25,3,0.8388009333271008,0
5194.693025474091,165.98862246097355,0.9900564251379038,40,7,4,0.6328793250654596,0
3650.2546725837024,150.8133317033185,0.7475808769363329,36,8,0,0.5291171585557324,1
197.23127038444824,106.58138416975913,0.3815870211137624,29,31,1,0.7009513385643332,0
3165.208199527451,204.58782055492998,0.6296933753352735,63,34,0,0.08051120239505027,1
4102.420989353389,273.139477594337,0.6076816404680248,52,14,4,0.4753778297394391,1
5154.0840558261125,123.22828981147845,0.8639578915062359,42,39,4,0.7923532861568201,1
2786.872095251969,6.199775107570938,0.0676468745432921,33,20,2,0.4803158350068808,0
3123.228017043121,231.16217239113038,0.5445274870111707,67,7,4,0.37500243459728655,1
3771.536752008201,10.192218043479762,0.04135117271568156,58,37,0,0.2537272141925342,0
5986.041972123377,241.05709398737062,0.8058076270983664,21,16,0,0.6900852783163275,1
3859.725447584522,192.44891315143693,0.744732812770116,48,24,0,0.7506737750690123,1
2394.571248817787,209.70862558301116,0.8501484029691808,60,38,2,0.584723685932931,1
5841.984365392266,174.50883570312737,0.3266267300395582,38,22,4,0.18779823320913835,0
2697.1560596198724,62.16995640971407,0.737820890553515,52,34,1,0.07075729385080365,0
5791.217581581519,106.98590077709285,0.8490127204408142,18,5,1,0.48733821205097516,1
4603.618639577804,52.013647043727815,0.2894844765300856,37,34,0,0.4325505945963741,0
1209.3054835843886,102.17931170891615,0.06754766454642025,65,35,3,0.13421041694259384,0
1239.8500633548745,64.10536278160666,0.5229323017601104,71,18,3,0.9699284807267947,0
4924.141262547927,292.4550610178908,0.08909090256220276,75,37,2,0.9270856863146838,0
587.8073179710008,239.40558269406708,0.3643238006238534,72,4,0,0.7895629654019989,1
3502.686071511634,101.54751766849992,0.3809895050800286,51,9,1,0.4692023007795256,0
586.7502672231905,269.35535940078927,0.8214899928923783,58,5,4,0.7891010616245419,0
5030.365681669342,203.1796758137435,0.938949492865385,35,25,4,0.5900607994094043,0
2219.6563953722425,16.588160262126593,0.1396263051383887,69,1,4,0.8526174232614283,0
4403.643414959224,160.8417414329162,0.061917505946549545,56,4,2,0.02471982705318365,0
4339.618946423761,236.237814757747,0.13623907591929862,49,31,4,0.21605880302791114,0
1401.620664645803,236.04822283765503,0.08186284919816333,35,33,0,0.07942687920522273,0
1311.248794506976,142.79192152072446,0.5503698314534835,54,2,3,0.5900194481974128,0
622.5435164711424,247.79992082694235,0.442745659884613,51,34,4,0.42808743534391214,0
1052.3776857529215,183.61009898459457,0.022097691094472793,50,29,4,0.15188386299334045,1
677.3818223198069,298.38558596359894,0.8971131139520055,65,12,1,0.4196281997531093,0
368.61357918491876,212.7214379191989,0.26752747244844577,24,11,3,0.07690939108154116,0
3807.1768868582553,165.55514334108258,0.502531154695732,77,5,3,0.4878021402231586,1
3748.720386884643,50.91293990497432,0.7397754445566298,64,19,0,0.04088554925187904,0
4039.6049328337594,298.71835881912455,0.9048573973011481,40,21,1,0.6620001566044663,1
2864.932536549576,194.96090566396194,0.7208316316711619,56,19,2,0.21463634997516834,0
4684.823116414774,282.0092138634589,0.5959738112433983,35,29,1,0.4497356405935632,0
1891.9463770248988,23.790016369244206,0.5655231030966316,61,19,3,0.17202125765148712,1
4256.467004172936,254.2744615277961,0.38769443913259194,36,5,3,0.3967095844834678,1
954.3983671334255,41.5525504056409,0.8505928418842388,23,32,1,0.5356227895546801,0
5605.935681090679,203.23492044933835,0.3293876083931334,73,30,3,0.7912627496899544,1
4618.170585669935,62.334517504001276,0.8769309252283971,36,5,3,0.5475493691123214,1
1108.3883973055565,282.6313398936851,0.4529228631573132,77,19,1,0.9478889119744638,1
5568.789531439593,132.12888080299004,0.6744292675445893,54,28,4,0.26841683576488307,1
5947.057388245618,35.64749809511224,0.12272397665665002,60,35,0,0.758137179171983,0
5468.167396729414,199.52721538636453,0.4651388848981237,72,27,3,0.30141407631736494,0
3475.827831094718,182.12390064056927,0.6730956680194348,44,15,2,0.36387723928000826,1
2576.565582618617,228.32917779033573,0.3690793554848538,35,8,2,0.6640444929453316,1
3127.8669161513453,54.14982743936279,0.40721527574303984,61,9,4,0.6890092826071457,0
1924.1324292719444,71.18914368136728,0.1637230940125729,54,19,2,0.030921795749024095,0
2603.445200128758,283.008484231602,0.30013759221604897,46,10,3,0.48425148848059696,0
4941.7413852132995,18.782120271332438,0.38631944640991234,35,6,2,0.04090657090944372,0
3394.4537113394654,115.94887341520993,0.05915368721004621,36,4,2,0.9483736975271096,0
550.2656538623941,118.3402285379211,0.8693799987286194,62,31,4,0.8363369981432803,0
5227.196811589572,271.3620677057684,0.47608435786382974,46,37,3,0.08541679022391879,1
3163.8253550458785,266.11094783338825,0.6779909673454382,71,38,0,0.8719574434037707,0
5999.200526217486,283.6764399135599,0.07552486103314493,39,31,4,0.20747685952134676,0
1112.3424452333668,98.6571312800579,0.779518759043875,67,14,1,0.4063044385821081,0
183.4794731665885,213.72998265838584,0.8920399550653875,22,17,2,0.9748223892660424,0
2768.593126535472,43.42460954423516,0.17554075612381115,33,34,2,0.5561982868756098,0
2911.3869666482706,285.20642594599894,0.47178321256984745,18,19,4,0.9727447956327865,1
1695.2160522010356,7.893042199479428,0.2766086314698609,20,16,0,0.47404128978767435,0
42.57146014424294,86.61643109176337,0.2757687409130912,28,16,0,0.7135838449233316,0
4176.515233477761,56.57576728484639,0.9126672785744171,31,27,2,0.3289014327483192,0
2128.556450012114,4.9715138019440825,0.6836717202169269,64,22,3,0.1658037407834122,0
2127.2099107047493,127.83417954596354,0.0692002671932106,79,1,2,0.9213901139893425,0
391.6852777102557,95.62805126216263,0.7821795607563219,42,3,2,0.09674270622690939,0
3033.018507551218,23.23476059375991,0.5965087813691,42,21,3,0.749092659654151,0
2896.305485238498,236.7446518270655,0.09263532493385829,65,1,1,0.4965601899704958,0
3399.1769731620943,288.3770953493131,0.6415444825176824,75,22,0,0.9476614005537436,1
274.0010892002403,204.53169619535882,0.8535442256999982,23,1,4,0.12132535337245576,0
28.868985464224632,189.4644305810089,0.3600097239906094,57,2,1,0.511736571662548,0
4927.671846832097,205.878774420524,0.03878719060707536,47,19,2,0.3368877410542689,0
2994.235979970336,225.04428913022483,0.28252507145662853,51,37,3,0.7226528168891717,1
3600.5971201894,138.02514288759127,0.09205046872696321,76,18,1,0.3548613050437339,1
4976.290534702423,160.31013010341738,0.013007849175806108,42,11,1,0.4140872437099711,0
1719.0448957659291,94.39356313181099,0.8713269320485266,30,17,4,0.9320072668380004,0
166.24828302504795,239.13878329697533,0.34315886190949274,23,19,1,0.3161211278201158,0
618.7230362943086,233.1103108224015,0.811173474507619,71,6,1,0.8280710791563876,0
4667.107802780462,118.42272996805809,0.24305184544250324,79,25,3,0.5334275458673984,0
1057.2629761485737,238.85529667045867,0.9019908534539165,53,28,3,0.24799443592941117,0
44.25888220902449,243.68246294701422,0.3233484537238277,69,5,2,0.5265126090764676,0
5136.882666874294,255.53627977684192,0.4759365606996423,62,32,4,0.4496072260035525,1
2566.8099545458813,184.36500859414474,0.9170001226929474,75,4,4,0.5984456538656282,0
801.2666457236621,20.001752449373743,0.7008067344398275,44,31,0,0.767097854323517,0
5770.353432336071,255.39845734010902,0.8901659895601973,26,9,1,0.4575000269978857,0
5573.984946257161,162.7610377376582,0.34944323271782773,34,33,1,0.38964074205496146,1
1308.4167445024668,144.79963863406502,0.9871149895280985,61,28,2,0.6205716471808568,0
3422.8945122230384,182.83423422028739,0.43932809505998194,74,25,3,0.1587746557331946,0
863.8651756515939,205.22538616360012,0.04853971281135394,42,25,2,0.38464764517563665,0
2066.962717509483,105.58213495425622,0.3639414665007127,50,34,2,0.6492978949852106,1
5783.651149431503,126.94508601673317,0.07023203973384551,32,22,3,0.3612567049489904,0
3898.569545173064,99.96090665192172,0.9134695823212855,27,3,4,0.40096944997505757,0
2323.3225252563575,164.49603842713452,0.9988585278432197,57,36,2,0.7324432731176158,0
5815.558045183439,195.68169965639908,0.08794208700826822,61,12,1,0.9536693695548754,1
556.4367445700096,237.66952846425738,0.6599927834773202,72,9,2,0.566064153931456,0
815.1213711827304,261.5233371105765,0.12853934718158033,29,8,1,0.4985429374577658,0
4237.048016856869,83.14880259371758,0.06335886161082016,74,25,1,0.5094978735442779,0
1623.9123825072404,199.8435270736355,0.06505414854442715,19,21,0,0.1721864853103532,0
5015.14735629763,284.7801565873376,0.4941771607775448,29,25,0,0.957276265233359,1
732.9513454136387,275.10338717442033,0.99818303122144,60,25,3,0.25847045804382673,0
411.39193016661864,186.53927457007825,0.23063139168507396,44,31,2,0.9528361671737176,1
4574.801932570875,3.426405888416606,0.2430081687207456,19,11,4,0.15182180697586267,1
3682.052487744095,52.929121104140044,0.46511005143122863,51,10,2,0.13665571700241808,0
2037.3220030446594,124.89633321726149,0.3891694071351133,67,23,4,0.34405285702633825,0
3036.9718625348814,66.8532232393341,0.8064631298699024,37,31,2,0.6607402886316576,0
5240.765189409167,271.8062752064857,0.251454121872724,34,15,1,0.36621421741262816,0
4400.913798693967,264.4027964504903,0.2360281183341072,44,6,2,0.5429663007623874,1
5227.448692474642,54.433029874807815,0.2406020726242738,79,16,2,0.8268527634589291,0
431.63604904580234,226.8212173983253,0.8664450251136564,72,30,2,0.57068213086701,0
1541.7639023731838,208.6995568300869,0.26807976765730746,69,5,3,0.4679501094300993,0
4124.927878040972,50.365442271171965,0.4552879668987313,66,6,0,0.3592180282626193,0
3893.10082791435,63.50314544215281,0.4273022869043207,22,19,1,0.947264969408408,0
5472.153795909536,221.44802001873649,0.7874272133691846,67,16,4,0.6602440389307556,1
2826.767567477924,122.57560306277998,0.08832733119829361,48,33,1,0.7994621555677149,0
1567.0426933168555,58.52540710917472,0.5225878451190048,79,36,0,0.15754788107433804,1
5697.2693740822915,254.25503327930025,0.13393706541525274,67,21,4,0.24952719318044292,0
3426.8365496086262,225.55865533717113,0.9635704516922843,22,37,4,0.940995014436105,0
1432.882319980387,53.68635287936389,0.1905654953143151,64,29,4,0.846852789019657,0
3218.4783191531747,239.86648824900567,0.43972676852950865,73,39,3,0.04144176358512752,0
4903.275739431018,232.4594375753811,0.14346748125352315,77,34,3,0.25892065061553426,1
1758.4354998426263,23.82215425477987,0.6521628177989305,29,35,1,0.8417043438952181,1
5053.275502449156,249.27830963251654,0.14581186691622594,61,24,2,0.544258232931518,0
5905.354925539219,282.3259680093957,0.9368234176699338,31,3,2,0.5776070560483284,1
4304.227359380175,254.50640975476801,0.7038794765436673,59,31,2,0.08023902667653726,0
1315.8600573071412,153.6656083978282,0.753002605702803,45,4,1,0.07578332421925182,1
5533.581125521226,219.1075371632558,0.15232752680767203,56,39,0,0.2111777130020871,1
4173.936118426189,238.5054968299736,0.6513563979918057,18,19,0,0.7495745590545758,0
4577.453891438095,95.18591533914456,0.5555674153157184,50,26,3,0.824671232144076,1
4894.812104388676,96.1560371575519,0.28013711848128386,22,36,0,0.7237768742364612,0
4213.020699884549,206.8975640636259,0.9163766139994508,47,9,3,0.27950891108972664,1
876.5769907949518,128.48052255728405,0.37751399354913096,37,33,4,0.5705598143583304,0
56.288383611518064,70.21843275557393,0.11853061864969028,36,31,1,0.703383275659793,0
3344.1379526076826,141.08816185305255,0.7095986605290266,76,22,0,0.286884137413717,1
4793.003063761584,0.9763785319640061,0.5741562614650951,51,1,4,0.8435181440724214,0
398.1082543243708,94.31753199783897,0.9627501903803886,58,10,2,0.42918653612283275,0
1672.8011930223195,73.18882289032403,0.6232762747495564,46,38,2,0.5661031528518744,0
5632.623424141188,279.3870237092303,0.6390245941203617,51,12,3,0.5235892565678028,0
5661.031397170052,295.24661369058134,0.7222178024550346,59,28,0,0.08147588337517964,0
4360.845348386574,39.70007835396734,0.7999702344864974,54,29,3,0.5166088936518772,0
2429.5288857793557,162.97772334826206,0.23475179444169325,45,5,4,0.773404958455276,0
5999.458501095762,35.592685310032714,0.8422603620915158,56,6,4,0.07159514675462642,1
3314.0252035615117,289.49620997363803,0.6280061106100607,64,20,1,0.39341932820603254,0
1255.651189526867,9.78737548267632,0.3617930368295269,57,14,2,0.9284928622837807,1
769.0373488262901,258.3602968086086,0.11683020219434792,65,33,4,0.8399022799238947,0
997.8446302760032,228.2234031868705,0.9743425887517622,72,30,3,0.4792419541195867,0
5664.416982039666,1.7727028007242018,0.6674690003084409,26,31,0,0.6423657377446524,1
3718.8803711871888,182.38813423813463,0.44560240448032973,28,4,3,0.07602036270443913,0
532.698317239212,19.864727390550097,0.7719979851002848,30,14,1,0.865920847024667,0
2697.4753552411967,208.31126984727547,0.2663883197167397,45,13,0,0.167219671936509,0
74.88531023206326,275.9900949154994,0.18385432529636858,51,32,0,0.8852025408983609,0
3069.4601595027666,122.78954012816675,0.7977066061242168,37,11,2,0.13673333023782264,1
1500.575321068717,275.3547562623925,0.9213860683621302,28,12,2,0.6954924133069225,0
4813.977976428735,98.40229659563113,0.5713141549745233,54,8,3,0.6223308691234772,1
2264.9728144875116,62.87058184007912,0.6086066880256392,29,15,0,0.06585705966821365,0
3721.076732353542,112.4474736888434,0.8736421009720537,44,24,0,0.5101230242839128,0
128.07301056835897,76.25964824428505,0.8532872949493809,22,1,4,0.9033379346482446,0
5457.63677762065,78.72806390670966,0.9558844326110658,32,32,4,0.8652163579002065,1
4447.224252190938,231.54926433704165,0.3294195995686763,68,30,0,0.5084031229853752,0
334.39444826848825,12.079621004969043,0.4618416895080685,24,24,2,0.8708319814300854,0
5697.584533579392,141.1728489024636,0.6796596646152608,61,9,0,0.37604208956613905,1
868.27297733817,41.88985160274863,0.45290817426586316,78,18,3,0.5496308438594747,0
594.7958432575907,213.6503270609286,0.3680094587072301,57,13,1,0.5312629868122953,0
863.1292176155598,236.76973658632647,0.22843479538169575,42,30,1,0.9006426901478308,0
2912.9012983557727,206.02718132009414,0.4801648991395806,63,25,2,0.1817928026587904,0
585.184997059356,42.48711728035989,0.7282241118173421,78,33,4,0.3499733360517613,0
3280.113811698114,5.140058158713645,0.4071956419184303,45,1,4,0.4164126273021932,0
330.24795854359314,177.457220025776,0.04728008262403083,58,33,0,0.2927267729587796,0
3127.3146748005715,167.65156090523448,0.25587218287420244,71,30,2,0.3324705482811955,0
400.50279031225307,254.97837416070143,0.3564881318757359,27,30,2,0.1543524254787655,0
1813.9291831173578,80.54091894577256,0.41878595618826553,20,17,0,0.4384850359685255,0
3783.828438143924,178.49246092334593,0.7581435299270397,43,19,2,0.21608679460795766,1
1989.2938500003108,267.90355156493285,0.2657511589485785,24,31,3,0.30194352623712184,0
5862.5930118508,112.16956681306738,0.362577902810888,39,33,0,0.8350062032559591,1
1058.969739033397,107.0874109349643,0.024847235496346376,38,21,3,0.9124833430619859,0
2172.7658038615937,248.68672382980475,0.3005324008146536,70,14,2,0.051066048028577615,0
2825.6768259768824,298.1075003264563,0.83883597560816,44,19,0,0.22035714678059382,0
5555.672173004608,160.8570547480753,0.06312998489964106,50,22,4,0.03333830503359447,0
2696.7521951654517,75.89593893460606,0.1959225144402691,44,31,4,0.9775588350493071,1
1239.8945507074743,85.97037358329143,0.8135002944751435,66,19,0,0.25028086993373255,0
2776.248190125321,34.40599540851482,0.5053539650857833,22,10,4,0.6458779883483688,1
3133.5383773678473,34.647849516028316,0.5216162161286841,58,5,2,0.9420702941756377,0
2615.8259408329304,188.39422364638625,0.6718964204668701,78,21,0,0.32260414280400884,0
1949.2237621180145,283.3703436560715,0.9554025063367021,77,29,2,0.25341338056225315,0
5396.076963152568,141.5334064600974,0.9821056408614898,56,6,4,0.1296932626017835,1
2569.213741986373,122.29548806166098,0.718987997227453,54,21,1,0.6965942434878932,0
1652.7621401357148,118.75228596728694,0.1060080199409339,62,28,1,0.42128562748862075,0
3991.7781807025162,221.40976552319967,0.517706716968697,32,5,2,0.5144678865909583,0
5502.428164044917,124.90234771970084,0.6168296692532169,58,24,1,0.36110273053706143,1
4508.122781105659,140.6404393066095,0.5979071674975402,59,39,3,0.9193245302825347,1
4946.987327579571,80.67519491095588,0.31242159213577536,69,5,0,0.09487248816974236,1
4388.925623692339,220.2284999005623,0.43825729250833323,63,34,0,0.13804995538936748,1
581.4701331582645,41.72288489529965,0.24998670065937578,66,39,1,0.07067272496046939,0
2307.6171881651844,45.84616798609149,0.7526755027356542,37,13,4,0.134108368496634,1
3189.8924575163114,238.08290786769862,0.7958169480615582,61,8,2,0.4478251114085351,0
126.39196748351752,272.176008414138,0.8644866208225318,25,37,0,0.5074451909500937,0
3506.659102961576,272.2159554102418,0.24802954387256926,27,25,0,0.6649377624189355,0
2418.0615890922377,109.49963060357018,0.35447999445024825,71,35,4,0.5248643674015704,0
3953.0360396882197,33.95668001151786,0.07919842980310343,61,27,2,0.8306265910555307,1
1331.110913889175,130.73650460788718,0.728645674635141,70,5,0,0.46102449970743664,0
3822.0688513040473,219.74275042481298,0.96011908962959,63,25,0,0.8919522301401845,0
1535.2079470405022,28.44306689517505,0.7372148875941084,75,30,0,0.816242564273627,0
5896.9719994641655,86.5845282505067,0.7961512387112722,40,32,2,0.20125527848904556,1
3534.9364857724563,283.74900371854034,0.10704076336696633,32,2,2,0.6116565682327181,0
4812.290880638223,260.8133774252261,0.30721219629837293,24,18,4,0.33988191578232896,1
309.3706450089035,244.60329087291802,0.7689157531272769,74,2,1,0.4203044080340621,1
5021.91760729389,297.04021771357174,0.8151880753148398,47,1,3,0.42689667890171823,1
3230.6317513717067,182.98194270507375,0.3675898939544163,30,11,4,0.1699829818367441,0
3321.293507344925,244.20411800391352,0.17850017908638027,42,7,0,0.399885116225427,0
4706.896914936845,148.05358254920247,0.1802317733359382,55,37,2,0.705864681627929,0
4268.539249051136,58.04537063903037,0.29203975343821853,63,11,0,0.006239074452428994,1
4158.802710579181,288.1685544376832,0.7555296800939786,21,27,3,0.37485300979247993,0
5282.415778169242,115.0946640735906,0.9531010592115546,43,6,1,0.05705425020020849,1
2415.26479618619,138.01544572130445,0.7237182988395114,46,19,3,0.38876181288639267,0
1073.4788083807691,207.31249490464737,0.771276991500125,48,9,3,0.9625081320234642,0
2196.281288845801,183.43648913323008,0.5096097531941325,42,18,3,0.7856831427176535,1
3828.9582514333474,260.4384218252737,0.24651661737949393,46,15,0,0.1593042914372682,0
269.485259045912,28.694102418487223,0.07858357047508291,48,17,0,0.9329952999861306,1
4642.7923621223235,97.80753592401913,0.7440891847616421,46,8,3,0.16857135401891232,1
1201.4283524477723,261.06855125618233,0.17530950750336904,41,35,4,0.20762593144272867,0
1566.99044397677,210.95608261440057,0.22983664386687386,26,30,1,0.8868665885675117,0
5397.039424848212,223.1277322180199,0.0038784163809150174,33,13,0,0.07903214396853186,1
2393.1206288770713,53.7889063738943,0.48936124267612024,38,2,4,0.9158353940576508,0
3927.185012656139,246.82057217178647,0.9949693980389145,34,13,1,0.3100186178622053,1
3312.441517488885,223.3455981855618,0.07713070843928793,27,30,4,0.29973881290037274,1
3415.4212768178413,183.04678968398684,0.7461176255307633,38,12,2,0.4875757993999945,1
4932.806013992035,261.2296481694838,0.5566393973385685,45,27,4,0.2552133947873829,0
1802.9184833353715,281.71173359596605,0.44083097187280706,19,6,0,0.8961094041271518,0
5344.080962062534,200.6037714132398,0.3555236989387395,78,20,1,0.3872968453438578,0
4500.701672273251,130.90730535299068,0.1782889320490041,18,10,2,0.9714565970811734,0
2965.176924836155,198.91696163166398,0.38274179061142677,24,21,3,0.5897364342830826,1
4136.490335498957,288.2715053141144,0.8296611071265947,23,35,3,0.292479747802191,0
4067.479823608805,201.81865231672126,0.9207947156161912,64,27,2,0.8207560081757622,0
5044.918634974769,284.9905944977373,0.996004747516062,44,26,2,0.2743010652602219,0
3150.8571500392413,88.78471171413986,0.4517495509551963,58,31,4,0.07968846729799228,1
1354.5726785369236,68.6395525523026,0.07102926725426928,61,35,1,0.7871827820640463,0
5521.254971519983,198.07265599558772,0.4494647308700719,44,24,4,0.222612014658921,0
3633.408985773713,96.6362926788547,0.5808736251407567,76,33,1,0.5521446579391239,1
2661.720887724873,114.88809326599392,0.8889096604844686,56,6,1,0.8333413842435434,0
1809.6421584230739,167.07690706629367,0.5972473526245781,24,31,1,0.09421051348447029,0
436.4820039642007,11.898971170327266,0.34644782818083086,37,23,3,0.15318898357268396,0
5422.210365534217,86.01207058401953,0.014585695507822627,31,4,0,0.881914672210714,0
540.7750496555259,259.16008878561365,0.003838189506734091,18,6,4,0.8902758966203171,0
4409.981234400726,167.49772811905785,0.02810504725129437,21,34,1,0.14419403615851767,0
1424.607263383812,52.75917097458404,0.06277972749084149,74,17,4,0.5075746473941571,1
249.45031298477198,10.454531341075713,0.588604541908051,60,39,3,0.45175479247438055,0
867.6233894933321,170.9815237399456,0.8792499063072287,24,29,2,0.8190723160482734,1
3817.55282956946,111.33702252506895,0.735273171806177,30,22,4,0.19388941318418706,1
109.92651504905189,20.380768184904376,0.25317953448180996,75,15,0,0.20529515875899906,0
1707.2531732380626,100.32678320271692,0.8167191988861457,24,35,3,0.7081471591480264,0
2443.3072079193103,167.70037550539857,0.6777374317116933,43,21,0,0.7562576536679102,0
3438.029452075682,77.24296570939282,0.6189874138542519,36,18,4,0.2613035966609507,0
1131.3433155572754,111.08980475557806,0.5056497130209838,71,20,2,0.8920510222452785,0
814.5718880369208,277.3195305900277,0.8186635212735717,57,7,2,0.6601777266639444,1
571.2725388734113,200.66071163127077,0.16766074543303544,40,1,1,0.9425874607318306,0
5991.178821996893,299.32477444859677,0.6276590294556971,42,34,0,0.6108077647337298,1
4810.870385861859,197.00596202499563,0.8492945862461282,59,27,4,0.8485502791736671,1
4402.9222740403175,19.30096695716458,0.5633170197500685,64,21,4,0.3524479431233488,1
5380.636412799221,45.47400140068625,0.79468822866073,38,11,0,0.25774740714141653,0
1627.3637353944005,20.689627817628697,0.6230123838506402,59,25,0,0.22490219188962968,0
5798.345305371893,267.98758829693395,0.304525201621886,55,13,4,0.7245717606035815,0
3231.4995633775434,96.25822329301272,0.05065196348003609,65,1,2,0.21414247203381642,0
2241.031221543769,26.405911237250912,0.4103705886289166,60,16,0,0.7873561226672804,0
2514.604715953104,260.7051701660478,0.2373724334095465,76,6,2,0.6424328906767401,0
2833.5820424195726,288.8288898377147,0.7972159600812941,78,32,0,0.3232712955629644,0
1352.1117957594495,139.06100320719295,0.4006332817663917,79,22,1,0.9377066646287432,0
342.132358275656,216.00674163574422,0.5316961354769423,75,29,4,0.7911040549595354,0
2662.800480251798,119.27894442475122,0.5659070605002416,73,10,1,0.29749022729715946,1
896.1323775341267,225.080885048863,0.37446858123219295,20,38,2,0.49785442994349316,0
844.8274632479532,241.6540623617245,0.021971363583451975,56,3,3,0.43050596877120306,0
3404.839967570773,274.42255470419906,0.11737578229366419,33,6,1,0.6376657582050848,0
1395.6495465087044,293.8534652795704,0.5197626424913715,79,34,1,0.25802848056976857,0
5674.315584801491,44.54789204989162,0.4108615861627951,39,9,2,0.7644996901547833,1
5922.025856670043,264.20087144999025,0.2304125090681014,34,2,2,0.21008231248025022,1
2539.862025693796,280.1967183315252,0.16505547198922532,44,11,0,0.9690214398207713,0
3930.453798969389,88.19085632512478,0.4968629241179414,72,17,4,0.9904914663544581,1
4503.337864691699,295.18444426712944,0.05413481464373093,75,30,3,0.3338841820393793,0
4172.059980074515,211.92224163045944,0.8358043930520791,58,19,3,0.5470915278796252,0
3450.451631393304,102.25888726011293,0.9273727133295347,56,3,2,0.013902476045424828,1
2525.9222967485753,71.2385435269286,0.3570106644074309,31,20,4,0.34214630482302066,1
5506.3701712892425,54.067047072598974,0.6799529526728351,52,37,1,0.7011483460859022,1
5671.772672863927,198.2860664144879,0.5632891708144803,52,25,1,0.8839181953037479,0
4516.922355593846,26.78120911196643,0.844329024372432,22,4,0,0.1383491188338425,1
131.25588759667409,46.861249693013306,0.4259535804814676,18,34,3,0.21895639051692983,0
2422.2072879934535,65.87346678070368,0.8709222532784123,42,37,3,0.8320759783884895,1
1810.948921815503,181.84213583711013,0.12090454960746011,52,39,4,0.9229301139063908,0
3823.636100989268,108.13711418386495,0.4768359405734288,28,37,0,0.3905421148168925,1
2734.272445691061,128.82559286823428,0.3770884089378408,29,3,2,0.28386860281390747,0
530.6292064853013,23.20681181722123,0.2624125528832484,26,4,4,0.28725353851498636,0
5677.377171511321,98.03341724806961,0.4939687075562492,18,36,0,0.14174075373118544,1
169.3942437002766,69.62653154918424,0.5322634887293718,44,38,2,0.04655743789359956,0
1239.1472780594288,23.742794626021414,0.9073844813021104,20,2,3,0.4966867420294315,0
4542.533527255674,12.59622560181175,0.25403286718677365,29,37,4,0.15839565879043505,1
4036.032819965728,119.77429509819211,0.05965245894416937,69,36,0,0.9746360520541836,0
5348.945360480524,45.073317285149805,0.3583447707571783,60,15,1,0.5527817345517467,0
1824.6129655725579,121.07490648401223,0.46260150869178207,28,20,0,0.37558989399729714,0
4542.973333044587,156.33041993160901,0.7611110283737416,19,29,4,0.7734025252204411,1
1611.8825129694087,63.05089218382244,0.7037804492756131,47,37,4,0.12519364749967998,0
1682.5434054306436,191.0604419364752,0.8923634381207929,73,1,4,0.5657810467638762,0
827.4474909601811,257.7571175291179,0.05777804629045269,27,5,0,0.23181603825708896,0
5076.357966417537,291.83368913839115,0.9334717563542921,76,33,3,0.8194325154896561,1
3933.957954421652,222.13275369808372,0.5757261310993876,48,36,4,0.790123939119665,0
5984.134692274985,183.40898175744368,0.43828179345669427,47,5,3,0.3391751586023962,1
501.2586900216212,213.1734977743203,0.15534775676389712,71,16,0,0.16732680990400162,0
1777.902253169689,31.38161780503944,0.8174696875931976,43,12,4,0.8217502538507703,1
3636.519054279086,48.0789243895848,0.41067328878079945,30,20,3,0.6484908191337675,1
2595.733060430033,19.843200616394295,0.8116201282881024,23,7,3,0.7709774597202064,1
917.4646435186581,33.98403612773332,0.9471513540455101,23,31,0,0.94245786593564,1
2631.4015985064157,11.246250531360191,0.23660826979594562,31,12,0,0.26152234438686484,0
4550.9184028365735,254.65917236621365,0.7309132431255333,79,2,3,0.2579041965311859,1
134.49598802842195,299.7952703168681,0.57184557434872,50,13,3,0.30530848293958834,0
904.059432725066,132.3769955485743,0.35512315101150416,31,1,2,0.6191092778402236,0
5522.417544872977,188.11806764260686,0.9926007324144117,33,14,3,0.7010540439004185,1
468.4189930112072,78.1944255710173,0.40450412609416475,69,3,4,0.7313626708124532,0
3972.4656621400936,55.451679242365415,0.9729803118090927,62,38,4,0.8877359078836083,0
92.51333965097271,120.46783302723773,0.4923741663801494,69,4,2,0.5270141864351212,0
1166.9410319919284,265.7353993471728,0.7970094009426137,74,29,3,0.7495153749032714,0
1342.2002071978347,261.66684020720675,0.851171609315655,71,37,3,0.8459536646509535,0
2524.402487331907,200.8474341992732,0.9084604929773957,32,2,2,0.8048201560950692,0
272.5939406994614,172.28133604189253,0.7637780247561653,48,11,1,0.47613149494247675,0
2757.6135463256837,21.95087986825094,0.7071888439798394,51,35,2,0.3642295403297897,1
3760.207484236838,137.6918747819648,0.2555058359792586,76,17,1,0.8344503792280781,1
4469.957970196585,253.89692443784037,0.09979625227815248,59,28,1,0.7070644613591263,0
3363.0702900076694,262.05704753735336,0.6798763426862238,51,12,0,0.212479188436688,0
1495.3126533373836,229.74959693063622,0.4512718246231825,78,33,4,0.975545732248305,1
4742.205305539609,259.6281678001513,0.3909438284271425,27,10,1,0.35200490635150083,0
5677.368509386874,106.08158852541332,0.38145536716604334,69,12,0,0.6724996283631219,1
2530.6755066347296,94.18332634314945,0.3450547940157549,56,33,0,0.6598838976157829,0
5731.0960857080145,199.177231105161,0.12996444427561493,41,25,0,0.6818172396512425,0
2477.277179633137,150.95301677700195,0.7595480900111863,48,9,2,0.8456078762832071,1
2231.9402288120273,68.45110106228304,0.8835528067493185,43,36,0,0.8500141198824679,0
2762.4583657017356,88.61054988732394,0.6715001062913644,19,37,0,0.9734510003280233,0
2908.495507066462,146.44197778655146,0.8099571459352919,45,38,2,0.8977480580517077,1
4955.261869689433,196.65947134264343,0.37145031284589736,37,8,0,0.6410974431633611,0
1345.1402759713203,2.235995879560404,0.7486025047183383,53,37,4,0.9914288172311905,0
3832.5747143508015,244.60056340626397,0.9172696652143495,21,19,0,0.0790669158695696,1
4507.568368412031,238.3511364182392,0.45923440799560433,33,36,4,0.12239506407051115,1
5826.2992013979765,95.61494858580046,0.735316260856276,68,18,2,0.7723299477280666,0
3311.8925900840923,130.76153384562693,0.1655470167561639,78,36,2,0.8872437573290823,0
395.1768743820228,106.3306252850412,0.42842860001864935,77,7,0,0.6647403444012693,0
5161.5595836930515,170.65455667264067,0.4991608644016118,27,35,0,0.7659219692609334,0
1289.8179379315343,159.76148101620652,0.40474604789865687,68,23,4,0.9675636620207179,0
3633.8399533797647,290.87332111128984,0.35185486970900226,68,10,3,0.4041583140377619,0
4710.266530217,255.70855802998116,0.0672239327305727,75,34,1,0.5501673027716498,1
2055.6650998404293,36.07666715678408,0.6809563314587007,66,8,2,0.22170063180066102,0
5324.282844722311,215.44980688134206,0.9773214914213091,72,2,1,0.8242588512141431,1
4298.9912978474995,211.29671351137983,0.5365401315871785,71,1,3,0.23428045538239894,1
1319.977805960015,13.190912030334934,0.8188337138668267,29,32,0,0.2960342847959335,1
2761.9612695250885,124.06010634408882,0.6509088432071964,67,29,4,0.7932980956632052,0
3342.9301466540473,227.44448695473912,0.9520320953973103,79,4,3,0.19525937900801482,0
986.5498745621131,137.46375178711855,0.6673535726218203,46,14,3,0.02460715493298271,0
1726.6725609727273,232.24307292837327,0.6698684277591942,63,6,0,0.5187594975643517,0
2942.915830875133,280.4787535548068,0.9230932538346474,56,38,2,0.5098319931061754,0
3167.658734845212,271.752492107986,0.8579269149691163,68,19,2,0.31216714015246294,1
3175.602695626621,150.77732876930628,0.2658061567904735,42,35,4,0.7369280301469038,0
5249.77218065368,137.9124558915063,0.5121316939951759,62,28,4,0.7315881153285766,1
4847.582803180202,49.06046699282014,0.27824167460476346,73,9,1,0.8342087255212361,0
3576.5687657664766,263.38167349424947,0.004315502594898768,59,37,3,0.35305345168148805,0
3223.2847383999506,97.67254947483191,0.9380272197234548,59,34,0,0.07443891948898862,1
4340.261335421969,295.1435123924532,0.9488147615886778,38,13,3,0.5646808333425023,0
1058.1361915830264,107.15744017857996,0.8819081925342441,41,4,1,0.749068010177385,1
2118.354615273891,26.543510743939603,0.036880775212158046,56,18,1,0.9149189489188145,0
365.76398825379266,70.61416059034077,0.4609554235385531,26,11,1,0.19212106174147725,0
862.261712962114,247.80020151881686,0.03468199892337276,69,24,3,0.8421065844270681,0
2200.848080569063,25.421673552060962,0.799405220763754,75,6,2,0.32922417605327337,1
175.4200956257981,32.862001646538296,0.3856389025814786,57,13,4,0.31543001177981767,0
4928.877447010965,84.56859179755783,0.3753009059321347,31,16,2,0.7497805188694833,1
140.81140444067555,185.57146989092988,0.49780951036962284,30,18,4,0.8800394382000672,0
2951.1194795396327,291.21852988215915,0.06138779318579057,24,31,0,0.3702536021854028,0
5765.733343669586,176.5399983407489,0.9125964771511841,73,39,0,0.4782780332953849,1
1676.6980056423133,279.8897166132462,0.6885265158217307,41,1,2,0.6816365706063388,0
2137.3490197161022,88.46490075670187,0.9263685015640726,41,5,0,0.21707554613114388,0
5916.04218236795,277.72195989224673,0.8341429226985368,43,22,0,0.01911167362471744,1
636.4027389247234,172.0771622208624,0.377443663835474,68,36,2,0.2671580031630628,0
3445.143930327239,245.72856799883243,0.4779860731030995,57,26,3,0.3009491389741533,0
1697.8485311798127,125.68088847136296,0.9416433967026926,40,35,2,0.5118545052121967,0
2193.603762743,166.80291523820583,0.5800990796832897,28,3,3,0.23222085471426668,1
850.5593667885613,193.8455153882681,0.9570168623727895,70,5,4,0.33573867635237387,0
2933.5155336642174,41.38496519621925,0.9990077622152682,37,8,0,0.1305657915581787,0
368.1384992918983,250.66428528561687,0.7137112842448056,31,28,3,0.4312107060023329,1
5653.784548519487,33.997110474839076,0.6157263141871089,47,8,1,0.04309625032025288,1
991.4307926103494,152.8806594305396,0.5474168917699398,36,14,1,0.6435000631071036,0
1515.9422009010702,275.0279510952629,0.6514871579164118,48,23,4,0.008101563315226379,0
216.9481780650951,277.1709151936317,0.5861617456711172,77,27,4,0.4749466080267414,0
390.47079856095,91.70398245697065,0.7615412550894781,44,11,3,0.6918641671586508,0
3965.0470639682467,23.342637969702274,0.7490253071394894,23,32,0,0.6912054365750158,1
3606.530083479698,29.05975903164829,0.9844634606819085,31,8,1,0.9342246411834711,0
5810.668138630903,161.98741555986192,0.6006691948471203,62,31,4,0.5206663770850588,0
3038.3778282443154,115.60482725085404,0.45347215696499266,71,21,0,0.20402018839883462,1
4037.044951576493,179.29927318327162,0.0743978689644984,72,9,2,0.8909406732539062,0
1689.022771865429,229.5421429340859,0.9088277507894585,20,9,4,0.2759705049002238,0
1688.0165378610625,175.29443808233677,0.8129872470985676,52,12,3,0.044127589519210364,0
2473.7467919730834,266.22499446687425,0.18660507946032823,78,1,4,0.28239928556433247,0
1382.868508948958,35.06252329761049,0.9939686126263985,30,12,1,0.15020874894144198,1
1600.4461110446375,68.920647416221,0.6597365405788909,69,8,3,0.2742084629000062,0
2588.4969616701037,45.21341209777731,0.09062105023878486,68,18,0,0.3008161872035088,0
4318.456954170513,230.6835004515254,0.44666348113208554,39,13,1,0.19385557430447165,0
4570.05007621554,217.3875614764687,0.2424007989942203,18,5,4,0.9534490981905338,0
4617.823438662092,292.4857957955466,0.21087365519193257,59,9,3,0.34353840395677215,1
3450.6096715625413,261.3140598368299,0.8305921029542424,74,29,4,0.7330071517286296,0
1453.153829208527,278.5441102235181,0.013971618950730957,41,4,1,0.9251996802358176,0
1584.6540540671128,127.99954966211145,0.3471163884466454,33,1,1,0.5236390966737559,0
2881.1097410230236,16.15625881904862,0.48770801984676637,76,24,1,0.45406207883498206,0
2540.0690959824474,1.7757148131049783,0.2122612825517325,41,15,4,0.5907882381706274,1
5328.985255042015,8.936809149033131,0.650772372286595,76,29,3,0.4667906980329035,1
930.1723010186971,281.42737301819034,0.5522418601584559,71,9,4,0.3168928293013632,0
2039.8233519941436,164.9899742083867,0.2384897061193053,27,39,0,0.023938091344973045,0
3322.4332563007106,40.55263454936673,0.531945149988521,76,28,2,0.9706604357466073,0
2006.8980669140685,0.892368875316174,0.9479409622054761,59,23,2,0.6257996449890895,0
2443.012995120332,146.03235589479075,0.7233307968184515,64,31,3,0.01319010796745379,0
2705.19230900874,271.82021255897837,0.4802242815906532,20,38,1,0.7632547623404718,0
3161.4256518014354,128.50607392631585,0.024400438936698632,47,2,4,0.5441137108380736,1
2108.693032262269,40.82350653863153,0.6039445357796646,52,8,2,0.387313045424325,0
3381.716464408663,270.3761523971726,0.3290715293509946,42,30,4,0.27716663173185985,1
1925.5580211992362,151.79607274983206,0.3113699756177467,78,5,1,0.7872975973211079,0
855.2779584102462,297.65120096850603,0.21646373346245218,57,23,4,0.7036505530553095,0
1372.132888996628,204.5612228975044,0.9758309142644791,79,22,4,0.25165358555170647,0
5106.116243964246,261.29508634143025,0.1874840331715939,79,3,2,0.18441121588366838,0
3265.344343158072,129.03600147153367,0.3935388754946728,46,28,1,0.35935266225187956,0
5896.274462751046,147.00778368655799,0.7615820925973522,60,1,4,0.7881347232056498,0
1898.8971268035336,210.94041929653014,0.25299104164401753,75,15,4,0.875661337879104,1
1533.8768662081413,161.2524632071023,0.2550670959240733,70,28,3,0.25624199260672154,0
559.9753178225927,144.10095042024216,0.8473828109004721,59,14,2,0.6810074979923609,1
5140.362647622665,45.32494727781192,0.9668520928396566,72,20,3,0.8331858441393957,1
3946.0270450380344,199.27000881246445,0.977459659046313,59,34,3,0.7234172895395896,0
5947.647368355089,158.4217792436811,0.46691071567078246,49,28,2,0.05391135564029148,1
3502.5411785253236,230.57808843920563,0.6241380841209253,37,15,3,0.8044991500399852,1
130.5504213624809,81.5011333106505,0.2849294486724575,77,27,4,0.39246234566143456,0
2860.329677146883,129.4153789063011,0.4658871868142186,44,38,1,0.06102563298579822,1
243.66900075680962,160.99253878849441,0.14729562646465777,35,24,2,0.3639183147047673,0
4001.7968584744226,150.8366484503984,0.6312902522387688,45,33,4,0.6365519259949481,0
4795.485198171253,95.51507093262444,0.46478892165004904,76,25,1,0.29212868512847723,0
3042.727614190883,11.845881101587585,0.18053144216022032,71,4,0,0.12933977394016039,0
3318.23171213462,140.042925558366,0.6224097974781597,49,25,3,0.32658026853234023,0
435.83638790494547,287.12521318517275,0.5538799631171522,65,25,1,0.22102247434198696,0
5545.314489964864,90.309234596202,0.8897655379513246,18,36,3,0.9090853001457196,1
5188.497385116667,288.3031643808553,0.8631288880584035,75,36,3,0.9321352553633778,1
279.36777500713254,74.57818924249594,0.6188219253625789,72,20,2,0.9424926426060013,0
1996.5875768488286,177.12735744008737,0.7375174926148573,22,39,4,0.6381337964878041,0
2572.834991777405,238.27314644164878,0.401697909235216,25,8,3,0.30126132399554595,1
5333.517177190374,76.05986145983084,0.04454840056159137,64,25,4,0.15096085805188286,0
2697.2815386782654,273.84798839826794,0.4581094268151418,31,23,1,0.5230596271673507,0
4989.955196166934,141.4168954709522,0.41560860274131095,36,21,3,0.8474788453410985,0
265.65344491987304,238.23028408229675,0.49471982413698545,49,6,0,0.1435363510800104,0
3852.786468230288,109.16822569065552,0.8458465823269045,21,22,3,0.4577819468410247,1
1803.0225025427767,123.11428867855115,0.46734289940808593,58,18,3,0.2936524154704597,0
4237.443539552772,191.87494200661928,0.048092477753015284,18,17,4,0.27923344641479564,1
4442.313213797372,282.7416795004862,0.45017523816778504,62,22,3,0.7614962791713383,1
5799.174428393488,7.018971260654916,0.6187660180319047,55,19,3,0.765463587149469,0
4550.847231927032,294.4607301793485,0.8829380264124917,51,3,2,0.46678018616786865,0
4676.681174736715,85.4011130258986,0.6797572438567641,27,11,3,0.11303104647718021,1
795.5603041443211,144.40964753083162,0.2578687430566312,26,39,3,0.4887738909641196,0
4699.484950112874,143.98698029250315,0.35727227425674934,44,1,2,0.8758655618927637,0
2585.6384678565933,22.552604745613813,0.015367533717559612,79,3,2,0.5522918832745309,0
1722.0482889180316,287.31505587662235,0.30769937443672235,73,30,1,0.057445697300789855,0
211.4137526016023,161.66804896896838,0.014180376099203085,46,15,3,0.23780353228474183,1
1208.8284527380026,107.33170726368112,0.8782100490986718,71,26,0,0.7733277649219127,0
2777.5659144907336,68.68503597983407,0.7361770417604877,18,14,3,0.4754022749422092,1
2157.306000206085,224.84482793981937,0.7691402439094566,66,2,2,0.8545632647015532,0
2425.3828255935296,211.4245876839054,0.9939729432030363,19,1,4,0.8847489112097578,1
3857.7944377833983,123.29698707910107,0.29512614463036924,75,36,0,0.3178595316873425,0
1085.6518173766203,241.97065114052234,0.8702769707668102,75,11,0,0.7096434594284398,0
1791.0005946180236,178.3595420497143,0.8721954375299084,66,11,0,0.9099267258380912,1
5810.075433893404,34.433677941826865,0.3638177391586467,39,2,0,0.5455261739875349,0
3804.052671909727,72.42257623366571,0.2507970614500904,74,39,3,0.09796859330037855,0
3164.2014007101575,176.70009644809886,0.37494088278841486,78,29,0,0.7989363772936422,0
3705.743265919062,27.778467991602895,0.3839221836638128,45,32,1,0.24753414986483668,0
5893.223727157486,136.89085979353118,0.8505487929533198,68,8,4,0.9250813363326061,1
659.1976280607727,25.321082062912048,0.9920640547150537,73,1,3,0.008137619035196608,0
5307.879117397528,190.74030306999714,0.2552668568568274,79,30,2,0.5009067198280595,1
2750.08992049508,83.78816315345347,0.4171070073793498,45,26,2,0.03877731774439108,0
4031.6718225204754,62.9445371144128,0.009936597260316704,41,14,3,0.10550308927940832,1
2087.446611861351,84.46289463272224,0.6897354804705723,43,12,4,0.9520809235729405,0
1554.0903636035196,102.95491539296707,0.6873040751556881,33,19,2,0.8112338717700414,0
1529.3205606431507,231.26994954802555,0.3607944912480685,50,24,2,0.7678056973749366,0
5492.483891751451,101.66345083635336,0.6176359277987978,62,7,1,0.3677080726685992,0
3374.1447648004482,101.31201540931524,0.6126056955547589,47,12,2,0.4434111391226013,0
1673.2035679075566,242.93084367812142,0.028515314699167016,64,36,1,0.7747614171114736,1
2387.2356191959875,194.03738978080636,0.1818431354696376,28,4,3,0.8306504528463731,0
349.73916224935425,178.63673385782866,0.1946041157587891,61,9,2,0.12444549294278384,0
1969.8051021156105,76.64894031662294,0.7869488764201787,37,13,3,0.391069675001565,0
2089.90745186304,159.380845624168,0.03139266498031279,66,15,1,0.6550438631200498,0
4587.329468367546,267.06553528211725,0.9751576825581844,66,8,0,0.002330383534026592,0
2325.2362202973472,148.0587836256939,0.6980611994062011,20,19,1,0.35054336691184873,1
1204.5444820108285,277.6610458360599,0.07423300357226359,58,20,2,0.8629775058099045,0
5251.582843155545,178.02412724668216,0.5495155024412546,38,3,3,0.29427761443607414,0
5402.0900182001415,249.2176640101025,0.4797970887352945,75,13,1,0.2881639331201733,1
2644.287329216784,116.37931009799219,0.6041166650355649,37,8,0,0.6941411679255219,0
254.63667826995706,245.13667186032504,0.7044575436978733,62,16,1,0.42260034891830267,0
2073.1378970865367,141.0445883112212,0.9666494797144589,32,39,2,0.9586003745385975,1
3895.2296888775477,211.59327024893528,0.3873388058048083,52,9,2,0.8661237483381501,0
1111.8231740220215,296.5383678619529,0.5688475117306424,65,33,4,0.5732184483194495,0
3383.3007994462923,137.80700771445942,0.4050762959216542,47,4,4,0.23639024638078177,0
4607.857752780546,1.594820659107754,0.7275894270764742,70,27,1,0.8523724967520812,0
5382.527367526796,50.76581485792667,0.6416476018038577,31,16,0,0.7731023507345819,1
3521.495199753461,281.53132765658063,0.24979167451388917,63,9,4,0.11536055139306867,0
364.2274889481641,278.2506565098176,0.7228415766076434,32,13,3,0.9206587516986451,0
5696.7295542604215,243.10059241167394,0.012239445535596305,76,27,0,0.7523289053565301,1
3905.748715162377,192.384454510601,0.3818741265207609,44,1,2,0.042636797230912626,1
5133.329004222816,210.35385054371315,0.5439152450267181,66,1,2,0.5686357760626563,0
3496.8550577929923,270.59154446039986,0.35623635170382817,34,31,4,0.6898562226681187,0
5120.743663501737,101.5659857886598,0.6531205364116446,69,28,1,0.24970117079425336,1
2797.212038041508,161.70947902323556,0.17359945524174192,32,16,0,0.02641303311650378,0
799.5855812995862,140.08678756238123,0.39534516600846903,71,24,1,0.22298835355771762,0
1066.921469315937,132.0811601692374,0.6324440313722979,27,26,2,0.3361803267071979,0
3613.750584528424,4.991984479348099,0.24170452011856913,79,9,1,0.5426283627225718,1
827.5131371632419,52.885703932628495,0.18754576981192916,23,6,4,0.5677990197608882,0
1015.230026275626,296.22702208103084,0.7171672645015141,24,5,3,0.6353849699187538,0
5946.763018310815,185.38992893451174,0.3516262970315348,65,2,2,0.393127025929739,1
2187.9792891959346,77.9711555542086,0.5256910548322684,32,7,1,0.0023893964659550404,1
3688.454943375375,16.098632036639405,0.03435124841689563,30,33,4,0.8378868624539814,1
941.4317675997223,299.5621699001668,0.8945177196383219,33,5,1,0.67634398375864,0
3626.070219903811,256.154097038967,0.004877545236532388,40,16,1,0.021967169806701214,0
2938.4639071282554,48.399918781804764,0.5766729790310139,31,34,3,0.5358455058068446,1
1731.4018477157717,245.08050890422567,0.5133481053960409,34,4,2,0.9699864176921627,1
5596.5299814350155,39.71499384844699,0.7364905466003955,47,17,1,0.7754044786913022,1
2810.1899466579316,150.15669672471935,0.8663126068048773,66,3,3,0.47576209532212854,0
4335.741767115393,44.99806264338177,0.062400985490737026,60,28,2,0.7642505691809595,1
2559.890728215549,184.12943181325298,0.019481356058744126,29,2,1,0.45411719204745116,0
2627.2356552849,122.85439791013705,0.5436530315423759,36,29,1,0.1941304105909072,1
3382.1014563830145,139.97067093247742,0.5426690562658608,61,28,4,0.9440644808945827,0
3373.4039617068515,215.09139983111922,0.3365046797888258,63,12,4,0.7344680540926315,0
5154.939759386983,81.25144776133776,0.30734005402987563,26,32,2,0.27790091119828186,1
66.5346000787734,39.844254421938615,0.7340416455839642,44,27,4,0.8795405990770102,1
5103.698957623927,216.7381711462784,0.029999755670017225,61,16,3,0.8300057063428294,0
3961.7034858573916,5.209934577422571,0.794721959022419,73,24,3,0.9073946962737569,0
1733.7843607855084,179.35363931248116,0.5815040203152789,76,7,0,0.14943004119053294,0
3694.651221577858,263.0783107698716,0.16497560815340395,71,10,2,0.6676110675142017,1
3710.4756972595983,104.54208617289888,0.3072639747731314,64,33,0,0.36057919786969617,1
1876.735932557909,298.7303449282543,0.02982405284274703,55,16,3,0.7730726575988738,0
5603.933015789886,104.01400872687658,0.39711437667591387,53,2,0,0.11960464998480058,1
3735.4459059169217,228.05283725740807,0.39967123876974775,75,2,4,0.2387778126252068,1
4986.408072083028,164.6293922357898,0.7865329833236466,19,36,4,0.15687647514365377,0
1972.9655159455006,31.72174389191078,0.9568203165496554,56,6,4,0.048400121368497695,0
1357.516859393803,83.54693826237812,0.380559800391144,23,7,0,0.2739807405907083,0
5799.743964112557,115.3359939613292,0.5807252082386541,26,32,3,0.8244052156388988,1
5184.191153126395,25.629131354555103,0.6415665891240394,37,1,1,0.1153971709782401,0
5877.011614535905,97.97822496998243,0.8884320959293823,45,3,1,0.8876819292918053,0
4311.6247703896415,296.95650926991027,0.1556291153373639,47,15,1,0.8335523794009315,0
474.12577628393166,64.61937052417125,0.27575191416586686,70,9,0,0.5134431711124419,0
329.5629523395348,9.193214093264057,0.836076843494558,46,27,1,0.4379462910041759,1
777.9427747393454,64.80247064494353,0.5617886149228165,44,8,0,0.8583050687382431,0
281.06637798253325,125.74791827779522,0.6596602476210695,50,7,0,0.18542599602888266,0
5395.236269608042,177.52581913057958,0.19456413786533278,50,17,1,0.1890249080676527,1
3633.5398957370658,26.157872762332968,0.03306644999472297,21,39,0,0.1464276752449225,0
5569.791145723179,25.23416502201493,0.19578665793528127,33,39,2,0.5936005891127107,0
4760.01338166053,46.09585630672108,0.8045730353042962,47,33,3,0.13353677223735572,1
4438.935624381444,125.00985763539751,0.1714563962966662,45,11,1,0.6489015069488288,0
2168.7314794341623,128.9207809000604,0.49222886764912954,20,17,2,0.8102797322137392,0
1434.729362150738,163.24480265389198,0.3219234433542493,76,26,0,0.9951642217845545,0
238.9486892691544,63.42624911721777,0.5708895979589707,28,27,2,0.8807537906572086,0
3947.1097963521383,251.3313627478876,0.020166981796188255,63,24,4,0.2982761523894274,0
3040.418589413514,105.70275321298854,0.5315507814619829,36,34,0,0.6564892174357942,0
1551.5197981420868,237.21278438481824,0.2851332153942777,65,12,2,0.9687763568920708,0
4794.106333747639,159.02266473150843,0.05237226074032364,68,36,1,0.12459121503053294,0
4861.985723650746,202.04579002559424,0.5590564659354408,46,13,2,0.9831090329636006,1
869.1294183302894,145.3323817693669,0.01688768087043946,58,27,4,0.17993715222716944,0
3411.2222462790705,119.79507739739879,0.804665536614433,70,22,2,0.6260612137590674,0
370.70528551034914,60.02827544564686,0.21813992065004528,43,28,3,0.2796509470203181,0
4046.944087166548,14.463286498172545,0.9424883489939041,52,3,0,0.2389490685510356,1
1308.5280356843869,240.29345522168936,0.18773359673887524,39,18,0,0.6100778496174897,0
2272.688625046665,165.85313004624024,0.8797511211950761,34,3,0,0.19714670893524322,1
2434.1755555673512,213.44735993240846,0.1473906201243581,75,3,3,0.5237762582978126,0
4512.78986760408,152.6239299870987,0.5966954612726255,24,7,2,0.05383472603708839,1
5544.338203868282,21.11453987352312,0.5142512961977791,30,29,1,0.7975237705758371,0
580.8523125051688,123.83274224891466,0.7253903667799533,67,11,3,0.2965614778829052,0
4191.036847100327,220.76109160008212,0.5332222239011779,21,30,1,0.9736736894058277,0
4026.526872333539,75.46518483995362,0.7900794525122804,29,21,0,0.8173171836622511,0
17.010251315592615,218.08847945862695,0.2750546480467403,35,27,3,0.6786394412066381,0
3418.2926418198954,284.710929208742,0.6926172296800653,30,19,4,0.5017687217203214,0
5841.020300175548,69.4926063976652,0.5846662505070113,33,32,0,0.2828257210723467,1
4839.435433867095,24.096198147123758,0.8326596909687188,57,28,0,0.06955698844531932,1
2960.6144338540525,120.73988990179647,0.9804656815346622,74,9,2,0.1285281910325594,0
95.52876839701888,15.879288122397817,0.8735212369662892,30,6,3,0.2920999996974014,0
4231.48259706456,144.1327486125784,0.8064613903222749,30,30,3,0.7632880874836295,1
5573.922596565775,106.15613206358857,0.11298499772267523,35,21,2,0.4312482761972788,0
5184.840066282672,139.8458419947135,0.7129890238693597,26,15,4,0.9582024638733522,0
4721.692478795419,289.6667027190917,0.5219790293421583,29,32,1,0.5870370885661478,0
3421.234245488593,242.99631709447283,0.798260817454491,26,4,3,0.7432303496078879,1
4173.03382370596,91.8466466940119,0.4352766339446493,44,35,1,0.9946005260378444,1
868.1076043843741,74.2325703797011,0.7911610838155182,44,18,1,0.5192085938392501,1
2074.667780803234,55.306450200642274,0.01669999920459142,45,5,0,0.7516016513173344,1
358.0065548155153,298.1703911534297,0.7694863291924372,39,25,3,0.6971050857670368,0
3812.060287425803,144.57886111644171,0.2791593217904036,33,20,4,0.5206726910777599,0
2297.777997073693,52.03851699369954,0.30721204377257094,61,14,4,0.6684255462627079,1
843.7677121135214,68.71713528180473,0.657406836372017,26,25,2,0.5907198017594691,0
204.86993727745576,171.4065659389522,0.2510738699550574,73,15,3,0.4505072937487671,0
525.6215766069873,299.6453724369773,0.4671731656593586,19,18,0,0.38391405590386807,1
2457.3425422532255,176.76880057618374,0.10357683483067304,52,23,3,0.23595854873595556,0
2785.801670027538,69.93711292177566,0.3465361016466455,43,4,0,0.943203391182105,0
5861.9852365419565,272.43815988701147,0.5535744837361517,77,18,4,0.8327492325855702,1
4655.129218675953,235.42582075115683,0.5825106713164174,67,16,2,0.01744797661082431,0
1866.9479817879708,135.73220863190951,0.5933963430942744,68,8,3,0.38739456945912465,0
307.24777824168024,199.9406888231052,0.05421528203698345,40,11,0,0.6234327289542745,0
4261.4770892140095,21.42430613483365,0.1457532373782482,32,18,3,0.47169030963779246,0
5553.147075987865,242.24376523329684,0.4863573047537999,70,16,1,0.2810740275668103,0
191.84606141672023,5.291617984593788,0.06968434843054094,77,26,2,0.8457136052586025,1
3756.9271114411113,274.2430930360285,0.28852204914296675,37,4,3,0.03365590829651366,0
2998.637533737805,40.63708109845295,0.7443106314816269,60,38,0,0.28855009344614135,0
2498.515165442188,35.172132509261665,0.5811400181448423,24,15,2,0.6593720843665514,1
5858.792575794008,34.1498697675272,0.015547845327107734,34,29,2,0.7529288868900483,1
481.98072250058874,71.664319492605,0.015632478535414163,33,29,3,0.7312344324712049,0
5340.428998737398,52.44302197756174,0.855059134856132,45,38,1,0.49002300763948503,0
4980.412796990887,190.73440247121394,0.6306042826294863,26,37,3,0.34748649069935433,1
5021.92623052546,65.02361629790757,0.17802414567540392,43,37,1,0.22588767977745328,0
2759.044199089327,272.26790069296726,0.04261638024563841,76,33,1,0.9479271356890518,0
1440.136362606805,138.6282889531182,0.23899889030892985,37,34,2,0.45033911597230714,0
1563.5479606898118,132.94642326331447,0.7226378619680168,36,24,0,0.8948965908835779,1
1247.045855116255,116.30303759316202,0.22725714181190482,42,3,0,0.02368970513211488,0
3304.0068341237065,65.98326984972324,0.761182160533794,44,29,3,0.15932166111221657,0
532.7751870850235,29.498204144062356,0.16062621381264697,31,32,2,0.3016251303252926,0
2671.374268660197,144.16824218395442,0.9449475420432697,44,16,2,0.9997288002273494,0
3351.758268085504,12.765226091392067,0.5264435866843054,45,35,4,0.42335176262172114,0
3740.980958678743,21.48284105367102,0.12998931183894546,51,17,0,0.2335900658712483,1
2997.827697848436,230.21350210355834,0.9813033076192319,69,34,0,0.9029513798167923,0
5715.579093305739,274.3738340953824,0.036241120339752575,59,24,4,0.16205423792923956,0
1229.0975491974798,147.40967932380647,0.43206495192241445,65,32,1,0.8992570760036634,0
5997.864904124824,264.2655473281964,0.22091108214720012,29,30,0,0.7323197628808829,0
4160.0051260465725,21.969437566771187,0.04248031546705422,74,27,4,0.8575380343145693,0
2789.273969913653,156.70352252328274,0.6914483412725183,67,37,0,0.5453978415680246,0
5610.614285739639,296.5365935230698,0.8233178359639174,51,5,4,0.8288658140386654,1
1190.6097610338354,92.36216693905249,0.422805943865443,70,31,0,0.5495518629021472,0
1571.2667339993768,18.85528925922203,0.5822260978152862,18,6,2,0.4727010038966284,0
4441.732614271576,81.9603054821526,0.5900108447841391,25,24,4,0.6241097693695615,0
2409.013161840148,91.00731835803386,0.09693517681127262,18,21,1,0.5678204887823495,0
1925.9595627053113,135.68157241939102,0.18539376044916034,65,26,1,0.9286992820613323,0
2977.310333478811,242.9295151643061,0.29951013339907917,18,39,3,0.8546952187785235,1
2423.972307974249,271.8439124893352,0.756722496979474,20,26,0,0.0381670585434386,0
5348.218064961244,209.99201800071847,0.6215465338713207,31,17,1,0.07521000186576043,0
2065.2284990487365,297.4300125715282,0.07584599749137977,60,30,2,0.9778060715442236,0
161.061801042065,276.1207735754167,0.12625296951668896,72,34,0,0.11514086784906241,0
66.52261973140196,221.73853597033582,0.08767458306462472,18,15,2,0.8836502857721781,0
602.9396378465078,198.3080066763016,0.15595813610269949,64,4,1,0.19207258108686176,0
2084.053314792992,258.2109365265755,0.4809204346593092,20,25,4,0.5477026951887122,0
5273.490102748491,164.46576470499943,0.6173907810081481,77,3,4,0.6131621591640205,0
2241.1316554388573,72.29670292296883,0.11368640296309773,33,38,4,0.527863373780944,0
2594.4941132024596,183.60312204324623,0.7086071590321825,34,16,4,0.20084984624212532,0
1037.4452312835765,187.2437296113429,0.42091799629897964,31,28,1,0.8201736769099155,0
534.2954363444188,201.97351808130102,0.20210607972011418,40,1,1,0.36027572844091904,0
1049.3644039995688,41.10641108116355,0.872020470177226,69,19,0,0.15727806034872305,0
708.0307094123917,191.37650414465745,0.693291923031694,44,6,4,0.4227437157349905,0
663.6182024394401,267.61279283080745,0.8193461044322079,19,28,4,0.7530712133716692,1
705.7498991165819,93.14524466093168,0.5889949240291975,46,35,4,0.8967221450810157,0
5391.947326537582,263.7478100519688,0.044587717990007714,75,18,1,0.8008814728679184,1
2923.125087860097,27.064635688253414,0.20574774295514509,58,28,1,0.5869235421279817,0
511.60955526660587,201.90768976517472,0.38352625060621093,33,10,0,0.7831877887470133,1
1831.4127757784397,105.40806290596893,0.2835889918032336,29,26,1,0.29801712733563,0
1498.078887897704,269.01259030702704,0.3723203462370941,36,26,1,0.04635562018547368,0
418.5723033596554,158.24140690413978,0.8421229059594549,74,13,0,0.7415522057157428,1
4185.9290668980175,226.48224027001868,0.5634220793550664,63,30,3,0.658048109381476,1
1888.7553484227362,197.32642569682176,0.26857710802098334,27,19,0,0.0020704155413162617,0
4436.970874025225,174.4080313420969,0.3580552470067353,41,29,2,0.06924480916322096,0
5543.321934576455,134.51247985463075,0.20872104783606926,27,9,1,0.5624790710478093,0
1666.4969766625406,111.81444660189237,0.4691689908342117,21,14,4,0.5597128800998785,0
3726.8233877146176,196.937619023475,0.674123907474335,20,39,0,0.5697946047400901,0
3573.6370349536423,180.24687808387984,0.9187311321530569,32,15,2,0.43612383382750985,1
1964.3833561432823,33.3383597423699,0.1363999645752253,27,5,1,0.22773418844186977,0
3272.1062085749754,94.22582338452537,0.8544359179229655,46,32,1,0.8151054020612706,0
4602.6709955440265,6.430189227562044,0.7060861672970776,26,6,1,0.12044389008440692,0
3493.227459563962,133.96057139323182,0.8785566822380243,56,31,3,0.007862451618379951,1
2938.710875643719,51.37504794397859,0.5933749497080142,20,37,3,0.7526207474335005,0
284.8501446363321,55.03704907238664,0.26807531367934756,69,28,4,0.540178344155407,0
3713.7518528146843,25.903118390967162,0.06856545102314648,59,29,1,0.7168387016699861,0
178.65054330483377,48.818106169961396,0.7110086219855052,39,14,4,0.27759187848546485,0
4542.007019543406,171.30854650685785,0.7484006201428303,40,7,2,0.8984782079470418,0
769.6509124490466,37.26688626562555,0.30903449433212915,41,9,3,0.7264718347495737,0
54.959109608087815,159.34508541569372,0.7353260116240985,69,9,1,0.5030698885496705,0
707.4534916252775,76.79726872540733,0.132190403189552,48,2,2,0.07293101513306166,0
1572.6968088836777,245.6889334276016,0.8358118559521144,29,17,0,0.28257756007335133,0
648.4302651368412,195.11256270685172,0.26534846539654966,37,11,1,0.06199146908647846,0
5670.877539863371,158.29671470152925,0.8343072997975507,34,33,1,0.2580208626133945,0
2431.5015620370223,249.51148776712964,0.21143519949049172,19,23,3,0.6505222480365744,0
5942.480616836639,262.9961402757291,0.925514640243635,40,5,2,0.4269456733060113,1
389.8643509298143,47.02067070237496,0.834889887921198,20,5,4,0.4023876540213155,0
1722.0494215524805,94.97875745083451,0.9696222358090153,64,7,1,0.7185861916900135,1
4164.103744657438,153.9890585190876,0.1641791592356847,32,18,4,0.7436388840860682,0
4719.262135672194,248.16747187769178,0.08691666518892827,55,8,1,0.5291803171200322,1
1350.4958358455333,42.961609398106816,0.34701313496859654,71,10,3,0.3968696018530762,0
3121.7555770422678,245.75652166225865,0.7026050127118144,29,17,1,0.12822659093204125,0
2922.817509223521,173.08188361044571,0.8926463704673611,52,9,4,0.7473865670916373,1
3844.0995610805517,55.427710564962574,0.2602558050930005,64,10,2,0.6608962718832797,0
2157.6806840417457,148.89252628238575,0.534609909462427,24,22,4,0.5780082279520086,1
1918.6359238724613,244.84951738926813,0.16331495754443281,57,17,2,0.513073885044177,0
531.1851118216287,252.644887193556,0.7424758317302667,21,8,4,0.5545342253111261,0
4158.283534674907,28.95117560667948,0.5456720372398466,25,26,1,0.8018176747244463,0
4284.87665448211,296.1737583442567,0.4276839747208363,40,10,1,0.49940164196764214,0
1312.3599992112045,280.1018504137773,0.6025603502587199,61,39,0,0.9447002246739618,1
4721.928171673899,207.1374010429703,0.22591312815698428,39,5,4,0.2883818210909842,0
3541.2645601734575,152.58276795806563,0.3314592860445421,41,21,0,0.2990470037440728,0
5272.276556371593,36.13715512222413,0.9545059276582515,58,36,3,0.6000966438459033,1
3850.4917118492313,192.02680144919532,0.8290584066615752,74,5,0,0.36850088675204484,0
4439.425217678618,189.52275995825715,0.29897004904684277,79,27,2,0.564860915194681,0
16.65768047689052,262.6375539213114,0.9796833874095806,72,7,3,0.9941252736388031,0
3221.1872782250352,55.369655349055044,0.9985301456770386,45,12,1,0.09745637697310683,1
3645.9439015621974,185.6928198632753,0.24164997028188906,54,18,2,0.9140454246822242,0
5395.530136894089,260.8274581918966,0.7366954757887035,55,7,3,0.8435132205281992,0
865.6797518901865,207.18478217443953,0.8364125409398271,36,22,1,0.8534443951337333,0
5639.786934322645,46.45635088505679,0.4012974012904572,27,6,2,0.9830087932094662,0
5842.4806399946465,62.62850047716866,0.0850862062951151,27,4,4,0.04882421015177729,0
5680.240170662554,57.486362443267666,0.8778917956635252,79,9,3,0.4507469877285425,0
824.5775524741495,269.9548776518525,0.8845121819256239,56,25,1,0.3478697467857039,0
3453.8820464273686,276.15435411314195,0.7051044932924502,28,6,3,0.5545371897667007,0
681.2268872511801,31.858525614342625,0.9564517200039421,59,13,0,0.5319069354760791,0
4965.078020830907,270.33986247146197,0.6173332079225224,64,9,2,0.11145783430208633,1
406.9086617401069,18.849222255550814,0.3586989533647865,39,8,3,0.5798864430487384,0
1786.07882118112,159.02911230314663,0.3675799589056087,43,16,3,0.6321913982338095,0
929.6365836831582,96.23778999062633,0.8569148873511773,45,38,2,0.179455674962123,0
3669.47365880204,49.15076107486751,0.4873139527776329,79,4,1,0.9898939035569955,0
626.4728390867349,71.96526068948486,0.7707217270134714,27,19,4,0.8175737629858054,0
4677.313320107503,53.27933218858363,0.15969097796886267,28,25,2,0.4194026130354367,1
272.9723896615309,294.43766040440016,0.6919954781830762,73,12,1,0.12612631184187795,0
1551.506750612227,6.409589653441294,0.45848249247942274,31,7,1,0.29421189980838636,0
1795.2966300201922,206.8141801206696,0.5091673416140127,23,39,1,0.2635096638166058,1
3632.2373321826667,281.2362846178133,0.9319360800498813,74,34,4,0.07929307550845976,1
4895.327380015299,130.69054977483646,0.2915376310833072,36,9,4,0.6231336675730407,0
2502.260188139012,79.30140734547984,0.42071406269585554,75,15,3,0.6485448397031214,0
4947.962942770355,256.0005375260245,0.3006962573795203,34,26,4,0.053332584314762954,0
590.1640912961001,71.1978799951684,0.7312737404559018,66,20,4,0.06374546095117084,0
5148.391671143563,110.37484769619957,0.6653998507654172,24,9,1,0.08973673059395804,1
5965.025009333239,73.59611644281732,0.899453235829038,61,6,2,0.44749294810584184,0
3213.9732330376173,11.285689666980748,0.07071257338160775,71,29,4,0.1137070087598514,0
1022.033045300949,71.67848098728372,0.9470002890504569,44,8,1,0.5028610795104715,0
5594.666361178911,290.35791018407645,0.3763585175532467,33,12,0,0.2435507790724395,0
4209.885162292827,117.13238461276514,0.3761245364600483,61,27,2,0.37095252174949633,0
1114.514070550861,236.8238865039486,0.7785880418572029,39,19,0,0.07690151085941388,0
697.9445839455688,252.298402772248,0.7132044960891518,46,5,4,0.6181219250315431,1
237.95997064390428,245.19546243429014,0.45640777051932024,65,9,3,0.6019349394590144,0
5499.854880833431,86.30169335880822,0.3697040999699934,27,22,3,0.48063638928229147,1
5605.381604987678,26.339175856306607,0.09967106339650988,24,21,4,0.6170784112430104,1
4436.067508210272,16.887635950341473,0.0374151881493463,46,36,4,0.07380832828637385,1
681.7621414948217,23.27049916116414,0.499769035831803,46,27,4,0.9395569893984153,0
5762.100323115435,241.8305078199377,0.3818005235482066,20,24,4,0.38143548081601186,0
4197.935281308402,140.21855222717602,0.4088059517484305,75,9,3,0.3086939680032246,1
5985.5618643697335,156.49403995239487,0.2899219220097178,45,2,3,0.22245114738937377,1
4802.236776255868,115.72452353329116,0.17965708355670418,39,12,4,0.717502148618588,0
4276.920267891157,260.0544288342253,0.6324370550321505,72,33,3,0.12682808920955224,1
2755.6784348645083,20.93367496924321,0.1598543055665046,52,9,1,0.17320504136278547,1
689.0147581559579,235.1302033044539,0.25194961127688786,38,9,1,0.9961953606908585,0
2902.3930101669703,175.07800893666064,0.011588503125545713,69,29,2,0.11811849277430231,1
4280.578712422963,297.65429146038485,0.21685846871897319,39,30,0,0.5535514596919581,0
471.92444333065737,236.58895797626488,0.4302309516798103,35,7,4,0.8966848915203879,0
5193.682127315957,34.642343674905696,0.5257330472360846,58,32,2,0.5895251804208548,1
1029.2023495109881,291.460436322884,0.07002238879013056,74,4,1,0.0011892132169989411,0
162.77499496533872,174.6621086841214,0.015744850384738385,20,17,3,0.8968405372994868,0
531.6421702429265,134.2523755662242,0.7577315030237033,36,27,3,0.30216954685750763,0
4084.2154038832628,92.85266452571167,0.7825264711999115,47,30,1,0.025888815106358987,1
3460.1143537460225,128.48234075926945,0.2918713701803348,23,29,2,0.13600984902733493,0
685.0394032637062,280.2559513748961,0.18543530657285667,69,5,2,0.41980732866673764,0
4716.35250086853,21.42055956311748,0.1195238017472866,40,18,0,0.9017773490681469,1
5702.07129634364,19.805471284152187,0.07197138120543545,24,30,0,0.09969278440830753,1
727.4024068653152,64.78643199264678,0.955581006392119,75,10,2,0.5450153112725588,0
846.8393241019107,219.2642269384333,0.6117987855640123,39,35,1,0.7955684787649233,0
2911.485501543168,46.38183483164361,0.991472843788455,46,39,0,0.9010783370677492,0
261.34778596543066,149.36837274261805,0.006373023416288981,39,3,4,0.37348076340178193,0
2982.410615861534,172.45061655860573,0.2103066674056494,79,5,1,0.6846368568484807,0
913.4858693886296,210.0456503328879,0.2786560726809685,30,29,2,0.47446250044987925,0
4360.499751655905,249.92522224843725,0.4539317357630669,38,10,1,0.9658868919900618,0
5069.353748624019,164.5192328465086,0.8577284670779932,63,33,2,0.3902056287061272,1
3923.99930446775,68.32090849936478,0.23436724836097478,19,18,1,0.7224220468807652,1
5961.550582136054,26.01444375787324,0.29138249773801916,57,5,2,0.6094418861579478,1
344.4916634574985,229.21184196280092,0.3975231258405202,72,23,0,0.35263613447464115,0
1347.505215214798,49.26544886105889,0.3422023075051305,38,22,2,0.4921786745412702,0
626.5758380991689,210.8658725533247,0.4338444013122592,79,7,1,0.22389385259739525,0
812.6563733070817,88.95176385516349,0.7953385046059506,49,28,3,0.8417607078768568,0
4075.929436055058,277.88212406670476,0.5252695331548926,53,27,3,0.3176374520584073,0
2301.65762327728,246.8991416465677,0.8390118847901585,73,18,0,0.5209220589555018,1
1419.3784456294466,33.690556897295096,0.20455403674697836,56,13,2,0.8568218086390698,0
4550.701805511485,125.39947908401902,0.5630125357528217,56,20,0,0.9155725403896809,0
2350.7882943526665,161.95169201089735,0.8206871902031073,24,2,1,0.5648737908834536,1
5803.957799389715,172.2369072324128,0.6613483850192658,23,4,1,0.057160875816330114,1
2141.7839349117016,50.845591154093775,0.8077035700705092,77,26,4,0.05346984601435123,1
2079.3715872623166,220.46279679291234,0.8592389211688809,18,28,3,0.5542811595356439,0
4934.521266139673,10.72832228592735,0.06207352742393957,64,27,0,0.9208430314435888,1
741.5644851367133,180.44169944836582,0.8821250029272218,31,12,4,0.20880978993647747,0
4368.59980831152,129.34071300688524,0.7533160845491048,57,5,4,0.7469298286319906,1
4857.91642839167,145.4160794606507,0.211049021760647,48,3,1,0.5220389804239532,0
3045.859654785382,116.84300536595985,0.29370782322152655,48,15,2,0.14644590427059256,1
2621.7948431972104,115.59068908462712,0.6736701516105241,43,30,3,0.503872147200744,0
4773.034129461771,74.01215535126055,0.998840445471516,46,35,1,0.07187742242435424,1
1982.4708096474237,43.36303187237105,0.9076137899482103,50,30,2,0.5236806856634819,1
955.8602613037292,97.82565442605579,0.22662118306414847,40,37,1,0.10029811598997429,0
1397.3452254889307,280.73005767367323,0.5844171432570616,21,13,0,0.9485078254206296,0
2734.219137503526,88.92868120711057,0.7083864441967188,75,33,3,0.02567294268130882,0
3052.9887678513537,81.63956923834765,0.6965023510172006,22,7,3,0.4544880094193824,0
4617.615567363763,36.10991327503614,0.7983806164274495,36,15,0,0.12501679883562145,0
1748.3592049561896,78.57757319786668,0.8294159372270302,44,38,1,0.2999393755507661,0
5539.418299640458,77.82330288097793,0.9343046557931042,65,18,0,0.284956123622482,1
1027.7424988377952,201.98927560211632,0.7422517687654794,26,34,2,0.6476202434120248,0
1431.554902969258,224.8007077550538,0.0417679220352265,65,25,4,0.7223081706784193,0
5234.35492266882,97.27033774053498,0.36418555241861117,65,19,0,0.31887575421616043,1
4688.5135294168695,2.738582110595078,0.2364898663024172,30,18,2,0.6740095583839512,1
5403.063133993933,8.51836233056833,0.14069689773135607,69,16,2,0.8826210817792878,0
3445.961479658022,4.513972966746794,0.3966848458554002,71,22,1,0.5117864984649265,0
2633.005648526956,28.419229244946788,0.9645375983323826,42,12,2,0.7750592974421963,1
1960.8549722514895,173.80347807478412,0.36199149832298116,60,27,0,0.11519291625273853,0
5482.156019232469,102.08068336201882,0.5403422971943351,48,1,3,0.24296161783884473,1
4542.480654389766,252.66016812506112,0.1445584288987799,26,1,3,0.1532210589671935,0
656.3905690990869,178.63048748274156,0.3418367523657323,62,21,3,0.18545891787705115,0
3231.108057820069,58.064623800402096,0.9143076995452113,47,30,1,0.7096136797712875,1
939.0283216283108,0.7300434463873073,0.7031315200863855,49,18,3,0.8427516039270256,0
5573.779870798068,148.6943151043759,0.16979795086338412,55,8,2,0.5795755453566666,1
2162.8292054546328,56.73827613679653,0.49768518705139975,45,2,4,0.6201494096988575,0
5884.516591178411,131.7298410497648,0.8329174289702796,54,36,0,0.40318317813451876,1
5935.004597698927,78.03312656611708,0.35531165976740753,21,3,3,0.9589775344723354,0
3836.574518065724,291.9094909481847,0.2976627809587373,50,12,0,0.9235718774917061,1
5228.695669006342,101.59139135331986,0.7388845151837964,41,11,0,0.017442745754359446,0
281.0264632047897,211.53154526265945,0.31185212934847084,28,7,3,0.3349911071577917,0
3274.7359598264948,151.9956800614714,0.4428822116613371,31,4,1,0.9707822125912152,1
523.539466242923,149.29055091191984,0.6754589986032519,21,15,0,0.17056302611203833,0
5130.437662328235,146.51189666041853,0.7276246783858682,40,26,2,0.8450949318662129,0
5897.510248039233,13.934582784197392,0.4496936835544245,30,30,3,0.7834482430248337,0
1453.264198115053,92.26559497860954,0.3438648807771004,33,1,0,0.9406685373188919,1
3459.6378972604903,276.0582296013851,0.6651883504229783,48,38,1,0.3520350524406277,0
4072.2921963625113,42.23239653546486,0.5351254153425498,52,4,2,0.5755139596467741,0
4665.163598577191,283.4460945987891,0.17358841667314096,28,16,3,0.20847956500771447,1
3921.5903864180536,191.46771666094537,0.126049523125651,75,20,1,0.896305173280304,0
2552.707942866947,94.04600281471794,0.5874434656892629,73,34,0,0.6213553547172599,0
1280.7958823445895,146.18973165187174,0.8898910776629614,24,14,1,0.9465865306188072,1
2370.874350254685,22.040742277490942,0.6507042153601783,61,18,4,0.6911772995726767,1
3139.944094304758,71.88828513780223,0.20836646020869665,67,35,4,0.09768081098640224,1
781.0432029302509,33.96695347410803,0.434086864684875,59,22,2,0.9406087226098333,1
5731.023263388467,112.46796750273575,0.21557674419972406,60,26,0,0.4767086982426251,0
5390.091254302436,152.86564453821265,0.27738282272691117,76,12,0,0.6679267652480738,0
5119.813645599273,48.63661659235672,0.7101478410828647,39,19,3,0.2691035212500338,0
1899.8529900428775,254.4678390127457,0.43022945595591566,47,9,0,0.6038292218931266,0
1930.6645850372734,223.0947413715707,0.019919657518182032,67,9,2,0.6763656691757041,1
5589.23242839537,77.21235894568127,0.0869778857307516,24,12,2,0.15136375379477307,0
3664.6455494951415,154.08176787876994,0.46182067269585214,68,6,0,0.9894042430623927,0
136.83652973452917,25.035604082213293,0.9658608261376579,77,26,2,0.14887670562803446,1
3712.7642467068863,260.44915623144203,0.40604785968190316,32,1,0,0.09767020877243648,0
5092.80251339117,23.160413830086778,0.23580013996687177,74,25,1,0.9805745034571548,0
5515.240912304547,95.04400183878924,0.7448364603839132,64,31,3,0.9399038174050565,1
114.67785960812422,95.20138257563315,0.5137628989476875,28,39,2,0.32711552170157066,0
1055.0366801444773,287.929742738474,0.7567577593827708,19,6,2,0.16445242572462138,0
4730.829221397514,221.31576183334977,0.44895508687468233,76,14,2,0.7147390461311136,0
2196.8486023613345,70.14257060963226,0.7908498055592607,34,20,1,0.609027848518598,0
2424.097234618386,208.61913311578334,0.5408744727486046,29,17,4,0.4309267526969107,0
5505.550189084958,229.0263900478871,0.9580556395252925,27,10,2,0.9752511929679961,1
886.660209325432,4.083327924251689,0.7037688442013905,58,29,3,0.11915167145673955,0
1007.4499855074848,208.83786357677388,0.8120978565057433,31,30,4,0.41199117907703675,0
4382.011932962317,128.48846657385,0.16694848841928311,60,20,4,0.6810577663724626,0
3157.228296970136,92.62655898850129,0.7324333461335298,75,20,1,0.7329496119516787,1
1692.2454858932458,5.990354977844092,0.7559392403878847,30,25,2,0.6851067654638474,1
2099.37404540855,130.61314330418696,0.571706261578734,60,14,2,0.48822779424342233,0
959.3152131267974,73.74307583015877,0.5533643628324056,59,10,0,0.8626715979535422,0
4021.398892063055,14.207176530761256,0.9680729141976083,32,32,1,0.11563459318947611,0
5500.823602644965,284.85390661486446,0.2882407866321752,48,22,4,0.8566953072892688,0
2762.584852348202,46.73378191072683,0.6880469954517077,38,37,4,0.4913068298647507,0
4138.437322777637,106.46595688361337,0.7787990134150962,32,4,4,0.6455624040983238,1
1641.5876478735247,93.07075651852116,0.8775774469577613,18,37,3,0.9250094727500774,0
5191.076561664893,194.006414560122,0.9539297592607481,78,27,3,0.08007920435578875,0
3787.4801427215416,230.87130448334366,0.04294215411767299,40,12,2,0.40395692454682885,1
3498.6219604862595,26.897492128415166,0.8644579972426338,39,17,0,0.17111291079619395,0
5306.72439922112,149.83166378716962,0.5777711462010066,60,16,4,0.5553470580265416,1
271.1261296980238,94.0874752637988,0.12735884410050435,72,39,4,0.38034316188899475,0
4606.899478833014,49.36132159741676,0.6390452953559951,33,30,2,0.766797092279876,1
4657.4345259500315,150.49219416088528,0.9846128585178284,32,3,4,0.6186186229778889,1
5190.4536258865455,188.88865284306664,0.4128912073205673,37,31,3,0.4120257532825047,1
3322.1313711374382,219.93458681080955,0.8550073470840964,72,19,1,0.17584901216411564,0
5588.049763250822,100.19420656393427,0.11087532130988165,68,9,1,0.024355681513269722,1
4692.930040998446,249.80841918130295,0.6367528186487742,23,20,4,0.8059386714368277,0
1754.9387175654308,274.8148461738024,0.2539978224185939,35,11,0,0.9691751016874411,0
3868.7174587131794,233.9489259298946,0.8567409742879876,22,36,3,0.02786874621397495,1
4710.117341266059,230.71122264299134,0.875686645305582,70,10,4,0.803746834852328,1
4609.144341031604,214.58001919956934,0.7921193947723207,42,36,1,0.25848874052536575,1
1407.4033079110725,142.8034793595822,0.6001349279836669,75,27,4,0.5007725710173281,1
4015.7313190818345,191.68012632763995,0.6899734402495177,37,35,4,0.3597852540415386,1
1731.2261679216592,281.91190572519685,0.48488979524170284,56,26,2,0.6398709870183003,0
4963.492621367573,199.1047439344753,0.08157169543647802,44,2,0,0.5972406451303003,1
4144.883475186825,20.840666197693846,0.9947661260261542,34,15,1,0.35690382180261015,1
5859.838079231536,109.73779699817874,0.7893498746404626,65,37,4,0.4084672240604963,0
1128.2113965933138,281.76722689816734,0.11600384802004127,65,35,0,0.9302834318607999,0
1373.6008200201682,18.375548177290103,0.24597796048903042,21,37,4,0.12067833676573458,1
4075.7248120191425,222.34483207310655,0.09114079879101555,31,32,2,0.8314319680546899,0
249.8126154285323,38.1185925769457,0.028812614563638816,65,17,4,0.674602405248016,0
1705.2093858989654,224.5177148461149,0.9848760032487893,31,28,0,0.5539372291326483,0
198.94520120549936,263.60791738763186,0.9553269726138478,78,4,4,0.9743287592300093,0
2214.4986428022507,198.588425415337,0.011524670471041998,48,22,4,0.39337888212750494,0
3844.3124892040796,124.02834277155772,0.29773393260571024,47,11,2,0.37256494370389737,0
3696.940570176309,284.8395457172766,0.38738872702963323,37,9,3,0.14325606034327387,0
4473.25359519177,287.9642598377525,0.9769209685372425,28,37,4,0.9878822030203626,1
4598.981058447521,62.15022846179913,0.07288180695070312,40,30,4,0.8251412135837268,0
302.9182929573223,77.29831061408206,0.14509088733777187,28,31,2,0.37285693614683824,0
5986.265903364945,242.34992743957608,0.8160573823143457,70,31,0,0.11652609600708452,0
5426.210166505561,221.26787533338842,0.5614796948823649,40,27,0,0.07311326311505739,0
4387.098335869133,170.01929657971374,0.18605665639376934,45,12,1,0.7599234765753375,0
3564.124036930016,75.27148322559785,0.5412565314614544,26,22,2,0.3967482065389326,0
3170.2427907595584,237.6366770232722,0.4625560017399376,70,15,3,0.31511848287615474,1
3922.523392175048,160.42747977715106,0.9544733254947424,19,9,4,0.8228990985936777,0
513.0556076321022,267.81231094914074,0.34706206795710903,54,28,4,0.706741338666929,0
827.2219295420329,273.4333708089832,0.10475994761280494,23,35,0,0.7246884576723235,1
2344.389484142468,32.31078914215539,0.7101543003055963,34,9,4,0.37979897354015757,0
59.80842254024857,295.0708295142381,0.13340136648739043,35,9,2,0.6641302353259346,0
2553.9658091144424,157.76521290190828,0.7106481132061754,31,2,2,0.27665034472289074,1
5446.040970114786,29.624220356373677,0.5819976645434121,46,22,4,0.547125178768234,1
4506.964230394346,67.45425216681319,0.9639590986722516,68,23,3,0.10047333979721618,0
2621.597872319777,291.1664335070722,0.3812052505330831,47,38,4,0.018375666078992325,0
4380.8366812115255,84.91506266926262,0.7105900696738764,63,16,1,0.6888072326787588,1
4249.280080426299,127.82601255243547,0.7698618322641676,73,13,2,0.6482551849484892,0
1603.3664993094399,33.558056508266056,0.26998546837168014,47,3,4,0.9506214279273212,0
1852.3023357624622,254.74874747909615,0.9712570826802872,18,12,1,0.2794248422801412,0
4839.453220929818,125.52000265399955,0.37257410772352695,57,2,2,0.11204108236479493,1
4339.595754133513,118.58609636631773,0.198179738776477,78,21,1,0.931479955405367,1
4152.034982578058,231.40909332153026,0.00025099831924479954,22,11,1,0.8455128158360726,0
227.99704278602923,257.2869595626508,0.04470697078042962,35,34,2,0.6553235819358355,0
2856.30602875096,207.97287780416434,0.4342918081035688,40,14,4,0.17315076012200403,0
1593.4574832206836,217.48760363004374,0.7690264842378618,56,24,1,0.42350656654496843,1
5432.833313097661,171.39803491571269,0.06398203014171933,24,10,0,0.8515329104605329,1
201.467967860852,150.57859780988954,0.8761185602746038,22,10,2,0.8020827676603485,0
2412.021904987766,90.2682249162022,0.9421053488464137,41,38,3,0.6771607239069073,1
3427.9764266358297,129.61756177499916,0.9956262627155995,67,12,1,0.4081035786448537,1
5622.288697850759,56.093784751185474,0.8217963115022385,54,14,4,0.10987946512386915,1
2675.471356261751,2.240518548811976,0.5927688917526533,70,6,2,0.9805521615929417,0
1268.7239105097983,253.224332747095,0.30043052868372144,65,37,4,0.6537365140699202,1
2313.0464376038385,161.68158678640165,0.6060867354050369,27,15,2,0.21626000063824657,0
809.5549496144653,21.623065955249732,0.25716140665208587,77,4,2,0.7799891216248207,0
5240.110385907222,183.72881203291251,0.73898736397937,76,1,0,0.5043147743000304,0
4412.937377627027,281.7348188908138,0.24479856720241666,67,6,4,0.5822062256782734,0
5352.393061759542,90.4569590889885,0.0807664479979453,47,9,4,0.2893404056913119,0
2893.7387114564194,6.268463528427237,0.905190512758106,18,39,3,0.4970004152128946,0
655.142527757982,280.2896554595337,0.14682606251670027,55,19,4,0.3255513303745431,0
4407.33336769461,56.97298558183774,0.055755475892320217,72,18,1,0.12943353282939052,1
4330.248163688832,157.3540212671198,0.27852724351228497,52,14,0,0.6485970302635856,0
2053.6167070971405,77.9187746773523,0.7336567610586003,57,29,0,0.551220853870231,0
2562.040680109423,219.04956104994244,0.1861514425743368,70,30,0,0.8732545394188895,1
3020.5873736445446,206.3519979113682,0.7902727442893669,22,1,3,0.19971074713301362,0
227.05310683539764,244.90413734959077,0.6683148614059619,76,30,1,0.12364992604387048,1
431.05501036680346,223.3913141352513,0.15668854565291457,31,34,3,0.6768311993093398,0
2815.515009846251,5.606132698801503,0.6321457953328306,30,31,3,0.3068704423207267,0
4098.869334633282,53.5282711835539,0.7350426771756455,19,13,4,0.38649044016008793,1
4890.227149555615,124.5273040906634,0.8852911995392736,27,7,4,0.7130672188502041,0
78.39876096909019,177.2092572768397,0.7030299214085717,33,36,0,0.005654225627166443,0
1577.0845017339798,64.67308509731448,0.9297231879384444,18,30,0,0.13474847674983326,0
4185.025143023625,121.31191008806574,0.03888559746314657,20,33,2,0.8224349078913981,0
5568.942378175081,162.79616249420698,0.09429203716505818,22,18,1,0.5141073795430072,1
2297.0542088651896,101.14551944684035,0.09209328245358173,31,7,0,0.6837557600769698,1
2802.901808919982,191.75618336560916,0.9719591117792401,72,27,3,0.8604386758587307,1
2142.9844022205707,180.8412246578134,0.35701239745211333,33,19,0,0.6350875617736009,0
5918.0044375582775,130.74243509123988,0.17169753824477962,30,25,0,0.011943366527956467,1
5894.348345467984,80.31803768746731,0.9761492596915419,27,17,0,0.6166372034666111,0
5235.718124953196,158.25303264659533,0.3601377843143161,59,7,4,0.7520817713787807,1
4344.680705898178,45.03116666816721,0.5665276320287107,36,33,1,0.5948954400174472,0
645.5356696941708,179.70930025005336,0.2288406488521777,20,12,3,0.2383820739329362,0
1397.1731595721985,260.8665280891719,0.7126517482798802,41,39,0,0.935612667482871,1
3744.5702357265895,115.60462455726022,0.37940708271091195,67,7,3,0.591237154741622,1
300.0747413035414,41.60006062521949,0.95083538948428,19,2,2,0.35486151598866933,0
4830.204570198937,221.23027661044088,0.8337677721144372,69,32,4,0.12769169456666074,0
4812.184511777172,25.44266236678736,0.5565258273564824,28,30,2,0.12933975704336065,0
146.4956488765026,46.3921948666312,0.5296012544276314,68,27,3,0.926386101988281,0
3343.938949510647,90.04080903773335,0.8607327477150811,25,23,2,0.08782842804449476,0
3202.4803207678283,191.88493622032772,0.015782800572384015,50,33,2,0.12312290696443384,0
4232.250314985458,56.134359360437614,0.14809677351807382,77,31,2,0.686050843251383,1
5153.800109716894,119.28457695196009,0.8339143128846297,72,36,0,0.17998439850837744,1
4062.6027587618173,286.59250615224914,0.6959326623302629,54,34,3,0.9348489631120431,0
5714.894047022584,11.918703263093134,0.9793816156378273,66,17,4,0.1416653537978816,0
1174.2453839706989,79.89255070309866,0.6293891383824709,40,25,4,0.4387901960591687,0
3419.784781205792,115.50202314397676,0.25752735554509465,35,2,2,0.11151005096540145,1
2712.027337119704,165.41839238014737,0.25488048216405457,49,19,3,0.7019996834542898,1
3594.413382119942,13.990105289664745,0.1343678307166548,19,25,4,0.4379920790010151,0
3575.6635629276966,53.124790774977505,0.8786341177412086,77,32,3,0.35699256568060656,0
5752.57494767959,285.6708082377331,0.5234116179013109,37,26,2,0.18341483392668056,0
4970.221249367791,31.51647753891601,0.7414188846203618,27,25,0,0.5942755458775301,1
1104.7958231468258,277.7996074239779,0.29102129244652564,23,33,0,0.11228208398312678,0
1847.64723519223,166.18172441292268,0.9585429738137144,50,3,1,0.45959671296451743,0
982.8201881226584,103.73178421314793,0.2080617734311182,65,9,0,0.6073360624656242,1
1665.664547231202,104.35146024315306,0.956322206476812,59,6,1,0.31725961591694773,0
2040.161407221547,125.37768692199884,0.5181848424944345,35,5,2,0.4508302644839246,0
1090.1068017331397,118.9424027709059,0.11274078097512763,74,15,1,0.6492368905404435,1
2771.1541466362764,30.40609239158314,0.7515266014530811,46,8,1,0.4266597608843832,0
2565.154211082577,188.93099770518813,0.9406148240278562,50,1,3,0.33131907721115184,1
3013.3211461613564,124.04609881341258,0.26534804402071355,28,28,3,0.13901678413992724,0
792.6183963130641,123.3541510617134,0.2909112934950667,43,20,1,0.14865300271191573,1
1280.6603883870396,139.36595271182338,0.08570204273781923,61,3,3,0.4273035575113515,1
261.3703850477058,11.111687305637652,0.5341807384007292,58,33,1,0.12731867557721532,0
522.2243747611698,293.17248199015154,0.09059069267136399,73,2,2,0.5123374866315782,0
916.9164832490035,82.41057253425949,0.8564760564292458,28,3,2,0.4450886521741121,0
2872.4390988034734,36.07534567309567,0.09279892656104605,79,35,1,0.46571170257976724,0
1532.4006631858977,40.87347615401916,0.18113175792273262,75,23,0,0.5321236619673928,0
2710.210361032765,264.37392079512705,0.3432906625599632,59,22,1,0.4865957669166897,0
3371.4547908954733,90.1967666938197,0.811513418367135,52,8,1,0.10789199022196327,0
2969.810269061895,108.56856270489116,0.09248880213882205,27,36,3,0.5102829538855639,1
1679.564918493294,28.56068524097115,0.4503684652832245,22,37,1,0.2670813954550165,0
2294.784928307911,8.357963449448446,0.6067672693448964,69,31,2,0.01473844653161005,0
4022.568079706733,137.30026823279846,0.7540750906271865,21,14,4,0.709417779386453,1
4211.161329636678,8.484964305721999,0.8573469687348995,75,38,2,0.39550538799163915,0
959.7706700270161,3.242345507918165,0.425490449874103,32,11,1,0.42888624262701436,0
4949.5968262792085,102.05631441521565,0.8090328835258349,63,24,3,0.13766165549206033,1
981.3556439611332,51.180255190889376,0.485236658431337,35,11,0,0.6381133669117348,0
1943.1552522908325,164.24642384601194,0.5201520018658652,76,14,2,0.10230071471660984,0
5722.185696511988,192.4108486306042,0.5218681864712701,44,22,4,0.36143770048699797,0
4585.7804987432855,30.18565219060756,0.0028596043853302833,53,5,0,0.1304445224634595,0
2678.249324436066,180.86652436095895,0.0790098608479356,63,9,4,0.7433463975615742,0
4077.2938657871186,19.082727982693537,0.3163205401214618,42,34,3,0.9822800076812409,0
4889.944060138902,189.52725014034087,0.4384873548680286,75,29,3,0.4209899457162991,0
2347.297359141782,158.47357304482227,0.2546538672656681,33,10,0,0.38822240414858955,0
2042.176346781277,182.84664886799902,0.6089711595015752,35,10,0,0.1425327128363244,0
1234.9161228944993,207.99220104207404,0.8896927938256889,51,23,4,0.27194015314935105,0
3125.964485067923,280.5279797051925,0.06266592966686402,40,22,1,0.13929357462905523,1
4556.133732786846,30.982244106341238,0.5217701577158294,72,34,0,0.9253071201428671,1
4807.991369072548,78.94417781917551,0.9491756608132463,26,5,4,0.7790753714466452,1
4432.177427363718,113.03428275238534,0.6189062425374035,52,36,4,0.7338879771357562,0
3476.6677161607195,149.9019247661792,0.957034559766973,39,12,4,0.9554427807559982,0
2393.800712131235,252.0060521616716,0.1197344188294327,21,28,1,0.07028205483048144,0
1103.3229871591993,119.31864130153758,0.3671640320129018,46,26,2,0.12878620831110876,0
2110.8865074190385,37.50518384416759,0.629964511554323,71,5,3,0.07183725792278017,1
438.53263573525425,89.89346413025135,0.3352051572097957,36,23,2,0.0850363215477431,1
684.4890054319541,224.57252114630256,0.8755724624057567,39,21,0,0.7010913324447174,1
2456.5234499899298,175.73152117039288,0.11002418814241888,63,23,0,0.6179319871419212,1
5814.345956556915,46.93046359754774,0.442518603389391,36,28,1,0.7395190638319802,1
3044.146423159681,135.93326986294028,0.7104855788141508,65,22,3,0.6746087115864268,0
2558.0342144304173,57.467936717719404,0.7731844128578631,55,13,3,0.8275208192332875,0
3853.438088021028,53.785400113318346,0.2976182076807504,32,16,2,0.7761236866338657,1
4913.017632184231,54.479395695049845,0.8473080895911835,77,1,2,0.8020532818044736,1
2275.0955358383103,166.0738864252089,0.02306139178134059,54,34,1,0.9765402917884529,0
2262.2637231550493,2.5287833826618145,0.31960879994944624,30,23,0,0.33840104147503836,1
2294.7948825992435,10.446978355240544,0.6492064397718559,52,15,1,0.645484024709914,0
5189.760465809908,213.8869643427138,0.5160420863976718,43,13,3,0.48559278810667983,0
4032.2515391762454,200.21025447172562,0.16743569846179907,21,39,2,0.8757478766346398,0
514.1440647604389,199.80757213100657,0.34517448617279645,33,22,2,0.34632117991540223,0
1318.4078584676201,240.45207029105728,0.923086870804304,32,35,3,0.4887920197528779,0
5117.086776314671,5.57105706594313,0.5991597840898237,41,5,4,0.21893243133253315,0
5244.2602463228695,14.529946007825634,0.00980540208039471,34,39,2,0.289921839403141,0
2506.9267898309217,104.93386671703196,0.6082061217019226,26,4,3,0.1105150315017932,1
2971.6848459310395,7.199335034840937,0.5255281974848623,43,3,2,0.433494701758958,0
4339.36856916519,194.57031606802292,0.8481302404387804,75,16,2,0.9279979912865346,0
1834.165910750479,130.79632514901874,0.45146816159525405,25,12,1,0.15263791972573437,0
2352.900119816037,87.63827479859178,0.5672852830110996,68,12,4,0.7557029619297913,0
1206.8605089435937,37.757866664593706,0.2491527130417599,46,28,0,0.5599664869228993,0
3996.315169615258,97.63763196967432,0.4834856245656368,33,30,0,0.9248312633694454,0
3926.5017903688727,93.96921030860406,0.18871826074031028,45,5,4,0.5311405257260764,0
5209.6573503101135,66.14761998518279,0.14130164503165898,54,27,0,0.6146477303810349,0
5537.313951198805,154.30838275092307,0.3276051803146547,56,30,2,0.3918085894162143,1
4107.322824982174,230.72603468921622,0.9058609969746441,40,24,2,0.794053994655004,1
3033.800802387891,58.55435321323703,0.22616522767689307,69,12,0,0.039963051760139146,0
3937.2479743278705,7.627154956858351,0.11895365966871485,75,6,2,0.7955619168272562,0
5420.639399612877,221.00680340436887,0.4651884792039622,63,32,3,0.4725340328957285,0
2057.8624930438436,1.62149317909146,0.5267082873520508,23,25,1,0.7899269492189304,0
2388.064616431639,216.0846787055417,0.6951393907631659,60,39,2,0.6762127608063067,1
1389.646661359916,21.759108094158353,0.05446791287168762,25,6,2,0.27873282024852153,0
3686.9646954506215,37.247859053349366,0.062289172373614754,41,2,0,0.5575832392580471,0
2574.2355944703486,5.442289928514777,0.9607865323092275,39,29,4,0.3588326188786025,0
3758.836674761994,93.43797880706111,0.46041747005540856,38,5,4,0.055783567967712555,0
3661.4663285697457,172.81205875650028,0.4502530548042566,30,33,0,0.2922354032564676,0
5419.582788989206,278.18177831882036,0.5856687526649123,46,8,4,0.08916655165492349,0
328.08363097699987,264.88282508636087,0.36080594368715424,69,16,4,0.8726103001496526,0
4747.39712058341,167.89372805796697,0.55342944568437,27,16,3,0.3911764261118006,0
4989.304637156674,87.51610001335976,0.18012068206970977,29,10,1,0.7848448418181736,1
2556.089576695227,203.76243526295164,0.9265670939221751,22,30,3,0.465812602266771,1
2796.9522317965675,59.655252965188886,0.766284593840066,28,21,4,0.08100914959997407,1
5121.940396153637,218.61248677230034,0.9980167282826882,34,30,3,0.5084081724775351,0
4609.448459015138,35.650707629547426,0.6800443031983322,79,1,3,0.9797000658507262,0
1498.7667930004598,144.080991443093,0.6179259149139991,46,31,3,0.40752260305686316,0
5033.928646599865,256.4922824068685,0.09707590191753812,21,21,0,0.732154769198425,0
2982.9090146027693,99.33883049329947,0.9766786898569928,26,32,4,0.9099142197502392,1
5923.2235508909325,281.3737351653098,0.1750860901813983,33,27,4,0.6865528799547235,1
3189.3960004862715,18.6213711748196,0.8097340993444432,32,11,2,0.09520761650437426,0
5849.6490261666495,0.09478654253775032,0.9184975360345572,55,8,0,0.36972557060168876,1
1616.9840779004162,79.22125764406628,0.6899836308969503,19,10,1,0.4565579636044659,1
2217.600258891029,130.12389482381863,0.8194757865368495,38,34,3,0.9260515906357784,0
5717.869091815648,2.807016061157408,0.23971337839360407,53,29,3,0.468274939529004,1
241.62589346316503,18.55885895520317,0.6398995750014981,70,27,2,0.29745122921399325,1
4467.807823622064,4.413311208459003,0.005154778629174683,79,14,4,0.6467185258798083,1
1985.833656480679,154.70652648947424,0.7177446830535116,74,14,3,0.12884688933536326,0
5155.8295637409865,246.45280188485526,0.9721261447468004,31,29,3,0.764507861299685,0
2281.7449808446327,211.33584637582143,0.9633752939023381,52,7,3,0.8071942865371736,0
1240.1755161222488,42.09009153678538,0.6032663095431243,68,7,1,0.19326629665236206,1
4680.519277088089,236.92133209949372,0.9013686933393156,34,8,3,0.8239764989647165,0
2000.8850685681155,201.71272636829778,0.2544011609420592,49,25,0,0.07203139212721044,0
1177.040250700877,144.66927138819028,0.3212980395429562,42,26,0,0.9443274310593589,0
4629.883090030144,71.30300153700236,0.5880893098756608,38,32,0,0.7481315097597021,0
2789.3197962913778,141.50639054513042,0.6308925454582864,70,34,2,0.15240079570925757,0
2042.7309583756155,293.7142044321152,0.9388785028073462,65,12,4,0.02697628097257576,0
764.9053673911255,118.18714830522698,0.7712016611877506,49,38,4,0.8658810089534081,0
2622.180318423447,258.59555240605505,0.06609776653223487,65,29,3,0.4974195889714894,0
1939.5471738238093,280.8340631646511,0.7546335283408858,19,2,1,0.23925041421981996,1
1388.834123486161,283.4081802337147,0.42835529210559176,63,18,2,0.1584300016011373,0
3603.3348959447253,219.89250291484984,0.295698155666669,19,16,3,0.44949374564742517,0
1092.2038150997623,57.82159945190695,0.7910754902416643,76,25,1,0.5196994668500783,0
3840.413124086376,263.83727273884597,0.38976360922407793,69,7,3,0.6327779591029756,1
4752.5869633388065,57.79718525299772,0.649461489352502,62,4,0,0.28576969561709464,0
210.50391670586856,202.1726083190373,0.9642564336062754,56,17,1,0.37380915020537897,1
5871.84530759039,217.1313071440312,0.5247037585293183,42,32,1,0.8245540100158739,0
5466.679008653442,115.69288844069897,0.6516108440026396,44,10,0,0.1779262040976658,0
5873.579789726342,30.369610001181414,0.3987038486335036,24,2,2,0.27313930632824834,1
5009.762776313781,40.88817389613021,0.4609442354720893,30,32,3,0.3993428749063438,0
3257.499566783029,161.01134506916276,0.9676836649288397,48,13,0,0.8002162206084096,0
3989.5376335863107,232.2691318511085,0.2009558113914487,36,4,4,0.053417343519112426,0
3680.327141446103,221.05426846288034,0.669405397134098,69,27,4,0.9154573409754756,0
2710.670945603295,229.09164523963562,0.21004215093113587,18,23,0,0.6815987453391874,0
3470.581487631481,0.20169710009523278,0.27908981515891607,41,30,4,0.4006803493547316,0
4815.610298708191,61.291256878320866,0.6004340075314842,77,5,3,0.04767880717761985,1
1525.2098388325105,134.61576781741417,0.5283608726989337,37,28,3,0.5215216385195988,0
747.2994936856354,146.40545263612754,0.4132050283034089,29,22,2,0.8486892403581767,0
2186.1190566786795,197.94669098191858,0.9413029692504252,50,21,3,0.21487716874274132,1
2686.6270226627526,253.6702070462976,0.37771170989916025,57,24,4,0.5859737066647401,0
4392.722304838389,122.8247806635536,0.057629929455947804,39,10,3,0.2288895335701916,0
4931.181233932433,123.31846437842701,0.477447756581325,29,3,1,0.49104806608195684,1
4986.665673094925,282.06841381186786,0.19740233568057586,75,8,3,0.07193232161520402,0
4549.852335108778,95.88159623131838,0.9160049504313884,64,7,1,0.6340838166674846,1
5249.607741107878,133.14084261629094,0.6359164166249278,79,13,2,0.7130076525211598,0
567.9512476983341,245.53062785195263,0.8120248663128713,28,26,3,0.7700131627706128,0
3971.644095085348,156.28757727348156,0.8879685013928313,66,26,4,0.28199675134813507,0
5770.123384278105,193.57724404110368,0.9158582037311834,23,35,2,0.171516508302199,0
4532.943612296844,97.68429023636617,0.36243002114166556,29,12,4,0.0472051890319527,1
1163.7139563941857,78.86435211895247,0.9036850309909261,76,18,1,0.6784731205050565,0
1855.931175796357,287.38103610636915,0.2629775959946936,38,22,0,0.3275878014788477,0
3210.473739015208,193.5372424850249,0.28484173322728157,52,34,4,0.8510031866387283,0
2568.8519884911593,178.3733134659905,0.6605433629949624,57,7,4,0.13456191904497483,1
4712.121949262073,165.49625401609188,0.19108542481126545,62,32,2,0.5141532875779208,1
302.08038368815227,11.004855166716753,0.5760491692582945,37,32,0,0.23570333752100892,0
2630.818177235111,69.54736339549291,0.8413759241399449,36,32,3,0.4761805475382118,1
3510.8149980561743,30.15147664465473,0.14006571563577097,79,34,0,0.2211437851029533,0
1251.2501465701237,117.83801907571258,0.3282769357259663,60,14,1,0.3087730486683896,1
1318.853652680018,7.2307086694702765,0.5945576568350667,74,38,4,0.10271874353276,0
3832.2208021098454,261.1768073999948,0.717492666915382,78,6,0,0.8258694045894378,1
2004.5385393532706,127.24003697468666,0.5684477467582836,42,28,0,0.859993230854681,0
2886.2111051275374,67.04459001413173,0.10368154395174523,36,23,1,0.6111146736796872,0
3997.7243519209624,87.01385036766082,0.19028866675332623,22,18,2,0.5557232901408764,1
4692.390252529149,177.78058929240373,0.9191088689983048,53,12,4,0.8313512965376516,0
1554.805730107522,104.68222009689582,0.8904635633894259,44,12,0,0.5117490837505175,1
5151.948976052161,83.26210039094323,0.5075012946275251,28,10,3,0.39982880170409585,1
117.22073083933721,80.48984185906635,0.4290823202676002,60,5,2,0.34187742805305654,0
3846.578702711952,17.358781012196324,0.2224489212251357,54,33,0,0.01584776785496056,0
728.8298001276534,290.4127285730646,0.02810149360159775,44,5,2,0.19775398290584,0
2288.0189109732964,288.35229745341604,0.2151399803138202,36,13,1,0.8804613421617247,1
3359.4039727775007,70.59123817334121,0.5894151914789677,40,12,2,0.06736578122895354,1
2121.5662076871768,225.35215933371083,0.47897720406411937,36,37,4,0.6794551182560531,1
2125.893899603723,42.94574481216548,0.09700493324207249,18,16,4,0.49102044480781426,0
1327.3241155528885,291.87256990083824,0.6820202632122027,19,3,4,0.0547271473433556,1
5743.088051415222,126.9346064961458,0.7869055807781088,28,5,1,0.9100757631385429,0
5831.463065780883,192.3621013134561,0.7598855060519754,19,18,2,0.6716077264216883,1
642.4846837217973,271.8563772556188,0.06137000097540579,31,1,2,0.7442278320257766,0
1910.4518960997275,246.17768838027075,0.9578995404476097,53,5,1,0.6063275600413033,0
357.32903229008616,37.99397406124469,0.10759077636135128,46,14,0,0.049065106662951274,0
3051.576659438684,123.40218480253083,0.06923519500031872,39,23,0,0.013512167956560295,1
1335.3112238690442,277.77495797776646,0.18491878150543783,52,32,2,0.4691292262380832,0
834.7068348812775,164.92936338502844,0.03401662801821059,28,24,1,0.5478001876499276,0
845.7745247082349,73.80673427512157,0.5567532807248761,56,15,1,0.1457900522889083,0
5036.719672092669,68.31760924902652,0.252344293287306,63,19,1,0.04209064507235183,1
2740.7426511248764,243.5329175712426,0.1429057703335459,45,32,0,0.2641969575797394,0
4302.361405595336,199.2886327670644,0.6922763017439222,47,20,1,0.423466555293582,0
3329.7253182855707,26.413789646349784,0.7118865123879804,20,15,2,0.21289200230589422,1
185.3676729889066,81.49497912410688,0.7663805590009004,38,22,4,0.930227407263889,0
4966.737738562696,216.92811890496841,0.836320453947346,30,30,0,0.04577503703307306,1
2325.6001167133504,66.82681937654132,0.6907065538456955,56,3,3,0.37078572538061516,1
4699.879810384431,288.47975104828913,0.8519952770736591,38,10,3,0.5618498093353417,1
4876.645134011025,267.23620367416385,0.03154675395871365,72,34,4,0.7552906365527621,1
1686.996219054803,125.62890449387358,0.7989938028006943,46,5,3,0.6960662525283832,0
1485.6215335754841,46.39842875389106,0.034355426438612335,66,6,1,0.3792270160569896,0
4530.313130191082,112.97240678151124,0.7555042414234645,69,31,3,0.8797860356620251,1
4790.339492361,6.602344487268397,0.35170179516952904,36,2,4,0.42195184006254205,0
4344.209598201608,57.94399825980112,0.6267442397147523,18,2,1,0.6941473056576558,1
578.994201852826,109.94270725552228,0.3963520928808285,76,16,3,0.2736045866221166,0
656.0588316345066,100.88095843727922,0.7094103181022103,41,24,0,0.9711939943480828,1
4019.9895692978625,55.124151185956,0.382641514343951,47,8,0,0.18345734848047013,1
2138.8558065779234,6.510838877315828,0.8526933281279175,70,6,2,0.9630726104526096,0
2460.868402735859,237.78972181143823,0.3528670337042189,40,4,4,0.5237748499037131,0
5996.84980599231,148.0120674364917,0.43218768332046453,35,11,1,0.9606578623319618,1
3029.992015611488,30.98341712640409,0.20212493767123374,51,25,4,0.9893366606230212,1
5062.885804398857,39.79103218730238,0.2948310677971755,23,39,1,0.3731728394422684,1
5158.9158850026215,21.539379779651448,0.2580931522352198,53,1,0,0.4308573429796301,0
70.53511794847142,16.676151075275225,0.2201740133672907,24,3,2,0.6425656416167354,0
2838.903947173483,285.4507900496708,0.7823135994921906,58,16,2,0.3536513017936005,0
1599.6819698396475,3.9937500186641217,0.03653617667002351,70,28,1,0.6214055742121253,0
168.29412815357327,281.11074840668147,0.20054459524809165,76,4,0,0.3994120234886155,1
1819.5542150708102,80.67303460285189,0.7295410656968866,58,16,0,0.011012917133034095,0
1942.8371338993393,254.3969280948619,0.9169635549284861,42,37,2,0.9577649601835886,0
490.952855268198,129.62150631886462,0.15386474932168392,61,19,0,0.9943224484804513,0
5457.70967326561,212.8502819707033,0.28111457188675704,78,26,3,0.943615115620029,0
2339.7958330844554,178.15539923105288,0.8539273849162028,70,26,0,0.5722995910475517,1
2924.7324927803716,248.516928638875,0.3331568894451704,20,37,1,0.6921240176937348,1
1273.7183003004614,240.40977374610534,0.717709931087444,57,3,0,0.7077947659252504,0
3202.808503080467,238.6830789629479,0.3440050550148137,76,3,2,0.043474628906096546,1
2850.4585446500787,135.6463785956335,0.9520983519635172,43,6,0,0.14603637395134628,1
76.78788195208,112.08012358421321,0.4241790629565605,29,14,1,0.786361270932504,0
4719.38972182827,2.0066031874477086,0.15969718574999758,31,16,4,0.8656808627229932,0
2006.0935031129998,206.74517149980693,0.08743858128841053,45,20,4,0.13971470069905412,0
4675.981887075394,238.93610827649022,0.037858053685395854,30,3,4,0.10371227555874296,0
26.751194127998062,275.05041670159835,0.29762160713900887,67,22,4,0.7473222661640341,0
790.0777156608857,214.9721380039806,0.8579178767964674,55,20,0,0.2281631754936857,0
5850.59940249503,260.01660833877133,0.3839262493032235,61,37,3,0.8914374922408672,0
3319.0902995190017,134.38408424313045,0.8500983392390801,66,23,0,0.3567905663527442,1
59.656521911597444,287.73890154422173,0.4673448212768301,33,9,4,0.37806585219997524,0
3792.2619679839313,88.99565362151614,0.8832916417188619,76,19,3,0.7837694011492049,1
1728.952357679153,75.5531752162151,0.3428271874849377,70,5,2,0.4531729450475659,0
2886.237843810683,3.934185406287083,0.5475848403356994,38,33,0,0.12349659666069457,0
1402.2105609680304,243.42477391794287,0.5501970927758374,62,12,3,0.013073157082441278,0
627.3790140736071,78.13297571467213,0.7600706357443157,72,2,4,0.557556870013454,0
358.1212592893479,65.05752410912893,0.797313671657021,74,28,2,0.8493342115476414,1
2376.6112675654276,192.19972868373608,0.6498934023588093,42,35,3,0.654637154073545,0
1229.7389981345873,275.8358966393255,0.8355972061764234,19,35,0,0.12100230598072836,0
2097.9163512428395,188.73442572482548,0.8085380447291931,69,2,3,0.1720242040140071,0
1059.0089697781746,297.0131866041968,0.5084131295080447,40,9,4,0.20594838004923977,0
123.23445171523024,92.49706406208809,0.30404018905209185,60,15,2,0.07247579880786914,0
2285.0440367659703,182.73721473777073,0.5913184519766257,22,4,0,0.8401014712448536,0
3495.7200594496685,72.40680006714307,0.9554426863974351,25,1,4,0.036714450704925405,1
2606.1581207268373,164.960370624032,0.3410233353734624,55,8,1,0.6051554892265684,0
1251.108538042487,270.69260598650044,0.671812370708492,73,12,1,0.5917175944682233,1
1820.2492950856658,167.88374004135878,0.8429526747868361,18,38,2,0.38900459394380305,0
4882.864352905193,159.71098212863825,0.2788737192783812,51,38,4,0.14404537908892912,1
4033.8238668276126,71.51659333638608,0.625947218248912,79,10,0,0.062025492746253574,0
2916.9005140823947,239.50311642702152,0.5396264470732222,63,8,4,0.9738166824128244,0
2656.6505743933885,27.379068704805952,0.2037113595342248,49,13,1,0.8872599829767543,0
5134.474201506284,178.96335377000406,0.3248725973847105,52,18,4,0.7383633857059229,1
471.6303511540317,136.9105984368868,0.9753534492785163,68,34,1,0.6663959944932317,0
5545.897872297052,143.10918299002392,0.0355262130808921,25,2,0,0.23156868273114994,1
1209.8147061451593,147.09647661345997,0.8621931475340386,77,8,4,0.3213309241704685,1
3563.4634061714964,164.78999453459548,0.9968675074483384,41,35,2,0.6655671731182135,0
5486.849234088751,34.004541169319666,0.13258660617127604,46,2,1,0.34835740918571634,0
1230.611518392671,224.49133548623826,0.9385152570991279,57,17,3,0.7374316067382203,1
3703.166235680887,210.71881524824047,0.5726576187472108,69,3,0,0.4745425123053908,0
5223.093295944635,89.82190279563872,0.212985717184767,39,33,3,0.745033947905171,1
5727.3405037906705,47.091909441455556,0.08968137146605171,22,5,2,0.6223868320135167,0
555.338145915703,297.0690802046785,0.13484857362027236,27,4,1,0.3937989365659127,1
1715.2915246601356,51.434397976362625,0.10397250506574551,65,34,3,0.15223445854538564,0
5474.758554460897,15.621543728497711,0.6125877047291288,54,5,1,0.5696654831748259,1
86.07228253879555,195.745378716744,0.39346796993320143,37,2,3,0.7118874069384815,0
3112.2887459994863,71.68100482612151,0.6925020072533958,57,14,2,0.08641309545510112,0
2488.6595860977154,78.56358691377454,0.8480757929064345,42,1,4,0.6832080363613444,0
5478.900920114376,285.70013135356567,0.9214779512335598,25,37,4,0.31507088516812065,1
757.0798989043241,29.86901740798902,0.8743697321413478,58,13,0,0.6888154347880968,1
364.3798393638662,60.693490449374174,0.2382497147358611,58,13,2,0.38186033637013395,0
4853.185451852356,227.60651900293772,0.37936140592141765,75,21,4,0.23436251375725503,0
4991.515297279293,127.89687575185332,0.5263916416026274,59,35,4,0.7495122819828984,0
4138.165233491112,5.87506107531246,0.16746288870002102,37,4,1,0.2597486976267208,1
4716.297786151119,266.1359854949468,0.506594333401075,64,37,0,0.9596541915703963,1
2027.617212934396,44.73799709859757,0.6757268458554153,20,13,3,0.3842045673247463,0
1511.8646552638413,163.44562968330746,0.1227440651802969,48,9,2,0.22800622329609244,0
1776.7450693236476,100.9333140072421,0.4257734507688432,45,39,2,0.556426006343499,0
1650.0916305844185,27.785278552603287,0.8744977840255065,57,8,1,0.8780766942829906,0
4767.410194523643,126.10786590448353,0.8702945983915065,33,22,2,0.0564194509035677,1
2348.3589276116204,197.7858431650214,0.9657123153210702,43,3,2,0.5923725141252553,0
5112.298195654295,133.67090972090395,0.37366690977587014,20,36,4,0.8692059690799353,0
1434.1210818852678,146.0967069763626,0.917224643727795,61,7,4,0.33089222833875565,0
5165.973586890923,145.40667255932405,0.08705227499199353,71,23,0,0.10697168628938258,0
684.8082387509892,1.8809754940254164,0.7028666271882996,77,16,3,0.5372497111850494,0
2583.4107622635356,71.80248601111089,0.4112082297248053,62,34,3,0.9544493132161671,0
3081.6714391940504,62.998403370945724,0.4854988147488819,19,16,3,0.3622390134134903,0
1080.534646993688,152.944706985,0.6782153173600052,42,31,4,0.5664260258183416,1
3693.006144953076,132.6710026196364,0.801633754608857,55,8,1,0.4829678960562199,0
1069.8154465549221,120.39260224880786,0.5981788763757896,44,15,4,0.22418943987811646,0
2682.0543151083284,255.55049277692424,0.14285430813647837,61,33,4,0.015740669819140574,0
1345.132387137054,54.986369508333276,0.7498528035049825,71,3,2,0.2881326082986295,0
2802.5935801098453,217.24256726751034,0.48391851927616514,53,5,2,0.6545610023829224,0
5115.625681451375,104.38156467576772,0.4180684029296502,52,34,0,0.015028586173457259,0
1998.878878915476,176.63031250004514,0.20271614772042268,61,22,3,0.5192278875050459,0
3890.8117725338366,271.08756322905435,0.19282007722380412,42,7,1,0.2964942983600709,0
4054.0883203352546,83.11495606901961,0.9570144854572932,55,15,4,0.7906486620924622,0
3064.3286888269317,95.37298577912223,0.1424290967560622,61,24,2,0.1627848712444372,0
1615.3041124459721,112.40501988118965,0.22193886026188991,36,29,2,0.7310082626552274,0
2459.049723173573,239.24570335390717,0.7769761260715231,47,14,4,0.09986594734520515,0
4027.3846339764787,49.09972180712578,0.06793749912830349,79,5,3,0.8480524516275547,0
3998.417883306201,137.53888357351397,0.3047761677117171,77,30,2,0.3495218884373049,1
4113.290959054574,58.62434612422701,0.34503142753663896,21,21,0,0.48705663782060493,1
1489.6668452642714,163.46098784855903,0.20302724939184413,31,15,2,0.9394358108944322,0
4704.151257348275,217.07946294332208,0.5364179798754315,79,33,0,0.624357137753897,0
5737.15748209236,196.49056547999677,0.703579890494007,57,18,0,0.9632001176627061,0
3002.5138019852325,193.2224790115015,0.250714017247719,46,26,4,0.051200380308016546,0
3197.8964475782823,158.90328561325208,0.5248293902219421,63,22,4,0.25393403928340963,1
5803.855451992374,119.01681181892704,0.7801595251198652,49,33,3,0.2642864635079505,1
485.17816992160056,128.35102695311238,0.20121336267318435,46,34,4,0.25931834735741544,0
4250.7585129419185,36.1016765248465,0.7350694027805171,61,26,1,0.5766278522493544,0
3479.0920517580116,151.4046863605843,0.9135759198335839,72,22,0,0.9032599989247903,0
4555.268928854485,223.45689480955835,0.3103381130649866,45,4,3,0.3787230492347988,0
3235.6792122441316,95.70081687210758,0.4765647390913528,48,10,1,0.751136987179307,0
2202.9900543113004,143.41502594702519,0.1111846420982382,37,39,0,0.4973439897284464,0
3551.9707822219398,30.147612261462285,0.20726242919902038,46,4,0,0.33902498831117134,0
5239.930821887259,226.79816199832632,0.6964209337248407,38,34,4,0.41545239939516776,0
84.77008442493369,191.7260694132223,0.988107945874187,21,5,0,0.9393476221216474,0
2694.090184274903,245.45477261100794,0.566630077828494,78,38,1,0.17336282528075064,1
2259.629750427937,118.38640508405463,0.8479375502364624,54,32,3,0.28675432261048583,0
1683.698433899868,15.47571593200101,0.38250538828871194,25,8,2,0.23775210355354148,1
692.2886249866547,17.333015395956885,0.21870663536841717,31,39,1,0.22803306303150006,0
25.785576213001924,193.23407544566834,0.7864883876667172,38,33,3,0.43774531489538504,0
4601.749965076835,253.58428429811002,0.6752850199484999,56,24,0,0.4575180509915674,0
628.6138169668988,152.32293181737734,0.4829324280537364,44,25,1,0.5498557203061202,0
905.0335772611623,27.633276380904704,0.825005997358284,65,32,0,0.05207003668758381,0
3775.831241168712,178.2239469495616,0.47266817223045265,65,11,2,0.6908459533585941,0
5842.684602899911,124.35197019365056,0.03727937142923643,79,20,0,0.4126070923023616,1
2215.5875632965476,278.55706912143245,0.14874181592439395,21,21,0,0.3902848359128619,0
4528.449657817335,255.58278997614724,0.16716712926503297,72,6,0,0.7003570792804339,1
34.48712749804312,118.77486511423588,0.5314152439411206,60,25,1,0.9776899269417644,0
835.6788640411693,279.6197851519885,0.11858937906527822,60,33,3,0.7075843492797053,0
1850.4116936894584,207.15568072791606,0.4628879041676577,35,3,2,0.975106618721456,0
2255.5491383075764,67.79234244427548,0.8567797458505657,33,27,4,0.3747813188001733,0
4301.841489445111,242.49910633701987,0.23134832998746213,59,3,1,0.017500451287386753,0
1736.3444589437947,42.032728258281026,0.45006795156959967,77,1,0,0.0685360141656074,0
5008.45222985953,126.96765866554097,0.05934691835499728,31,36,4,0.1648626525926291,0
3688.9898749647864,286.39518037094547,0.023824919223997543,74,30,2,0.5292786171176652,0
4763.509681157353,85.97652421869338,0.016261762167273264,36,21,2,0.6134022179507186,1
2641.273532189369,54.576515425045834,0.9903389199881075,50,7,1,0.8769517561612563,0
2944.322409611398,166.4368532602669,0.10939594916737982,61,4,1,0.7495353104554842,1
5894.759184977894,66.1001310696711,0.525643107361279,36,27,4,0.14302927793448972,1
3500.5378133573336,97.66387752331207,0.5345234861503169,62,17,0,0.23700122009406444,0
5572.355150707928,67.84985523273761,0.10758656399522426,26,37,2,0.22015382475686596,0
3910.627246222174,246.05179015341585,0.607057546874689,51,17,0,0.5623241589329628,0
489.03357848338914,224.15758291527305,0.9765491458695067,37,26,4,0.9691263435452784,0
1763.7242306731782,296.3766132150142,0.22967682951615698,60,23,2,0.6827288101784778,0
101.41028039079256,298.2744432809842,0.8227642759270489,66,25,2,0.7272651032654224,0
3148.4388791832826,97.67515324269037,0.8229390948468377,67,21,4,0.18985473820742216,0
4841.268960201814,295.25339082015506,0.15852619726084205,65,23,1,0.3120675551671418,0
535.9539407133905,263.32803719918235,0.31174682951062604,76,24,1,0.7436852289047301,0
4364.986838998811,201.45715425612258,0.8494004691384115,43,4,2,0.11277329420948023,0
609.8664665033323,219.12620604097535,0.12384844912066328,21,13,1,0.2647898202887997,0
3667.241614926159,54.14454830968738,0.7896108780100201,65,18,4,0.12947305387016883,1
2481.6938117945065,219.2341717751719,0.5611148340891711,61,12,0,0.7748735160880579,0
2155.8124945344894,245.47393558784105,0.7137865374176409,24,2,4,0.1831142590221787,1
5921.256666051639,175.88430315831928,0.5910951625995831,24,17,2,0.7317383669601759,1
2547.8543423081533,238.85583255527845,0.7159158946631075,39,38,3,0.29539781455871306,0
158.9105962311417,52.52128831222461,0.058988285014118014,23,12,1,0.6131143988228408,0
2699.111127840658,139.35696108886324,0.6489503007028443,37,15,3,0.45127347705733434,0
1823.3139095042413,149.41257509716786,0.38739953909057234,27,28,1,0.5392143626174051,0
2828.2515461013713,59.83895433525448,0.39662671758098267,50,21,1,0.40199213227414665,0
1664.6673712510449,4.555378517912878,0.17939077667344694,35,38,1,0.48349821001643234,0
4350.983849147699,218.21008062523273,0.8371578675233038,29,21,0,0.9399652801218717,0
2350.9063523447167,286.8704666018827,0.924469238442174,30,28,0,0.9686965147786747,0
2295.669961772894,292.87378410371025,0.5011018687311025,69,11,0,0.7629580104958915,0
5723.730305697944,248.80087600243687,0.3348208260596486,43,17,1,0.6206270797140852,0
430.1644725127767,97.5126584791248,0.7699275178990352,48,20,0,0.2386972320547257,1
5154.250990029055,218.22383679240605,0.12622576657079243,20,2,4,0.8546050443093138,0
3733.273409609213,251.9609656028333,0.5349263775084349,24,17,0,0.6379973318179766,0
5828.075037219038,22.681948404024823,0.31769893574500063,79,29,2,0.2333223588447566,1
1000.0841324558367,257.20881268256227,0.06996005684272066,61,13,3,0.870849127328356,0
3975.896257750032,79.7969091971351,0.505266351976134,72,3,1,0.600950063097134,0
5517.746840290705,12.82575983502172,0.5789059782922086,42,15,0,0.3675709758888953,1
1702.7101077234013,96.6309671702178,0.4132253545342578,68,7,0,0.09818552575521045,0
1859.8819845220276,152.24923632169504,0.9974748417613339,42,6,4,0.3713706465258284,0
2295.9727626086237,281.2425314056377,0.9050888841347353,30,8,1,0.24827182015608384,0
2625.3581378886547,265.69001719984254,0.9838953814025793,22,34,1,0.2222018333300958,0
5590.721178459505,200.32656031192641,0.9330793736638542,48,23,0,0.07667141607231687,1
5100.913914880931,107.78384571755176,0.16891165908651473,40,18,2,0.23645813348667877,1
2684.1042718203507,223.74123268228226,0.9917255927146644,74,25,2,0.7197051236551684,0
1396.4821437497703,6.037465710871748,0.26816599135690256,63,18,4,0.747456614925654,0
5438.076714407425,189.6662457204448,0.08793335008414038,28,27,2,0.08979486542035375,0
5640.830263022304,117.04595940461398,0.4263644405168767,58,30,4,0.24474918875750917,0
3595.173061986522,224.7752270394244,0.008412319834936288,43,27,0,0.8890502327660738,0
4442.572462435821,115.62462466911681,0.5603781538617505,45,35,0,0.8524376017089332,1
4499.488081812015,85.46182773010268,0.3820507643709252,46,21,1,0.9846062136649295,1
1781.1859878607875,112.98298542910445,0.8525238927127732,42,28,2,0.6046880811600941,1
4331.853153222679,177.1314799765405,0.6742796541291678,48,9,3,0.7141913782666212,1
3486.9395233428563,261.1848472406973,0.6404736459225402,19,21,1,0.5596325013443678,0
4879.172959760241,101.37951043885803,0.1303035358933068,57,38,0,0.9243090766050246,0
5141.838254610268,101.19712943342473,0.6094763168521261,74,16,1,0.5618687349642967,1
2648.063663205551,246.56249111707857,0.4432536159894428,25,2,0,0.8414672426869985,0
5802.020300829445,231.1606204319897,0.7627540451021634,47,17,3,0.005793669398708734,0
4810.459534309658,136.84991395676047,0.029023374651563683,75,1,2,0.4469568452775978,1
36.158286169526086,188.79389472806642,0.20911221858048978,49,1,4,0.8049700823697734,0
723.2398644114687,124.18922085347428,0.1865199225053955,64,27,0,0.104992167760947,0
4276.772990806495,168.13172116796616,0.40621140061901073,33,14,0,0.14468115480654808,1
1193.8841157243826,235.79913781886776,0.6965540931994253,36,35,2,0.946849576495551,0
253.3369638675411,214.59620773854238,0.6932125818706111,23,35,1,0.14062373530667915,0
4532.28430281039,106.6028781666766,0.3396400177726562,18,25,0,0.9768108735592568,1
3136.858588090287,80.45423777375268,0.9145349243390304,37,2,2,0.25039168393806877,0
2173.471633826669,238.26169545143816,0.7607401451717333,75,22,3,0.6335556950153285,0
2533.905322331768,173.61124729608133,0.8753900109346779,34,1,3,0.6841818272041655,0
2646.212192586122,204.24162645553534,0.6965911417932229,72,29,4,0.004823844496457896,1
5774.099980104476,214.797948050564,0.6169835195187225,44,24,4,0.2467595929151153,1
3793.898310497011,98.42051708059782,0.622079282242645,78,24,4,0.7638319996868196,0
1766.621840401625,133.58095890263658,0.08528425038882403,33,19,3,0.42375487123113476,0
5882.511457049973,132.11401794532566,0.00931253798164322,58,2,1,0.9568528358282694,0
1990.6729684791226,290.3820600947921,0.5233551574022589,59,4,4,0.7168438536866545,0
283.8713485875089,133.71881803088428,0.056692446162732724,43,1,3,0.7043944033430202,0
89.0119751538038,27.14935572468078,0.49680711871341154,36,35,4,0.2855894645024092,1
1515.5881860804845,201.104461818951,0.400728781959907,54,15,4,0.20502571234554012,0
1712.8299728997154,252.86441989028378,0.5348461317312314,63,15,1,0.06920857981851158,0
267.0654118414209,93.12753808114026,0.502215712685959,31,13,1,0.9446201656883757,0
529.5498744836979,151.91570592099544,0.2979254213665472,51,11,4,0.08880923899638038,0
2113.63653046825,283.3059693031476,0.39387312782006223,48,25,1,0.7023971507286461,0
2282.584622843494,4.692645268300888,0.848310062862511,49,36,3,0.29628948119041176,1
5277.073628642066,55.576055337877165,0.9904718601092924,47,34,0,0.09346644497433154,1
250.66801930582966,146.54354425375817,0.8547391158185688,59,36,4,0.15642881357951133,0
5642.948133337457,16.85729319695327,0.5577794845099193,44,34,4,0.3524308567735839,0
1899.7132587281412,256.87025368351533,0.48071686796359614,44,3,3,0.2111148317704139,0
4909.52538303446,92.20601665692514,0.785738549511343,51,10,0,0.34739092933176974,0
5325.856455492522,24.99641704462835,0.11639500413242099,43,13,3,0.721884962124838,1
811.0635283905502,298.37415716102487,0.09891305555865992,51,2,1,0.5502274535580606,0
2390.4580442501406,227.15085053641755,0.8621300524332519,53,8,0,0.6753843282344774,0
5999.247590989063,234.28750162938195,0.4115641933629892,26,13,3,0.1790586194602939,1
790.6853972193817,289.2047322595574,0.6569346204090754,42,14,1,0.2382285427515043,0
4824.799156547904,237.4413517085787,0.913872348380022,42,21,3,0.7314885454866651,1
3625.0245617511573,30.213037496463556,0.6016998155807884,21,29,0,0.6435715241089065,0
576.9004835656776,283.0215888401731,0.3749211239792879,27,32,3,0.7202990450521177,0
1951.86530979262,149.9343713099246,0.7776316426745714,43,18,1,0.7710753403044053,0
5018.425343731115,274.56653405442967,0.896255939851976,67,20,4,0.11295641731090234,0
3336.18600926309,187.7060318877128,0.8566491138717431,66,16,1,0.5105357689106882,1
2387.814325532576,150.13311718567292,0.5980575722699396,76,12,2,0.7338320765901812,0
3084.7112665037507,65.65526836939337,0.894541602828193,35,3,4,0.010139444876767656,0
4676.219687946876,24.148260859513748,0.41717799554106016,27,34,2,0.006618662520769147,0
2403.5811502404536,73.21489860773185,0.2909214166978241,78,11,3,0.8667677237254315,0
75.47933180767477,92.20718807466322,0.0007283081881189757,24,36,0,0.17192907475949404,0
337.97748629274196,248.87525406033944,0.05502400133872232,25,5,0,0.1651634281921338,0
2807.6149669531487,233.76030633118253,0.7349884720657214,70,17,1,0.7631501926302948,0
3275.120526314449,69.32805280386948,0.8179430150086949,43,19,1,0.4515334336684118,1
1771.5386642062406,55.13873552609727,0.65253685561351,21,28,4,0.23302296749028784,1
1333.7664692816822,88.3597491455807,0.9440312050587657,29,33,4,0.47567446448921114,1
243.6259653388584,122.70276319335323,0.32216340352752326,70,27,1,0.042941213322092,0
4330.356843063585,207.84702604211904,0.5852298567080008,65,31,1,0.15212455357671262,1
1379.9565647368754,118.27031075764371,0.9609560594892156,74,33,3,0.8741287602269521,0
30.52988589326859,28.23621760539553,0.9227922801764259,20,31,4,0.6399782257237571,0
4704.300852212134,259.9431076420002,0.9753609957596695,53,10,0,0.5458534179359864,1
4166.971264455093,245.7782928783025,0.5590443656030958,75,5,1,0.20231053838546875,0
1826.725268841904,175.3817159612415,0.5203901572276511,52,30,4,0.28333100752827045,0
5061.073220299439,263.2634945880999,0.954250966097945,62,1,3,0.3272760158382543,0
3173.8860992630807,247.47378287562574,0.9086997510317137,76,8,2,0.9778808393473404,0
2731.6944602515605,124.94464887617265,0.02553682529644219,33,27,0,0.5134105681860358,0
3175.477159929426,78.25192407528797,0.43069220591367907,65,19,0,0.08705307981896204,0
2036.2127700891408,0.8325500722003443,0.8844777065702409,20,6,0,0.6442341836287662,0
3148.926304008887,63.24497390865764,0.02840129145285808,60,31,2,0.039819053643700086,1
1341.0246312749834,79.7280090381801,0.764499541227703,45,16,0,0.6756847348552242,0
4707.015735014981,7.968997120610021,0.681325914717116,57,23,1,0.4697165159604155,0
87.84932591289947,167.92179977690654,0.42180389056021705,34,10,3,0.7510234243019936,0
5024.930164541124,180.73025264490624,0.6324691126114474,28,22,0,0.36047730692485935,1
3429.0319792976425,108.12570659515211,0.33203106251614056,19,26,3,0.6180826816996757,1
373.5291215836415,151.76209500680466,0.9403016379834788,33,38,2,0.4975466924513008,0
4180.989966956308,16.37694472270673,0.4572174395758608,50,1,4,0.8909700745620227,0
2575.182442864049,258.50809115219687,0.8929057211681924,30,28,0,0.28117086892857257,0
3148.0309865976824,163.56674280882072,0.4680047774460526,38,26,1,0.7827647096927116,0
3302.4987030617835,62.24800070847084,0.24487421887420957,72,38,4,0.36167223003091586,0
4516.2134283205305,178.98792056999162,0.8140214562844595,35,13,3,0.7071312317831877,1
2441.4055313348376,201.50303895287658,0.8250257244920391,54,27,3,0.3354926530038592,1
5282.492522026518,214.25592326696744,0.32926073415382184,23,22,3,0.7089113234411163,0
5550.905422436709,52.72835677378449,0.5218505491988388,22,31,1,0.530821396436537,1
4732.888690970162,233.00120549846574,0.48630217734856973,51,3,0,0.23117262696483853,0
5788.043393522822,168.25939919924025,0.4753100494808151,65,9,3,0.870283823419766,0
1366.7129919003967,202.42132298319447,0.6340903975827941,25,18,3,0.9737016224389902,1
3266.33924832719,291.87801094601895,0.5545537352545077,77,26,1,0.8175964256866459,0
3443.4659243272226,118.21149469166114,0.4497165746980144,49,29,3,0.21988035348461066,1
3295.6773848590506,197.57480111370933,0.26451985848437354,46,4,3,0.5172962631881142,1
1207.0493531947634,79.18168494238608,0.4434873491439256,26,30,2,0.5421462837903814,0
5703.141794286464,0.6564431395374659,0.13528830193532881,46,1,0,0.9595189428718204,0
2338.020290713246,164.91052434737793,0.7290845797106311,42,19,2,0.23077437626493558,1
282.4221790036958,133.66053497812027,0.9274403045823455,44,11,3,0.9436093710758667,1
1201.819671026427,2.1329868962350784,0.46509296355475904,41,13,1,0.7194556105080078,0
2805.371150490578,88.0530167960459,0.458802844103782,28,27,0,0.29828625105206563,0
1384.6202970405286,257.79773975986865,0.8263563272626974,50,38,2,0.9319330909594846,0
4098.706741382399,295.7267432540266,0.4223184405702217,28,17,3,0.5439558521534075,0
1541.7551930991299,299.7070784320764,0.7923148146022524,34,37,1,0.30519518675199264,0
5824.455327295159,14.737543093295125,0.009885740752354044,44,17,0,0.9127052703440286,0
1466.534865913373,78.82837241010779,0.1526496538067046,18,16,4,0.7137222963510933,0
5124.951237740252,29.480456864445827,0.4201160121903966,70,14,3,0.5457287116669696,0
4142.241784559225,125.41651211887145,0.4069408831890692,32,30,3,0.6770465733972445,0
23.138315933520246,171.23350010059704,0.4894461649060031,53,27,4,0.15949447607630574,0
4052.5719073287355,4.622483333468086,0.9451999791342214,55,32,0,0.4021645588940951,1
5219.538959458592,235.64249188793102,0.5859625787069831,59,25,3,0.6043922192546392,0
1887.8606325276567,255.66796607373215,0.2562735516877894,67,19,4,0.6391746244836857,0
1574.912988580574,155.59618624829122,0.1540208134114528,54,19,0,0.31613627906510255,0
4298.33877921234,167.63651460396872,0.7883396636531405,48,35,1,0.6209735997113714,0
5074.246690624421,32.45499384637009,0.2694192078249309,68,15,4,0.4230562290852209,1
2535.320055682979,268.34195542223927,0.21017435105222848,36,14,4,0.1608775794067001,0
2334.2830033696423,168.88806341326955,0.15517193104369498,77,33,4,0.29993067138523155,0
3810.3128157587103,24.714919282490367,0.49419533885495137,62,34,0,0.14258381885034432,0
3246.6352241365184,143.63232073965773,0.17148441522874946,18,15,1,0.4482888098099508,0
5963.014240681494,52.65325798907485,0.34601057318124473,31,16,2,0.384862935050718,0
1716.1750785508636,53.117633691084635,0.2556928438213485,58,34,1,0.3799064635368381,0
4382.732884682734,93.43839445320855,0.17949089527263362,23,26,0,0.9563691328332622,0
3138.412836527572,98.47254152510538,0.06692578502202662,32,25,2,0.0341286590013421,0
1866.2857583311527,251.26289399066334,0.8420094088138776,50,31,2,0.6980721715606231,0
1068.084527681929,173.83055168053787,0.24117892009161523,64,25,1,0.9563431517962169,0
1851.8559295376265,236.08295900322085,0.6356491216844734,41,34,1,0.9711479576929923,0
3004.067240423052,224.5411580492888,0.21609682466377844,28,25,2,0.24104206641316173,1
2065.495542599954,115.40656883708472,0.7046988631122061,37,10,4,0.6342798819624867,0
4792.6680064066595,149.39020359424057,0.787314133266036,72,20,1,0.4545599494754835,0
709.1706971688901,38.86638003048034,0.36746993488123203,38,37,2,0.41048838729351944,0
778.4114145423817,244.20992773968575,0.9372877685438498,18,21,2,0.9527915918348824,0
809.6837522005513,66.14686659182738,0.5040500204209836,79,33,2,0.5241762635996745,0
5167.364319170792,198.41399267936868,0.4358822795840943,52,4,1,0.8152059818513413,1
4467.613184125725,90.06095376742215,0.7657479373723489,26,25,4,0.6194597343686084,0
1528.5228868406762,173.90237655376814,0.20682744380021878,76,33,3,0.0967481613909712,0
5818.352964005362,248.02851028735708,0.8124392694106126,67,31,4,0.42657997686076377,0
4629.416088806219,60.70232686919583,0.5763674400041255,37,23,4,0.48838943514404565,1
4496.031661223367,234.09288251101978,0.07098303660934402,67,27,0,0.013336009054077613,0
3600.180978680427,18.569905853876623,0.5154447580148298,32,12,2,0.7560610966808313,0
4433.865547923264,180.0911584490516,0.17103994258617217,62,34,4,0.03910751637765297,1
1688.3389328385135,261.169770835373,0.7849461413176724,69,30,0,0.16525325815228153,0
1963.2288448043364,72.20314991353708,0.65470386205438,36,8,3,0.3715347413995904,0
1233.4219967120853,62.269219147366115,0.11547774670814581,71,9,2,0.45179054615342207,1
4570.19973163462,227.0891358189832,0.21209055540722044,22,14,2,0.39041737074493665,0
109.1452910636079,164.40007278042395,0.47862176091311825,61,16,3,0.14445527665059932,0
5581.027675772357,120.3217520232711,0.8288870954417676,45,31,1,0.5044991548786318,1
3206.650131949836,33.159881787779334,0.487132282788059,52,29,0,0.024652729304030174,0
3110.9786564425467,274.5473004738209,0.4884905886965848,25,10,0,0.9625429859384873,0
4103.85487110994,5.949434438423373,0.945733716781088,44,31,3,0.3455948164571784,0
4638.780119593871,34.54373707473902,0.9049894871127552,59,13,1,0.842991440552092,1
1642.7653949542723,213.92017247986465,0.09288670951958033,35,30,2,0.5877362072121288,0
4754.756714579792,142.11261672823252,0.8071117411796311,57,14,2,0.10461832030782059,1
4031.7257320117524,18.626339542647084,0.07077124198385099,26,31,0,0.7279682251884222,0
2987.528101021865,152.3785707262017,0.09278947741347299,55,8,0,0.15483200620946014,0
5255.123640720781,98.615225187273,0.45997860759655196,48,16,2,0.20471469330961278,1
5725.856269581044,106.163372751947,0.24432656549150666,30,1,0,0.6396385500422186,1
4314.830307971052,279.343474359685,0.1271510273327342,42,1,0,0.9820087865312644,1
5612.683198158975,110.69517719991174,0.5948193882695255,74,13,0,0.20811650200895926,1
728.5478296916566,265.5478871777869,0.35368868866975356,37,3,1,0.2499217501069746,0
85.77175080617512,39.68840710771195,0.6027195367480584,29,17,1,0.7603090825930768,1
5930.075878485631,118.98494481070325,0.6771031347979994,22,13,2,0.5328632208270735,0
3208.451371551928,159.55420499566787,0.9430805614088787,32,1,1,0.46630537118517146,0
265.95313934707076,66.42882529170917,0.5185466410990763,27,26,0,0.3152177266596139,0
4654.886925451229,210.5417164592421,0.8076079157263742,38,31,1,0.14527781818491214,1
926.2025305797384,259.46550703510457,0.6520794461787643,68,19,1,0.9533143638431605,1
3119.147559086971,280.3764609097857,0.6685688857638602,21,33,3,0.05648767219659323,0
548.0503652025709,45.86905165031453,0.978402290997321,66,35,3,0.5097739821327659,0
2609.3701700991687,229.48477617040282,0.008498057262223746,44,11,1,0.3090403515198499,0
3561.2449214445132,260.28682506392016,0.2971772069169345,29,36,1,0.7675019188396023,1
1610.7951455048008,249.9044323698917,0.3756866941886644,59,25,3,0.23913075089998792,0
2276.460878544522,13.004991470099746,0.26093111637779665,19,4,1,0.27176347462568273,0
2984.986771029846,83.7308099547266,0.9002947814833498,47,31,0,0.20556089799365096,0
4869.514062998825,63.59482031284733,0.8195529627559174,24,36,4,0.9126626311971175,0
4296.168451906823,68.24700233618793,0.008239579609859549,73,29,2,0.42038898784285794,0
4353.1494787729225,281.8349773397959,0.9723370382551185,46,17,3,0.8380268508929446,1
1739.1684325461745,28.30956852681663,0.5123757939166814,36,2,0,0.07162260983642665,0
4431.255561675885,30.151600886406015,0.2841406441860168,40,26,1,0.3138240975212391,0
4407.063704572021,79.44292512433866,0.02504815723586884,51,11,4,0.2513161505015207,0
4554.560342070855,218.95362602548823,0.5500015041199343,24,5,4,0.35185655997861964,0
5227.207018975128,243.7177493125116,0.13575981609600252,23,18,1,0.22733900493531367,0
751.8522445209885,139.48147758633547,0.15681864157155578,46,15,1,0.9703583363268253,0
5026.5253972416085,92.6667511028689,0.9785438696790986,27,27,2,0.5444899767101603,1
3540.524696714726,197.79459392457312,0.9188306614287474,34,12,2,0.7313462100557094,0
4085.7953396155253,154.7170427887188,0.033404490344909665,57,30,4,0.8410813689760042,1
782.4304869594773,241.93109890335987,0.5817974648197569,54,4,3,0.979586641551651,0
5308.296629920668,274.9185484417256,0.754520311857663,18,37,3,0.08775504531926848,0
3372.0879288821725,147.43894529274698,0.7071867799124155,66,10,4,0.06814203749695769,0
2810.6556359179403,150.99448471007932,0.9056175852410471,66,2,2,0.8012475768062632,1
1329.9474420295808,9.256000192113845,0.4108187870102957,32,27,3,0.31479822694988135,0
3522.034004318039,174.8595262012577,0.2324950964843523,38,32,0,0.5672041304612934,0
1472.4317286569606,66.39811145151738,0.691789478967744,66,23,4,0.45182194235269213,0
911.3164203281939,107.94203055439124,0.3998124790304599,23,6,4,0.5332325257346383,0
3184.950080381838,95.68533396768503,0.19481223481563137,75,37,1,0.5876285642100872,0
2784.523553257793,215.81277814897734,0.7554607463811718,21,39,0,0.9264688624095003,0
5879.1575818901465,285.2158075369992,0.8347116751200486,73,8,1,0.9086011427511808,1
228.89287068994346,28.215644135005626,0.6600066536557211,55,27,3,0.34501530478228415,0
5723.010655820673,121.21306566299221,0.2756289997170953,32,1,1,0.7668672286431149,1
3723.620984722998,27.291835322435855,0.5713368339182776,55,9,4,0.4517726611453109,1
1469.8975821871647,266.650696110325,0.24594545493720021,72,35,4,0.06510828750845965,0
1878.937948714112,27.46494867288408,0.4595213532232276,79,7,4,0.16438998335642951,0
3754.8717455747264,238.16797500316414,0.731792041942716,78,38,3,0.0974475366552442,0
5586.951334996861,128.46616567056265,0.11195689883453874,42,33,0,0.29047818792288105,1
1760.0485553906663,194.40566691205336,0.29077659825466884,36,36,2,0.6597595569793692,1
4681.207430268414,179.0965863799024,0.17266548352278477,26,27,1,0.1923020078705594,0
878.5789620885495,109.12319490198495,0.346978463607614,47,7,3,0.19082401995096143,0
3062.262253821385,40.15553845635641,0.3385137753593903,58,39,0,0.790723932844998,1
220.42027148685636,220.04891887899913,0.9235683283787877,28,12,0,0.04963391006887741,1
3514.688969014317,240.25342735417524,0.19447862012535433,34,7,2,0.6754301146263997,1
5409.246808023939,177.5392184302287,0.9615701572028034,69,32,3,0.9246043917278236,1
99.69682527764044,285.66284753364954,0.4745120558620243,22,19,3,0.7798341154492382,0
4104.262048152146,29.133053668285026,0.9873564993316145,76,37,3,0.11086771674294349,1
1053.2438142724013,299.33766147082116,0.7053377544318338,43,26,2,0.34852109405625986,0
5086.941077781778,226.12020794306167,0.07805229714635276,73,32,3,0.6765014773523518,1
4328.554982120453,69.97912014102091,0.7032012997990459,78,3,3,0.06527538634155616,1
3930.7993675555563,120.78213035789965,0.9526075103384289,44,35,4,0.031841888568593824,0
1358.6767565629266,217.78794715328266,0.7074677114679092,31,24,0,0.11936739789823403,0
5031.953643801462,124.90599071085619,0.0892453591890563,63,39,3,0.14874498785597934,0
1914.8156231889523,245.840285931114,0.8698930628838134,45,18,3,0.8096801400979522,0
1737.9176058311484,129.5660823559319,0.6840016693927113,56,15,3,0.2759656421013357,1
5648.918543605765,193.84802169068846,0.7436402800284894,75,16,2,0.41791418578186457,0
367.2990514071245,270.26263735654055,0.8851483944665611,40,3,0,0.7399352618509988,1
1254.9388104588515,292.0232832450143,0.617959350368657,35,37,3,0.7538448817471092,1
5401.947567840512,0.3604500325071536,0.582600255447506,53,25,0,0.5999930466971676,1
4985.519904923587,53.36059367297317,0.8222698205992183,20,37,1,0.2656429789280894,1
624.5683578340125,34.65819566164052,0.3523770381742368,38,15,3,0.23363808295363686,1
5054.92229886324,222.68670550957276,0.6272488837425071,65,6,3,0.6227362177485035,1
1984.968097667066,205.8642508504301,0.024895106778839216,34,10,2,0.3665020358167964,0
1765.6621380311794,106.64098433603873,0.000492480319936317,43,22,4,0.4542178623379114,0
3278.1636063841793,6.53965418091148,0.34600651505464053,66,24,0,0.4893352552310485,1
4752.144611536304,150.98555796837263,0.25974893482877237,74,5,2,0.346368464530882,1
2064.5989766847565,37.66770563075526,0.6921317555357531,39,22,0,0.7691844292846105,1
427.20806031106235,148.2314394258455,0.3134874447519773,18,35,0,0.10032445820869962,0
1138.9799411174774,64.05626467819494,0.27966960371827043,58,13,4,0.8027075946665408,0
253.00306776852202,127.24461404290865,0.16309975212602468,53,18,3,0.9848391659793548,0
1630.0004712453733,162.42008409191172,0.6388435237003115,53,9,1,0.4667229143355782,0
5096.884355663494,236.62141826985496,0.374404145458723,58,17,1,0.7830660658159879,1
499.4312557272408,22.278531946569824,0.9742895287715985,37,24,4,0.7728257399447513,0
3254.770912355485,159.2612517639508,0.6483522090746608,20,3,0,0.8250723760355102,0
5670.864902693071,244.11915539257058,0.5574251847123477,36,32,0,0.779428794370134,1
5099.436572253426,58.78329179658214,0.19493070432414905,53,27,0,0.23777304019700773,0
4106.155288825299,164.7254134227105,0.6659106126514647,22,15,0,0.07576524181247435,0
3368.2501189407353,39.511373069950515,0.6158423061052951,31,5,4,0.04929829594900115,0
5788.771994120648,20.345872943597797,0.1065863683110233,39,23,0,0.2703794427595958,0
3685.0849908575556,217.0969851695855,0.805602764981702,36,14,2,0.3280232041629647,1
4602.639154451417,138.37201985510245,0.9290014326092518,58,7,0,0.465563580815644,0
238.62202581999637,145.29304378719243,0.5670731345512162,75,17,1,0.4967282076635182,0
2277.922781826611,31.809179140392907,0.8863372299701774,68,3,2,0.410222435531874,0
678.0381262722091,88.72827844687514,0.9471501812892581,51,35,4,0.5423003401869662,0
3942.770884746798,60.96180497534887,0.3509828640015189,56,24,4,0.43768519904363723,0
2205.680566421585,184.65191188859177,0.1964522257752067,65,9,0,0.3366779513873057,0
2086.0615108065754,247.24232484852686,0.7923917181951702,21,24,1,0.20035031277341409,0
1243.5762627270165,112.0703732894399,0.9968335567511993,56,24,4,0.03991023044290587,0
704.5556986371687,144.09344237537064,0.21090171710325045,77,28,4,0.5419195396873605,1
246.05176017840952,284.6095876591254,0.31619300149496443,42,29,3,0.900445181926654,0
5378.849163916731,191.18876368703764,0.6916154370166805,40,2,3,0.7874459776050299,1
3123.164532080527,179.36350051720967,0.2880416960384188,67,21,3,0.36239814837500606,1
5969.837482943077,223.74222020525133,0.9810731321860905,33,12,2,0.40885630010608653,0
1118.173144873705,83.13929817363918,0.6213142141683907,67,18,4,0.6290233057782271,0
1389.6462212929628,138.74794935723247,0.9362438637452034,44,34,2,0.22834936076831458,0
881.0617178029192,180.82714224108523,0.6286579954774002,27,29,0,0.946276250964263,0
5318.358754234353,248.12714394118143,0.342074158088126,63,3,0,0.09995791921958364,0
3786.356233360186,220.82248634138261,0.09120338738126044,76,18,2,0.4999714432809159,1
2964.0859404533167,68.45578533950724,0.8920616523812777,23,1,0,0.09671042104134076,0
5866.083217673837,168.8697336649822,0.4792427215627886,39,27,4,0.9583467215726631,0
3168.7733589254,259.69002389036336,0.782166257328495,50,4,3,0.508142655214328,0
2138.8006113513316,272.96334420238674,0.35607985761917227,65,2,0,0.4042570316431583,1
1320.7482526792649,100.36185131023268,0.15713795856090584,55,16,4,0.8468109171496475,0
3650.9669123435547,253.39680713425167,0.21205762035756626,73,32,0,0.7528134811038879,0
4831.78998233848,88.87643987786397,0.8520937204909481,75,9,4,0.4319675345220789,1
2885.8014441646674,182.3587796252013,0.9921249314368676,62,20,0,0.2104865389173768,1
708.0222056244072,48.19676151217182,0.35968371404892474,31,20,0,0.4302625795965933,0
4847.373854529236,155.43220503492904,0.12532457133607167,60,23,4,0.9750014909954345,1
1303.1343335149209,128.99761892860616,0.05926413847306766,71,15,1,0.5265626962646339,0
3435.055671174064,286.60900692031,0.07910905345194763,52,35,0,0.14651456892949732,0
276.4580847548957,11.87101739632711,0.10459659137060373,20,24,2,0.16756488898271515,1
1962.4181944457605,100.52935744899698,0.21269564995749157,36,15,0,0.8961466576080371,0
2410.189825551364,85.19373828760995,0.41701938997328025,29,23,3,0.012075903532452803,1
663.3478589779138,26.1282650948223,0.21105182921628562,28,36,2,0.33110022363453406,0
5238.018196342822,125.32511068784868,0.6045179608170176,48,36,1,0.8551893109814134,1
461.8307320739184,158.79002053270344,0.04431784707879405,22,13,2,0.40664345425369974,0
5472.3742962888555,179.6319178525558,0.4277014748527629,32,36,4,0.7071293089081527,1
271.50161564781274,20.189509338541477,0.4341778309045712,50,17,4,0.505380272870791,1
5884.0978118593375,48.17248585679443,0.483857505479242,31,9,4,0.41052550834119317,0
2995.546364980774,37.651237861654764,0.4190461717234245,39,17,0,0.40598885696338405,1
638.6578618109139,42.00125334467402,0.10483779706106044,18,21,2,0.570334710687124,0
3761.1231635144586,208.82584353266563,0.32409885445178244,79,9,2,0.917912167039188,1
5504.8974595153895,35.242543422046325,0.8415765513168515,24,21,2,0.5271517706599804,0
4686.168149122391,34.13052882060451,0.16691120118434366,67,7,1,0.49264301944707467,0
4183.923170903713,65.64509108876882,0.06250509615894728,56,9,4,0.8322580538139632,1
319.2841361080489,132.32794039044308,0.9453308699310526,41,15,3,0.9429859903515742,0
4832.84248482366,190.6461956766734,0.19897626855953965,42,24,3,0.08603555099608873,1
4116.598817856553,5.937840463191368,0.6389409146187749,19,25,1,0.5359400665344622,1
2430.637856147727,153.97722474704608,0.588911258148916,65,38,3,0.16118229834624553,1
3837.225000820474,218.00574481312867,0.643620783824287,52,33,3,0.5973335015254511,1
1192.124497618026,70.01357525503208,0.8457918029450675,33,15,0,0.16355073870219328,0
1933.3997848577028,271.1909125239588,0.9166533953200741,27,13,2,0.48493642045916396,0
3913.6481375361655,132.22543790954575,0.2761934016351152,26,33,0,0.8678983231179386,0
2057.655012401784,12.834584880373045,0.9525060756168768,18,12,4,0.717851153278283,1
3203.410830854663,182.83402201085443,0.2358613268713895,34,15,3,0.010710444675317898,1
1303.9984744698252,153.20324191755296,0.2032782566806144,46,1,3,0.6277832063276577,0
2347.280739071137,248.43827672110513,0.35056759090778034,78,36,0,0.630971144383289,0
5462.416326066816,225.02986405710757,0.8544131023078517,27,1,0,0.3499540703349042,1
365.00389490763166,244.43180905833418,0.6056957992020882,50,39,3,0.06002489074238393,0
498.0957190419107,166.5113158544002,0.6197276856387135,35,9,2,0.5247273446844603,0
3747.7372079882116,260.51802316723376,0.7986541213135506,18,11,1,0.19537546601416,1
626.7090414017985,95.72343383076502,0.37782772547258925,63,22,2,0.5664799810116014,0
3813.9706257930684,182.90303724755384,0.2436619841411134,58,31,3,0.15614297749701023,0
3588.967013087102,256.81574040168545,0.3956472622419489,50,19,1,0.19411836805315008,0
5941.05533304297,230.93498536127527,0.7431109091471026,20,24,2,0.8481822275254818,0
1917.6083240168734,129.7458965800461,0.24401245593671272,44,25,0,0.4702000048386028,0
1851.1052070952796,229.4287834566735,0.8451187503401563,78,23,4,0.6479749587295102,0
455.75584833410636,144.19724691870883,0.5259415081256181,67,14,2,0.4319971711860995,0
5221.05809839381,244.49532867647576,0.8617538293246471,56,18,2,0.7839533807278678,1
2596.018623952179,112.05040798464638,0.755153198491643,40,14,1,0.8836955192462387,0
1048.0945471343564,80.00079652827019,0.14377802642667192,70,21,4,0.3592088340682489,0
3893.3494286429004,68.12445210795416,0.5559331225254561,76,36,2,0.3918801837703867,0
715.6591058688184,198.52553602608597,0.5749413106178874,46,4,2,0.4641665905426061,0
643.7758638241569,53.520403494487525,0.7439808431705052,69,17,1,0.5483516431053566,0
2203.864417080121,298.2033776746005,0.03995436478917114,79,36,1,0.5122093299787347,1
57.983060666459785,11.550406650098155,0.3226807895490551,41,5,2,0.16049503678473387,0
1918.8585831158496,275.6231571623904,0.9307758240036157,35,8,2,0.17487533502875063,0
2603.1871869071797,138.03363496619002,0.7246099774911662,70,26,2,0.9941852599676824,0
2241.7886887266272,193.7612840852278,0.2668510462106298,45,23,2,0.7155849326820094,1
2157.7588513462792,189.09537450850652,0.9233559182541032,23,8,1,0.1853514984522322,0
5410.190555966296,130.36534740489336,0.3142100794635494,46,34,3,0.8921372006609836,1
4983.3685677225285,54.8514576113582,0.780858060683706,50,31,1,0.7770844267237517,0
4263.920163501114,239.40716756984853,0.4036155064556055,44,12,1,0.8696374453413203,1
3447.769568522874,269.5430864845914,0.4606236089635197,29,17,4,0.03881730476610712,0
3946.925525791405,154.0239281848702,0.697814051184869,46,21,0,0.8751667253486548,0
2601.045440375825,219.38935476080638,0.10588529645072176,40,24,4,0.9073542267634256,0
4237.339689997288,66.96176395481636,0.839725270245216,76,37,4,0.5695951285448098,1
3231.493425560094,21.873497676105835,0.9436053202279076,64,30,3,0.011045130654542934,0
4664.092644865652,11.547230671342268,0.3650199635444098,62,10,3,0.49423641139237706,0
1058.3768178531527,146.29981500201052,0.713674538870004,55,9,4,0.1396901563452212,0
2395.475713045253,188.24814427803304,0.38062528955560637,74,13,1,0.10447432434243731,1
873.8665386702213,198.38097305704696,0.6045157514695856,34,15,1,0.21088703896362437,0
5094.700675105312,39.97086063037576,0.22049763327145266,25,9,1,0.9524323796064622,1
5923.833839692712,242.48907844975506,0.8339285480236981,19,17,3,0.6696006172303665,1
221.30000934060283,12.103454221050459,0.3721842004344448,61,8,4,0.608851119565354,0
5238.905684985653,265.6641888171635,0.31275073819801946,77,17,0,0.3725095211845729,0
5772.210030686359,195.04678115584483,0.5101578951432016,18,27,1,0.8654572703196117,1
4876.5949260476855,89.69543776223807,0.9431846308999619,69,37,4,0.6874628717768944,0
3928.4830674615573,62.377956109714475,0.5546826138935846,26,31,0,0.45968739666798064,1
4532.7671136136805,179.36710745679207,0.443443090543439,19,32,1,0.5255337447391847,1
2984.6286559177947,123.27035807991923,0.3080156292424835,49,26,2,0.031085859387327774,0
2388.7196381308822,269.4393070750786,0.978227924452496,44,10,1,0.7764031166987132,0
3553.0816461040863,159.826306850676,0.7630803748252143,48,10,4,0.6457190629097993,1
3755.2910103600925,79.68852294310825,0.1567185189692828,78,35,3,0.133574600340716,1
482.86251522636405,219.1577858638899,0.35686177884735815,46,22,2,0.18300638788540158,0
3467.912282360117,127.09002858739142,0.5009425210295162,79,33,2,0.9718270790003012,0
480.90798800380094,80.03572495740349,0.2345582301707665,39,27,1,0.11281012641009247,0
235.38727355840277,182.10094780703145,0.29423229622559766,48,26,3,0.027409290203306402,0
3453.8142470417874,120.14535327074158,0.2783856203849838,56,19,3,0.8121479720723985,1
5142.907502539283,60.40961794148665,0.282539938769514,75,16,1,0.5049163123505945,0
98.15616995608211,187.71204210497393,0.7655529573839756,59,17,3,0.8327584704136972,0
5612.891746437039,257.24738845177336,0.18078538059402427,68,26,1,0.6388606940878255,1
41.05318107982548,211.1413931069282,0.5864240247418935,42,36,3,0.7148699820926446,0
3646.964155666777,17.19794872472047,0.32974486401401515,68,32,2,0.4819165071703354,0
5352.679218147771,110.94725955898852,0.6634182084608968,38,1,0,0.8631167086662951,1
47.195120993778346,189.65335544688733,0.19750436491345436,77,31,1,0.2715963126091059,0
2361.9660791094916,215.4344147190091,0.4589291664580798,61,17,3,0.2054386593983183,0
2014.1727417717232,93.2247278658281,0.7972500961016425,68,10,0,0.23111121351528052,0
4348.765573301295,155.21015634967534,0.3069791110485286,54,24,1,0.6771384555804051,0
5385.647479339018,249.52608535509506,0.7173110747126472,29,36,2,0.151019302285899,0
814.8183471855216,79.94559626464658,0.9396765170166542,20,25,2,0.6597705087975756,0
4947.294823157147,277.17933974821494,0.8484205502871757,29,20,0,0.6907061709708987,1
3865.264759195942,55.784022167725766,0.9572881761354837,70,37,4,0.14367528031713972,0
4700.127516927596,103.77173339993539,0.15906334552070667,51,21,3,0.6031031321819038,1
1507.8725041830764,119.6427368861448,0.3572378049475493,52,12,3,0.7199664371777078,0
3194.5635751932555,87.65051320716853,0.7632998429666057,39,10,0,0.8485289612059005,1
1510.7856981047598,138.7073840714517,0.8658793064506827,46,21,4,0.9746349792110207,0
3685.2185897381655,140.74070684883475,0.8501688318376643,74,6,4,0.11058689310212633,1
1141.123576461755,238.68277243433877,0.9325770572069328,43,10,4,0.6237674682543646,0
1739.8308277460274,227.17249441999073,0.7818767778901531,61,18,1,0.6810615552622911,1
4260.050462481758,122.72173890222255,0.5729687969566368,69,2,2,0.9103681075073069,0
116.75006643801925,227.17490358641888,0.030355587416968755,58,36,1,0.6873815383045994,1
2418.472592352049,166.25379604224727,0.9092566877295124,65,36,2,0.1251567506925363,1
3706.4864304579673,136.91326891552853,0.9107301991287717,64,23,0,0.3359392525256747,0
1360.845422869878,61.30608847510343,0.8511375405633435,24,11,1,0.052651349575332906,1
2691.0441408465113,133.99493473849597,0.9577784214465778,49,26,4,0.16478275577513302,0
1092.6058457817112,136.49429193055212,0.5476521274802185,64,26,1,0.10242413151473606,0
5760.512545358575,208.5706149094246,0.16431905608972797,33,4,0,0.5029537977898563,0
5910.8154842520935,7.564846688349558,0.9094419007112228,62,36,2,0.7699072071375545,0
2251.0394765537167,9.381709331549438,0.17208040051483342,22,21,3,0.6140168834870614,0
5334.661127758245,71.74026913802413,0.5605068793492205,48,9,2,0.7612410405446874,1
462.83749054046075,105.40535284792097,0.5678640054777813,68,16,0,0.6652795358663862,0
1429.469997349478,79.58364361167773,0.08563953696376558,52,17,4,0.06388024364090206,1
3796.4995338245603,241.56941812067654,0.08135530549086878,37,2,3,0.6967382592044168,0
2547.299895139828,242.9310847420452,0.24236699765113323,43,20,0,0.46305474711202343,0
3087.258252306732,279.02257327748333,0.17428606057713658,27,29,1,0.830571676702381,0
4740.8985379225805,36.17951870541476,0.2721860683503724,43,21,1,0.5115464591839423,1
4521.968262907687,225.662541117619,0.11400929166382223,19,29,3,0.20715535649497618,1
18.469247691535053,79.31874230945091,0.45960304442648503,48,25,1,0.6100730087255642,0
73.78174849611887,43.07777983941351,0.6954159425700821,37,11,3,0.27266838494559764,0
76.64060303530218,97.25775458487658,0.4200256771065307,33,18,2,0.21975120551223204,0
980.7306909830562,238.5111666605042,0.4846738249207133,24,8,3,0.9874756971163848,0
3394.1164247816205,164.80420098540472,0.7510548171965457,22,32,2,0.1811292472132584,1
2860.37420884307,82.92584806006596,0.13704669938250602,33,37,3,0.7667440865301918,0
4114.684967183585,104.06029391880672,0.03888188781383339,68,27,0,0.9496686011788931,0
3463.6705527461195,228.71906741768115,0.0928496085421463,72,37,4,0.9837198545156454,0
3130.4764960691873,232.75614611641694,0.49228227956087234,29,8,4,0.36730937420207666,1
1608.3256310607985,157.71873909353894,0.4547610159179346,25,7,2,0.3163906708305968,0
107.76425049654888,79.55952524421991,0.6334404269031678,35,4,1,0.5910737005507458,0
5591.21967742292,29.98140435051567,0.35098060075498905,67,23,4,0.795563843529626,0
1699.41782707012,293.19444349292365,0.7626621179175852,39,28,1,0.12775225762257858,1
4827.385779431506,243.65567112888414,0.51995640209466,61,18,3,0.5885742384928361,0
2484.8959949236455,53.50008556555341,0.9173540448836183,73,18,4,0.16889902760676512,0
3076.967122489954,162.85403738161702,0.6116418770976971,75,5,4,0.6516877646185657,1
4700.717433579147,151.61628626989375,0.06303942438694499,50,19,2,0.9433578174633122,0
3506.2989570583823,18.877070814460563,0.8841665722411857,57,13,3,0.1844069751865275,0
4228.191149628455,142.62985313273407,0.5931804945995852,76,5,1,0.36365840712303377,0
4201.833208017258,267.4950354792487,0.08858157661634247,59,34,3,0.6582169482390553,1
3921.34135214967,113.26646617245582,0.5881917895321944,38,19,4,0.027198573384760616,0
5422.073087991459,113.81565247547607,0.962617112231836,53,39,1,0.419815603900221,0
4561.239803928868,187.84450783424538,0.5876253238171113,48,14,0,0.6965510402829828,0
2222.1715714579236,87.75418004083849,0.25194667834175377,28,13,3,0.8986859868175557,0
1986.8669874263542,258.27946742808456,0.5182973932177034,35,3,0,0.8178936503062673,0
296.874062817393,43.52344284548737,0.3575730190555484,40,23,3,0.0012849006092586768,0
5403.010124138436,39.06731414767572,0.760277139842217,54,22,2,0.42587511432543923,1
823.7035617937048,285.6191399448258,0.3157621050487608,52,17,2,0.6273147222734455,1
2466.48009499447,189.43220300082913,0.15760253203408403,62,33,2,0.42030311547823673,1
2957.599840345538,201.43640696325073,0.688023562626181,67,24,3,0.4214446260776892,0
4886.536377964059,33.35538140140781,0.971397804339863,59,1,2,0.4162816476566026,1
1318.0292459518105,115.97156319545027,0.9841634374803118,20,19,0,0.9200975215325551,0
3760.5592599492034,169.72568081275347,0.8456370670058497,67,1,3,0.08951820816150968,1
391.2814185900916,147.98212776734832,0.3004978464753335,76,21,2,0.8895294878517808,0
671.1925921658882,224.0988116022144,0.6481142339643129,63,3,4,0.08509954570888123,0
1952.020062472181,148.25114958253505,0.04683417096042786,28,32,0,0.7485717623191077,1
4205.001540864179,149.6090397052385,0.7394485119124825,29,1,1,0.3728037425282311,1
405.60063197250975,191.06338858342752,0.7152883146893642,56,25,4,0.7059379161743007,0
5887.164078947727,269.06070912673175,0.9073825411390695,40,2,4,0.42116436664638657,0
2830.348619917021,175.11723330947405,0.9287135336150931,36,23,0,0.12755336775045356,0
1633.2077740443656,193.66611284796866,0.8976449318172972,21,9,1,0.5482596800834922,0
2701.0221576856575,218.39362167801957,0.8298709085585692,22,33,0,0.5132460791519909,0
4342.011905279855,117.19415898819695,0.21672457122370703,23,34,1,0.5587505094124684,0
2112.5350638089326,269.3348985638928,0.21967758396986603,35,12,4,0.18056734179296596,0
1971.8813511412488,277.3014428084055,0.4586463900076171,64,17,3,0.465968568166779,0
779.3079348559921,95.46038690020059,0.9849095364444542,53,29,3,0.6485171089129625,1
2938.266830432846,133.61438769652355,0.1474576968280289,57,5,2,0.6080796419774809,0
1421.9628178589262,77.53401187980043,0.6002608168743633,58,14,3,0.22098381890404906,0
4655.928223009658,266.21625163624975,0.11171974149856023,49,12,0,0.44111158197538036,0
3111.2137333725273,137.7084518822464,0.6220551993448994,74,35,2,0.5747540453696929,0
1376.0639625039307,34.244741081680274,0.3718285878304397,22,11,4,0.6568340155859862,1
1519.2700798142225,19.551415883894073,0.07617507577756932,55,27,1,0.8597124291982609,1
1327.0766989039548,38.025590478764556,0.47514062980572047,26,32,1,0.01810150152475909,0
3072.672783055763,180.25634815506697,0.027894486237088345,63,38,2,0.28338755382238445,0
1226.8416424275595,40.03239813010369,0.16873990508606096,76,5,0,0.5329642619624586,0
2768.8253915061637,205.01381953906863,0.003492241271635055,34,28,4,0.9024315500692558,0
2950.601264736329,184.66271097262367,0.42111927895574264,46,23,2,0.938690045974228,1
5738.2327456026815,138.25698147841888,0.8277974237564271,42,30,0,0.7160206460993231,0
908.2278428738567,270.3559343705558,0.49699017689013203,46,38,0,0.7177465672134289,0
4881.658941086435,139.51613383989886,0.3222607006136431,35,38,2,0.7564439850290342,1
876.557650462331,158.81428636670816,0.6871720833464278,21,8,2,0.39305331724256476,1
2137.981996258908,253.89828882913594,0.6257648497523415,62,17,4,0.8671376255797949,0
4899.801266412871,93.11337985807455,0.15079808921498994,56,16,4,0.8778780297675146,0
3878.276972842411,18.176900691886978,0.14969606255451273,41,32,3,0.257307510956967,0
3849.37164042564,205.3810309699591,0.47939113467229455,18,37,4,0.44258250300329993,0
5894.007694489121,13.079088945960649,0.2634283186584314,63,1,0,0.5106656127829154,1
4822.965656221559,63.12840892007533,0.7540133009546894,41,5,0,0.4169486606258299,0
2827.324582165696,189.45140898426394,0.6449267177152985,37,32,0,0.9096247841209254,1
4069.2994521585338,198.29287989901331,0.35160848723541516,76,35,4,0.7915684015505546,0
947.7707777885767,157.95122363412182,0.35021571201043944,37,16,2,0.8075955547291485,1
2619.9530548429693,101.62257377477654,0.9382004628404135,44,11,0,0.3030073149277024,0
2458.709182778086,173.68870335813483,0.16050456225448106,23,15,0,0.38876706745579614,0
561.3392566121903,162.99473592025961,0.5551462021356358,27,38,4,0.31380802338191194,0
4505.732789933916,210.31697682614725,0.5377970522457942,73,36,2,0.37759053138662024,1
3460.2203273719733,174.7414385426387,0.7589319579450962,48,22,3,0.2747638585039487,0
1898.7630897771414,239.14376662660402,0.9487732388603508,51,37,4,0.6580398828002103,0
4458.857442021004,163.56652665298756,0.06873799063696051,41,31,2,0.9535068941062219,0
4080.631011336872,257.3531235790354,0.6541471950407908,26,32,0,0.05015478509439897,1
3371.2298600489653,237.47750690607376,0.9931650144687253,35,7,2,0.1590091366732319,0
4631.741042072599,276.3657716380149,0.6461081787492138,63,9,3,0.6982486107777318,0
880.2208372116072,275.0196494519236,0.87921235991992,23,18,4,0.6713312493315539,1
4191.623632596748,115.23661475122769,0.2616431743350509,60,19,1,0.5964345456367312,0
792.9794936828553,192.07296291341572,0.43185758201408375,29,9,0,0.6093777080176884,0
3652.1297858121525,16.678668525278617,0.5593341387021038,75,19,0,0.4226933418876322,0
2543.5100973767903,276.5450746799176,0.48332779899634515,32,25,2,0.9418199426920525,1
3158.0014715498796,48.349544327821945,0.5210731929348411,24,22,2,0.26776756198502805,1
4226.897754203581,5.153961519147554,0.7164083037583817,77,9,0,0.5100031108820553,1
4622.5589072216035,20.644113538211386,0.3212994586857054,58,27,1,0.8711583981035462,0
3810.8265194218166,215.90304499418104,0.1642445492937189,72,18,3,0.5182245490887645,0
2078.368147190808,180.91119854822077,0.6800596923596424,76,5,1,0.46822787607083405,0
4038.334934018979,83.06582862566849,0.715990845790903,25,4,0,0.46735641627014235,1
353.8893055228108,74.9020195898461,0.19433391795676913,35,27,4,0.4777178626275639,0
4882.0219909112375,66.97140585113985,0.2078432407771338,50,38,3,0.09409936214603276,0
4091.957287197248,228.21883458413959,0.24652818489719153,37,3,4,0.6935447232430877,1
5038.775746593609,104.36088166812294,0.6193874585809234,45,10,4,0.24576341588675732,1
829.0506526352711,6.061480172899447,0.31322148024646046,62,27,0,0.22635144436614207,0
2860.8067358647672,212.07741784303226,0.3486555018813624,72,13,1,0.6567555972389665,0
1349.991302885056,72.84107797242433,0.6623454564118173,61,39,4,0.7609698325052935,0
2536.2229666751996,289.6717012326399,0.2140454721158711,65,14,3,0.573677833685682,0
2921.9304537918524,2.79159388603778,0.4015132384514867,64,25,4,0.22004325416851656,0
2018.5239076759042,226.7560410412912,0.9071300158393922,52,11,3,0.9489410661314326,0
937.104404120159,144.24430455747157,0.7400549369885889,78,14,0,0.09856356512875775,1
5852.710394329874,107.8214467969037,0.10522103733337174,63,9,2,0.49200439313084143,0
4265.572160650047,213.7027257452026,0.5528643269537489,45,16,0,0.8506983158510603,1
3256.3394542314345,298.72793503952255,0.7924656775884913,75,14,4,0.18157244383965876,1
1689.248801927029,259.02520644153236,0.6108467080670689,62,33,1,0.5446884385693479,0
5384.55809792349,200.08620101285794,0.6775345338545689,23,20,2,0.794216536774404,0
4096.554152789076,242.17722852828342,0.24706792464004423,65,30,4,0.9599506480232692,1
4611.404996421707,282.7628049612777,0.0905381873906067,72,24,1,0.132718785921089,0
3782.8649139040735,5.40844311260027,0.19449402902374313,47,31,4,0.9395561545416606,1
4320.22110931586,30.502692931366237,0.07548013913057305,75,17,3,0.39415371097870255,0
3359.1527818890936,202.21712126655925,0.5133501211351735,30,3,0,0.16237249882398064,0
1542.0861480432575,159.85299591059166,0.8117813080169375,64,29,2,0.5406170048602452,1
194.47340809488048,29.87146974374568,0.9859169475830677,37,30,4,0.6489002345293855,1
1516.7450337939572,297.81516159547857,0.14738372000932354,67,27,4,0.8437422227902881,0
5337.5261083977875,165.19371625922273,0.996678363025782,34,11,3,0.752455690117789,0
242.90124556125758,198.07826256215242,0.7162687452376236,27,29,2,0.03231907840507531,1
498.72940951656403,11.784723148203113,0.9457942216569728,43,9,4,0.5497753320177807,0
2559.6967306846395,132.04025789010947,0.28281593770831714,23,20,4,0.330905194682376,1
2217.689832709688,214.20524080670427,0.013623792548288716,78,16,4,0.6990679479973182,1
2035.7900870286367,115.21852304680925,0.13384045227877694,71,39,4,0.870797074260957,0
22.093912108168468,47.382248224864554,0.7232964257777056,61,18,4,0.7224230765155226,0
691.2168465858715,270.6075132000165,0.5896060311939978,29,29,0,0.3994705808542731,0
192.7191716783365,36.12755276246213,0.7038141856927667,42,12,3,0.7496108491516215,0
5406.494637193478,293.5689585765847,0.8458195441555524,43,8,3,0.007677508732245153,1
5319.8689130920575,259.5273146307882,0.5311610644026066,33,12,0,0.6773138322512953,1
3602.6764492311795,199.08541942597654,0.2410631204577236,49,3,1,0.5284915936892728,1
767.0575316761007,203.5888932273873,0.7371858826486049,34,29,2,0.11181394888211249,0
3817.5314812744414,118.36898012583667,0.26172740512479564,60,19,1,0.8266295238829044,0
5279.545878244262,292.72710617150165,0.9163578629265848,57,3,1,0.07528745136530546,1
645.2415963440098,124.54395507384287,0.004230641487182996,54,17,3,0.5121757981531079,0
4069.4151371533176,19.087944124340982,0.8161335821863497,22,29,0,0.09206208001194072,1
472.718956618816,43.1910880131691,0.46090495298988365,32,27,4,0.3563942288494375,0
2486.482363070273,46.43282231821618,0.5424708618005444,37,27,1,0.45681303419531427,1
1307.975079755892,238.1268213385355,0.8996904334031902,28,17,3,0.17513172755175233,1
5268.857951071597,94.02293243659402,0.33154181582261555,76,15,0,0.2551093435266176,0
5632.4542834191,193.2404812414758,0.9607580060084248,59,10,2,0.9969011450347884,0
4990.318969382411,125.38080390104464,0.6164100648322381,46,23,0,0.9355671038763661,1
900.0710061897656,84.05915276603938,0.9885236346504379,34,6,1,0.17626559381119067,0
2009.187138790503,228.62421819867916,0.3797413378187562,18,8,0,0.023014323313196416,0
4749.2675385000075,109.78961356757027,0.7120164656494766,19,14,3,0.44013961620936337,0
1039.4802242322994,60.59051880540955,0.6790330605518136,47,5,3,0.4571024549424434,0
688.4737203131074,267.6035808602538,0.492402606872099,61,33,3,0.443149800763712,0
4243.523539393789,30.973377659640867,0.18311965773117578,78,12,3,0.9574646606875675,0
3150.160485929257,188.0742915016754,0.46232504217122317,67,20,2,0.4517684955989174,0
546.0507493516983,197.8947894248144,0.07807822087899496,49,9,4,0.03798877452094784,1
968.7814021251819,54.06958041700306,0.927754756614079,77,28,3,0.5281393096921757,1
3585.5951871517263,221.56925894277524,0.5251861462045444,63,39,4,0.3014374581597765,0
2045.9198555509486,10.342323078614001,0.12536898778995942,26,2,4,0.3187342100183642,0
3066.186640463119,202.3355986393301,0.07635778832945872,49,36,1,0.9576808551076184,0
5020.666987216507,56.89060610221088,0.6954129126573325,33,32,0,0.4017831813689934,1
4155.503151975404,164.3104778269491,0.20140509125896455,33,37,2,0.47291828948150505,1
3684.934862821318,159.84037403047756,0.08577027938670012,74,39,4,0.6997858006141761,0
203.91105066073624,165.27306216463234,0.9619780418946738,32,20,1,0.48076855347757685,0
4212.742041209078,299.9187818219386,0.9827066709861126,71,26,4,0.9834570954230611,1
1645.1819315369187,237.0120364325792,0.9810735424018119,44,19,4,0.8585631907147832,1
2618.7207018356517,278.40364564954024,0.5852060329126323,46,11,2,0.9931872329750835,0
3221.320694517899,187.83969564779457,0.48747918774392995,74,19,2,0.42143154474059774,0
4513.183041268038,63.91220056099202,0.9245792202668311,69,20,4,0.034465926179979345,1
4494.187390749741,227.4965899341963,0.8738648799904595,75,24,1,0.44007649974218277,0
1091.8112505523297,181.12745972466183,0.7157522051575554,47,17,4,0.018515010878627614,1
1300.7150120912813,250.22025591997865,0.3712199422503626,70,37,0,0.6639734019367112,0
2568.1987269200636,264.298083790976,0.12368210712952443,64,37,3,0.9321549467987692,0
4630.651071623928,220.22911518550347,0.33909880132452375,57,13,2,0.4776187592721748,1
1500.603621268572,272.4592355776001,0.6931402430629787,52,14,1,0.6631777738471701,1
365.75264622145255,262.1121970417872,0.8140227646761355,67,16,2,0.018281568763152234,0
325.9238705319277,9.865213135040563,0.9198484853023265,34,11,3,0.28747940586598797,0
5846.324106978646,14.045623482988557,0.9039260228029307,69,1,2,0.35343145838624834,1
5212.005570809138,153.94081549397424,0.6985783931678604,52,25,2,0.09743294002626324,1
184.98374823594165,209.97751609241072,0.7879893579969064,20,35,1,0.7468253754952966,0
1648.7440379131106,87.61984734210229,0.8340993617290964,70,24,0,0.7770959757147071,0
5439.428102021176,181.2770270426221,0.5294412848030006,78,23,3,0.16725742450408543,1
4100.80490027786,150.42469115985415,0.6340262002797183,60,34,1,0.2695725589938509,1
2099.413463544655,235.95410301623042,0.8951914220072168,20,38,0,0.04388088300792503,0
2035.4581809340084,200.70422738905378,0.13562792764026055,72,30,3,0.778341772327499,0
5317.718730767281,207.6719978016954,0.6959304849569862,50,3,4,0.4655596611218117,1
1838.2979156793842,220.75026529739452,0.7737209675996091,47,9,4,0.5828079218513833,1
1452.6839515328286,83.86128747179826,0.5470354613515394,73,19,0,0.10364037368387169,0
5366.171340512583,210.7562440447054,0.8571554059849517,28,9,3,0.40322817534026845,0
2133.542331211299,119.80203306164167,0.35150904696621843,61,11,4,0.012859691303010123,0
3637.2193072055343,258.5545846593272,0.8855065580271544,20,36,4,0.6860865230090308,0
2541.444912158165,78.73347055536794,0.263724919397874,58,10,3,0.8580921115339712,0
5853.997794436157,105.07039881320036,0.605920861774198,25,22,1,0.3004505090933103,1
4821.124221338432,99.12256466656213,0.49127421788375536,40,1,0,0.46784020569093987,1
4227.754817719477,193.4536210674897,0.4473428393708664,69,19,1,0.6061097769381201,1
1604.8505093841172,95.58409095964087,0.3545509650603511,44,3,4,0.6358167180213359,0
1182.7549328816056,43.65247650146449,0.5331101140188843,66,3,4,0.1362717439675203,0
4322.738892000665,160.4960095901912,0.08886943629519906,25,30,1,0.31344416574588574,0
5685.926604678578,206.81194278544996,0.2708739513227205,30,2,3,0.9087268455212073,1
4418.272886620813,117.960369747648,0.7709515003737352,51,3,0,0.4062901938260275,0
1455.5334211190245,79.59520214159966,0.4457359465667161,63,16,2,0.6729733360194831,0
340.87192110979237,54.32552926811665,0.34479786119757017,25,15,0,0.8183363986128369,0
1575.1594484850684,16.662555516917276,0.8098892983320608,73,12,1,0.37586853115112095,0
2658.296956022105,200.12978189794342,0.3380077998478991,50,25,4,0.25099973900747197,0
4031.706638580117,180.4154842063803,0.6927644864590445,22,20,0,0.8191084156335834,1
4820.901119195696,29.129741045631043,0.5488098410537794,41,15,1,0.821401384582903,0
739.7547668439424,113.97636050255335,0.32246783558438963,57,12,3,0.3714084415119202,0
4351.837435826888,47.19107113309972,0.9587299785502686,42,23,4,0.918113044449961,0
50.86685712925151,216.8633342548974,0.811197594411969,36,7,0,0.09190777694139152,0
4458.194735365088,167.37551661258516,0.9376755045221847,31,24,2,0.5632001236245457,0
674.6721676599147,248.73143841486143,0.21054335963670612,22,7,0,0.9327341434212008,0
3969.4411675615165,6.7053669950508095,0.17336821109014833,19,16,2,0.8961044377341308,0
1191.7054164742567,261.11372047983997,0.1534853832251717,63,27,0,0.09755760891484522,0
4064.7627497848202,227.20508259661625,0.7750932573904179,54,22,4,0.2325025840094418,0
1444.6891483310853,282.5034957667507,0.9727352195462782,57,24,4,0.2983626350888591,1
3625.6812522137434,123.06505102837006,0.3702577058473885,38,1,2,0.738592379044951,0
3678.15659298625,97.4813700815848,0.2249004478541886,79,11,4,0.6335987831075383,1
1217.7695326418611,264.024749573649,0.33906588269034943,60,25,4,0.3983806017568984,0
2571.2797737129463,285.6969872669327,0.24009099775378184,59,12,3,0.322617006344154,1
1616.957821882167,153.20763882070193,0.058804596036678314,55,11,0,0.06772979773845489,0
506.47613766000217,18.58487951873472,0.3517684315732169,29,18,0,0.8078045409150404,0
2318.2128576626124,16.383859063562902,0.7802882481455771,76,35,0,0.5287825453539482,1
3486.5341303984496,80.44670294611349,0.9844772276658014,77,23,4,0.6335918073262706,1
5356.3314007032795,74.37957079263423,0.4691208200228806,56,8,4,0.27032629848941037,1
4501.605339464252,218.49450758954055,0.7233372813206005,36,16,4,0.5329301063269336,1
4387.95502705751,124.14508864863168,0.8703999964091299,71,39,1,0.812623328479908,0
5244.828981149474,246.06069880809386,0.5254305762606605,34,21,0,0.7838835519259998,0
5481.518684066085,70.4347945224051,0.5272900160606199,35,33,2,0.03614097623015744,1
2743.8296654106775,19.618786815951417,0.20737082320278,59,14,2,0.5735791435911793,0
2114.880307334768,131.69000926353638,0.6142323826287173,78,12,4,0.20639961648293204,0
4567.418392078749,292.6636947596019,0.4297066869912528,62,2,2,0.18280060240290696,0
3243.5675353349125,82.3505362899097,0.05357278320203507,69,34,0,0.8368062809860606,0
5154.4840799305275,88.80232645181124,0.5440954884307696,38,10,3,0.9751202699085374,0
4469.623755201848,159.38808833494997,0.3044978837902256,45,27,3,0.7245575810185974,0
2686.7530978809837,11.266018855622328,0.8987284045561178,50,23,2,0.7670947785198964,0
5503.305401152157,39.92094534243936,0.8576234928996582,51,5,2,0.46295855487105086,1
4611.6836492560105,299.53121094144797,0.5502390082587699,31,36,1,0.4060665479052,0
10.910899132331284,207.07198707068628,0.7024026456112145,31,34,4,0.8454566816772594,0
930.6530605400184,284.3660493803935,0.7117032386864395,28,38,3,0.06919822310067125,1
3526.634696840505,204.27540108396715,0.047289718339263986,74,28,3,0.8725032478954354,0
3321.254300203618,284.427474020957,0.07929091154710599,22,35,0,0.7924715046504256,0
122.76195065011397,206.98242192668366,0.28941961311259445,48,20,1,0.9775265033737096,1
5544.310032896624,249.12356173157602,0.05221787131278188,73,36,1,0.5906787821399764,0
1178.8104714496171,225.93862069025838,0.6697773220597678,42,19,3,0.28036493061484535,0
5613.219752351029,275.56502570970207,0.7241166056215145,78,37,3,0.3675060839673554,1
1932.920235091531,212.96131149965834,0.7692193299782237,41,19,4,0.01583432128172524,1
1649.3163372982524,129.3212998716568,0.8650409733112612,51,32,3,0.9942042963627805,0
1069.5207857448781,88.8473323226731,0.6928558725895884,51,18,0,0.6594476993756158,1
834.0020048649703,12.265427841886867,0.8111376045726714,32,21,2,0.5495118255965896,1
3752.3026400511835,217.35750831697587,0.013726287897166123,23,32,3,0.9058850465016095,0
3283.82766805002,189.52244201989694,0.2571351333022063,55,24,3,0.4134830895459146,0
1418.8396277069112,225.57079900168682,0.021443640561700006,26,14,3,0.7977533256254496,1
2111.80918250598,105.5617500198613,0.6762006184250419,64,36,2,0.7703311546972387,0
711.6643586381321,252.23245923075126,0.329701229558087,58,13,0,0.6324848058966356,0
5635.103154481726,139.185921045365,0.1383828785316643,76,8,4,0.8700716417042683,1
3208.557560099355,69.29096738309202,0.07728940184019661,33,24,1,0.25071854063559484,1
5495.1465364473,174.3656794044881,0.657781851187931,38,15,3,0.2008130179154507,0
775.9846939201674,85.64281207566596,0.4711725273097759,45,7,2,0.4296652055174295,0
2527.508392356008,206.19167214253025,0.3978829094467584,28,6,0,0.32548828249204487,0
4304.1668637827615,0.6341158926912338,0.5539697483887599,23,38,4,0.4290550506572499,1
2953.8030560555403,50.6889297829977,0.15002758483113898,55,11,3,0.5677448385637744,1
3590.266301761246,166.58270604646438,0.7356416204123025,65,4,2,0.29463927890169384,0
154.05326944120628,278.547231140871,0.3966334811114105,47,32,3,0.13580025607947577,0
843.9303859684521,184.3899446823034,0.38522724454183555,33,32,4,0.5121396689769813,0
5181.698405095866,239.33447390489567,0.9392702319809813,51,9,0,0.5841294492154528,1
3542.13525981751,66.92729209167285,0.060383263983189606,34,13,2,0.2254170343556351,1
2060.369973246312,147.93027304992,0.5055772845971755,51,30,4,0.2302939964346341,0
2638.11383718471,164.97045204782538,0.3876708673410342,27,30,0,0.695291333741027,0
204.73281455101392,202.57442705267093,0.19984300286355616,57,4,1,0.5439199540396057,0
2846.541996532925,40.038784099033805,0.6491116705014086,50,7,1,0.16701436249133306,0
3421.3448742532782,27.187117845595033,0.7725590253102378,74,14,4,0.46277330533075145,0
5994.922427400478,14.537086801074107,0.23646065507801306,53,34,0,0.4972602339395007,1
1883.9693056792557,35.74861747677956,0.4203832510312695,59,29,1,0.03129387492228741,1
4323.531958533483,169.7176882214281,0.7458072780830097,74,28,4,0.5219154526802756,0
3241.6155407033325,49.18469450553729,0.974624815057768,60,29,4,0.6511885618789082,0
2209.5623568211468,80.44054686653246,0.900921848070126,38,3,3,0.7408486137043581,0
2848.5413140770665,109.24700044273273,0.38083112707605116,44,12,1,0.9030359621286577,0
2318.6206374037047,95.77263917640316,0.7063329697572804,78,4,0,0.8752425313887016,1
408.64093247864076,46.919971783144874,0.9006570353922463,75,17,1,0.6313271106912558,0
757.6082566800719,266.3266120384859,0.32809340628040484,42,18,0,0.29361460152301866,0
4590.4370580004315,149.17816955983352,0.1439439998530616,37,12,0,0.12019371278086632,0
4822.232504063417,71.52435920764553,0.7178677767613044,53,4,4,0.5231118432673556,0
2931.963214781709,47.62607916438524,0.4239372786497253,54,16,2,0.8387247132724149,0
420.2476545382845,208.99221481168567,0.5444560262523871,75,25,3,0.4393010728657716,0
3458.3247068329824,8.385875669493625,0.6356852996535088,29,15,3,0.9026221968279436,0
1670.3727292526094,56.44009210481645,0.8658914371079744,71,12,3,0.9347335284086256,0
4740.493053579346,61.796664173662194,0.607630900124121,31,32,3,0.8535942156440784,0
631.3600757051863,236.6841250624065,0.46128154761521645,74,27,2,0.4881553825659395,0
2203.113531619584,288.60387405047686,0.8085348511447659,56,3,2,0.9893875371778855,0
1945.794442780034,209.95524026126134,0.16961878120376295,70,3,1,0.6414148165865613,0
2034.34885479355,27.510885742744684,0.11024011272106782,72,12,0,0.9845410544331331,0
311.1565483548699,104.19437234523119,0.26159767287818214,33,23,3,0.5918223718812657,0
5975.609663171883,9.023826874957564,0.7627896298023168,26,22,2,0.8159537778712427,1
1129.434520400277,223.79909549980502,0.6197412399589524,73,3,1,0.6109837911322494,0
839.497318030139,33.390917451579995,0.05294926057017124,54,37,1,0.4377372340390674,0
2778.315845201085,285.62963931729814,0.6031015198606777,45,1,2,0.26296592431215293,0
4129.148106143622,60.28879479196488,0.7782628157062121,74,34,4,0.3124157722973855,0
5890.739410195483,163.583958999042,0.15791724545784513,32,4,1,0.12053687133035118,1
2719.8097601039435,206.3889855333929,0.14248285727439802,57,12,3,0.12212903895478255,0
5180.65376680729,81.48559084177033,0.7793163796399055,29,33,4,0.6284064097488281,1
4969.710484952224,226.63653427302,0.6556239656101949,50,13,2,0.08418782261130675,0
4350.9638591778985,219.85324492946506,0.9884252144884622,22,7,3,0.5809017466509039,0
5515.30922535695,22.368097099546357,0.621401423698519,35,3,2,0.7717149492744604,1
2606.476807975417,56.09658137257607,0.9010620350827644,61,15,1,0.8927859865290673,0
2112.29232315022,171.1941638359827,0.031215086114750545,53,7,0,0.8270539272285024,0
2900.6128578694074,82.88924039557507,0.7082437559228463,65,34,2,0.9732949152904807,0
5174.135580830784,218.9837879316984,0.8719332116159539,21,35,3,0.5917544383034679,0
1381.9418237114794,201.00926067058523,0.15215063620791147,67,26,3,0.364066446141184,0
1507.3656250716806,14.96433886272639,0.5225038785267332,37,4,1,0.5756248130056799,0
2835.3949631077116,267.9236119037343,0.6484537626900995,57,8,0,0.8128328574502758,0
5859.047784426285,90.93244146415792,0.2923480230749149,43,9,4,0.9974082921190991,1
681.2083605747895,104.33107997922151,0.9897955153185266,52,4,4,0.49851172840613656,0
4353.177660081477,102.07363138161637,0.5289447592183749,49,25,3,0.12143755172887416,1
424.0420010238165,83.52500739300906,0.5623377381017701,35,17,1,0.1283372871304328,0
4414.5202842972685,186.40164541952774,0.7588685202949891,65,19,3,0.13658701376078697,0
2517.164396244936,40.35279647456077,0.655590675748867,21,28,3,0.009844356709540425,0
1329.3668052662294,13.726468594731077,0.5904859665092183,21,22,1,0.07860071013634995,0
367.5738013213288,290.55757089657175,0.0014673274736279884,30,30,3,0.23743799874083704,0
1576.6433144841535,197.06238268739966,0.6342911266127258,53,7,0,0.4990468058844927,0
3150.901406251296,276.51532470771275,0.40900315389362163,52,25,0,0.7911749682743473,0
922.4550044639955,266.2145140732893,0.7003883500066075,78,3,0,0.03313075258702047,0
1335.3436530638003,185.82925182172917,0.9707044313759214,31,14,4,0.09614080510163803,0
3955.671599257548,69.73992111411809,0.6933522927944687,42,39,0,0.16965484630557948,1
2071.3104466690615,156.0707891221116,0.19806989639892625,51,17,1,0.10535101557910742,0
4596.956750037616,239.3809037239366,0.6448104260809676,26,35,4,0.6633284275028777,0
3899.2233858067116,16.907973219440187,0.5364311471372921,35,23,1,0.8156230812183014,0
2317.3138547548956,36.343822482934975,0.5002229207412755,64,4,3,0.3326286138806078,1
960.3822072971222,241.32496721426563,0.20483222741571694,36,10,4,0.44697336611174165,0
465.88355515784093,196.33870833474256,0.5292608711046712,60,24,4,0.08705117035035392,0
4820.020267395363,195.71100346776893,0.700159244163316,29,32,1,0.027477607402689674,0
1545.9426905925877,216.5444373027731,0.037337264615452725,36,17,2,0.3889695437933124,0
1411.3183104156867,116.88021556708324,0.06333463000057526,56,9,0,0.5053558990830954,0
105.88187459432685,23.85204611555053,0.4063519890292633,48,20,4,0.10164393169276165,0
3066.8192134310766,140.239398231203,0.6637399393963596,23,36,0,0.014498590914073683,1
3704.310490333095,185.56905595291383,0.5738806562746473,36,6,3,0.37022584670352887,0
464.23329944571753,259.48613051978583,0.13003590281843003,66,8,3,0.03921662195738007,0
2258.836047285747,19.508556016896662,0.7492099937308291,51,38,3,0.10195961443128554,0
2336.300156050176,295.80130963078653,0.4082417331141234,53,33,1,0.8604257441699581,0
219.15984041743494,274.04402703540063,0.4943823022783197,31,14,1,0.9802209856949579,0
5394.96649317071,211.58718032279995,0.7018167772003944,27,17,2,0.5527687143881881,1
2614.6354247580703,64.30212542262717,0.3723698041653064,54,24,4,0.4106311856813101,0
726.6420677594379,142.54940956687463,0.8012890100116051,28,19,2,0.7934137910296281,0
2874.488223170742,81.40383276059137,0.5277239163530811,78,21,1,0.09219854932787985,1
3480.1081636279177,61.76846776256506,0.6517709246363118,77,12,2,0.16796619705848292,0
115.09143748301253,194.5459619820942,0.4071512687608838,45,3,1,0.1356837631799782,1
4905.464828544712,223.92144641445483,0.29128838682987723,21,16,1,0.5010934627866771,1
5081.587111390723,130.687580541769,0.8987608655239505,37,17,3,0.9269543493725297,0
5872.970810908319,249.89671234666665,0.3131795126077478,37,39,3,0.21782225042502767,1
5220.547042309139,90.81962446475282,0.3245968302027963,54,6,2,0.270970247994054,0
3434.462051759885,84.33457968995803,0.575667265511053,51,38,1,0.27213562900382215,1
3188.618323288635,189.3142644908012,0.31844846312595365,57,23,0,0.2686599548976927,0
4263.543027484127,249.0006508922207,0.2325302258094274,62,5,1,0.21895390422414063,1
1077.3987363299311,12.998509168757744,0.43224228038559254,76,38,0,0.827427537280365,0
3215.0814559824466,218.41571294579992,0.9802332902022413,45,37,1,0.6730722460526394,0
3027.806395843357,207.5088167526844,0.6144314451881896,30,18,2,0.09337431640200566,0
2873.2613736822627,54.88245775705599,0.7344358486026458,28,22,2,0.8190843795325531,1
3649.0926409322315,33.26545180911705,0.15654728805161788,63,28,4,0.14747524412663338,1
5853.6136007368295,57.85136275840348,0.9195321154978146,54,11,0,0.13611146601707336,1
2458.355023572367,37.104060787890326,0.883384775056394,78,2,1,0.8251297508946639,0
5337.345922462128,288.0886609536809,0.26518362470023316,49,7,0,0.4343018545593911,0
1871.5790342538724,193.76696522617587,0.9367851704088117,35,38,4,0.1962890877404374,1
3343.164796819316,169.20202915222393,0.8640092990314087,31,21,3,0.5334989029476551,0
364.8007580305717,284.3592773990781,0.4959497515996394,32,29,4,0.5888990281009548,0
1887.6431211893957,144.2073027009158,0.36305287306306944,70,17,1,0.1325639446384036,0
4949.271496829054,183.980801827939,0.7115528585666371,43,22,3,0.8482373930135765,1
3630.2102129729733,261.41085207925425,0.5504616466253811,47,15,3,0.2868831850096776,1
4217.785397641992,229.48334407179075,0.6263969445196114,21,13,2,0.9356370162123335,0
4567.305275056389,182.9125489749165,0.3302197401832332,63,36,4,0.42359148770131383,1
4640.58561554868,280.8109045768477,0.7053370735070732,69,38,4,0.4236059623411328,1
5069.761478381767,80.9191963850823,0.014523494715384389,55,5,3,0.279578412808538,0
5281.685504924471,165.47250193141926,0.6591513366112401,19,21,3,0.6111779058667487,1
2737.364282347823,190.57980174508944,0.29389178620727563,48,6,1,0.2717462081725325,0
2811.553607419963,33.78794895697692,0.08397560660029846,43,3,3,0.8567346443528904,0
4019.256380786937,84.56831156483896,0.10495304215763612,52,28,1,0.3093267103012224,1
1410.0958101755532,135.98230487209926,0.4199248103701746,54,25,1,0.1837965951165691,0
3485.631054195197,22.968247877612992,0.7421239850939573,65,1,4,0.8955934643091464,0
151.08594604737547,29.64248494889802,0.26752700357166403,66,22,2,0.2856501039225654,1
492.279494222466,237.43718364541832,0.9373630848051158,35,33,1,0.16758263781706317,0
5146.900605984573,200.00066736596384,0.5894566394070142,44,24,0,0.5830219281410379,0
2780.1311729826,201.45178503853884,0.4069647957179551,30,26,0,0.07012706610288466,0
5620.494369402985,155.27307671924825,0.8311173473567863,74,11,4,0.5076610015961951,0
4302.773617305978,137.38773452920586,0.5341814889428378,40,19,2,0.3522432269500909,1
585.4217621080638,63.37017514799489,0.747511552403828,64,33,0,0.8466368421175908,0
3484.1039464634428,171.70776959081954,0.6695730419625581,46,15,4,0.8332194395045087,0
1819.6493741118388,179.5822298915303,0.7705762364499377,57,30,1,0.18298749576687912,1
777.1441522606249,4.54296262515853,0.391293551402481,37,24,0,0.23713716220372993,0
1869.8866770081447,98.36372460209907,0.10969574068050014,62,10,0,0.8327063105462571,0
5292.581347874819,285.71421480492586,0.47416073375067713,57,32,0,0.6168494297581492,0
4075.112560396691,263.5162802366503,0.5735262321020954,57,38,1,0.9078337852353542,1
690.4219470626771,287.5342412968597,0.6189743378922762,71,10,3,0.07493959248773407,1
1693.982477394605,202.61161097591878,0.49024638493076944,53,12,0,0.7435695705231166,1
4783.705851297905,42.338793097586425,0.370046142067711,55,27,1,0.7010868346969105,1
3234.947357299603,212.9079715981519,0.8417262086730979,66,16,4,0.0721507404976921,1
3347.5186686350703,257.662671977788,0.8754176038717607,33,11,3,0.8010385424978222,0
3816.7499542822593,15.653007419850962,0.9088641694868463,41,22,0,0.20526817347048842,1
5955.732487882606,48.91860268825353,0.615843875540814,38,13,1,0.7954205374748755,1
899.7129249862093,32.01094537948887,0.5169108613403794,75,29,4,0.6120095680973971,0
106.1819546502224,135.51150936978772,0.37337579976199287,66,4,4,0.842974032648194,0
2075.2168968831566,26.07988720202433,0.017055800092107165,76,36,2,0.24807156844135736,0
4709.731033682402,139.74399992530624,0.7015122997180782,68,14,3,0.15389510768267278,0
843.1293739380131,298.3854146912361,0.14900595349688373,71,9,3,0.5014591455216613,0
4662.569420590563,69.20109694759893,0.29926912155036056,61,20,3,0.5262099516986729,0
1375.0364207423465,112.10170927251333,0.7050234486664834,55,3,4,0.28107291387341926,0
3710.586551666793,159.613589676807,0.11522061258839589,21,26,1,0.8403356429437436,1
140.90956722691507,63.085461018866965,0.6430775278867673,52,25,4,0.9780652924651418,0
4594.757521477132,73.70357765251995,0.3413286668959137,64,8,3,0.09783227933951932,1
5782.624685026561,103.92477712454132,0.1119775667960845,36,31,3,0.13310112819090913,0
2063.8007586659023,237.2551823635855,0.41916810409883964,62,31,1,0.9159352082503446,0
4738.818888966241,43.54302430288942,0.2774832450977074,27,4,2,0.4365118572612814,0
4468.997865169335,141.8531790336017,0.5778795076958885,21,12,3,0.7726721515612844,0
1777.0470394361198,48.14998739665359,0.6903120434439083,76,13,1,0.9913194729224363,0
1102.464257060991,98.86233967607518,0.7547827843932734,41,23,1,0.3986589304327738,0
1445.4000265064024,15.29659476470091,0.8280780538381468,68,2,4,0.8071514605346232,0
3584.6700112297885,162.75946849061708,0.3914292772373291,19,37,4,0.1452118053267244,0
3766.622189481843,118.30417179001267,0.27615070953777876,51,10,2,0.8869576961600851,0
4812.890218061497,131.19495406736544,0.8140527716569472,48,28,4,0.24276057013603336,1
3492.863599324048,291.36682662697547,0.14405682999430058,31,8,0,0.8418094792693941,0
4732.667043777329,32.1331253501934,0.056372430034912435,79,30,2,0.7975074381784805,0
1063.5192709465166,21.30534048278698,0.2392088203470033,29,36,1,0.9372401391182438,1
1695.4932618494497,144.56516048646267,0.2288120653982918,58,28,0,0.5878127308014456,0
3871.6676311034826,208.55126180753848,0.6107376684187966,26,36,1,0.36888236999739366,1
2037.7004487029521,258.63808478118625,0.10079371024698502,36,20,4,0.7260249001310195,1
4886.995951056906,46.656149204147034,0.5798006285341384,74,27,4,0.46361154462996823,0
4583.305242758076,214.99915832303722,0.110966802317371,76,12,0,0.9736618391370957,0
3150.9812005623535,196.47188966675293,0.35438866273193204,27,26,3,0.20891559890565337,1
576.8352430655832,269.9122698351111,0.026727019564773746,48,22,3,0.18482416626534381,0
831.9248811364312,127.00276565824949,0.1661031746778734,78,4,4,0.7959607530823053,0
5456.764782489114,164.5182461844731,0.7317918065978841,46,18,2,0.6826217088767753,0
2273.911370575095,159.4488202294986,0.3108766818151154,38,24,4,0.2742748381096358,0
3640.1740978934326,294.09877138155576,0.5362574137357701,49,15,4,0.44285215230532005,0
1099.919143148446,296.96920507682495,0.685153328669478,37,32,3,0.5969998908265298,0
3229.8091997028823,287.08039554817117,0.7633940225825214,28,25,0,0.5015788625243258,0
3036.544279382665,267.22680618304923,0.6394061145602574,75,35,4,0.8694934931563849,1
1224.4158802005552,236.51897728946534,0.5731117454460483,67,21,0,0.43258617387056,1
5322.152236013288,172.7437739773194,0.26518672664091714,70,22,3,0.5056037581737703,0
914.4015403439184,299.9462433312931,0.8177653716605133,58,13,3,0.721327483975891,0
4863.849447130171,62.69973145736506,0.630238169331845,47,18,4,0.9910548245214214,1
2108.694778404468,261.66414295584224,0.6790344727282626,54,38,0,0.04208818987500307,0
1937.8970114873318,111.91709546130537,0.8462395486620995,43,22,3,0.5302560503222943,0
5179.0843568382625,273.5105588397975,0.04447277091948687,28,26,2,0.24830565665965543,0
4839.208595794319,213.19085055465635,0.8033757152157044,35,6,1,0.6048683961133297,1
3322.2861415498937,162.66269342092497,0.06613454039247746,72,24,3,0.6898320613129446,0
5171.379927004008,127.42899402938018,0.20296763421440722,68,22,2,0.6760260067007899,1
3567.2702309750084,131.93799496402497,0.2908215632317166,36,19,3,0.36322273887239553,0
5750.264153210026,14.354055774973084,0.7694950011076238,78,20,1,0.7514661233225185,1
2422.023142617109,194.88803676848357,0.1965097424078085,28,35,0,0.7178997496630838,1
1286.5620145327712,16.925206096306223,0.543037634213864,79,39,1,0.9462000892411031,0
5010.010705876579,106.3831099731197,0.7749962075815419,33,7,4,0.9273977486561343,1
690.9921209537081,154.8553394633227,0.9141538589005618,26,1,1,0.7755314248815276,0
1265.3110799971157,6.451505448575656,0.38923714024165823,26,13,0,0.7986030298807039,1
5172.415790770654,210.86774315863647,0.07406205011126277,70,23,4,0.6636678323164323,0
422.1358719233982,183.63911093557843,0.35632025008334,32,34,2,0.10562958778169862,1
2938.8615129884524,22.707113482751872,0.2010224414933589,33,20,2,0.42672101619243386,0
4264.010905930327,291.7013854585949,0.4448999914288273,20,4,2,0.027053466471143706,0
3654.3962417443086,277.76200174350066,0.8587112169645885,72,22,4,0.37917940180144194,0
551.9886430330481,134.8130790090766,0.8598197880896081,24,8,3,0.7563277393663101,0
1592.0578435857776,297.4300303489287,0.8713060621490826,24,16,2,0.7786951593233957,1
4637.1927014323355,122.34972488797563,0.5406955014609987,54,26,2,0.07816860857181962,1
1273.5894058495726,17.113665257343847,0.4128526480950775,62,23,1,0.2587412333492707,0
658.0585110582464,223.32275468359833,0.8364408031367933,62,14,2,0.7570915231341339,1
227.60211814749823,266.75563180113005,0.07076787524771044,72,35,1,0.22330465419422374,1
14.297177058599477,136.31838130938846,0.1489524028578635,71,9,1,0.5591441706636174,0
5766.202812106146,46.62232832835981,0.3313625213454525,70,8,2,0.8234441563363962,1
5387.682954694846,186.42298152033385,0.5294606610191662,36,28,1,0.7300882268402332,0
3775.5388891661246,190.75810263781807,0.39575650296920184,42,24,0,0.6473857046593964,0
5818.8968067336245,37.430653595378395,0.3003097682757365,59,32,3,0.7880814262462709,0
2452.1809581800076,67.70731900849634,0.8210459428183369,55,15,4,0.5254057465020775,0
1167.4744187540944,25.6404498958293,0.2307550672319475,78,34,4,0.558591984368422,0
5437.175296974234,281.71929562696283,0.43955881505661776,38,13,4,0.02127455142170065,1
4459.905906358449,223.98551913908094,0.3839544103172675,63,30,4,0.6304424268763926,0
5240.869411209344,224.09629736557108,0.32876767163064957,74,3,3,0.40052436971952143,1
619.9321076192605,188.28603466078795,0.9756324511791892,41,9,0,0.7134683806625473,0
2376.497496132106,5.8685680636872295,0.24637734894960117,44,37,3,0.8039915570087631,0
5754.108907647555,234.72757688040303,0.6741717031997987,26,31,3,0.9824366533612169,0
2891.5474436565332,74.92059969032701,0.5609925543436038,30,4,4,0.5396654224139401,0
848.0968905517586,253.2544685266013,0.02789836491003206,43,27,3,0.6604860553601202,0
3577.131737371071,18.597646806065104,0.539006949114889,63,34,0,0.29721672013182165,0
4253.439440034773,42.744841368087215,0.416954476818005,48,24,1,0.3854705999149576,0
537.5237503355582,123.0691167071985,0.9455142901762733,52,39,2,0.5380664847208043,0
5081.748208717268,142.23057179468805,0.5331364825402508,29,23,4,0.36285725708167427,1
652.6442492653408,243.2567687518162,0.8600775490243104,79,8,0,0.036771376124785426,0
4235.528337092466,132.9268705007664,0.9322192038242552,23,7,1,0.3863293240643173,1
3379.6753185234393,262.80502011263354,0.6664578271379596,46,23,0,0.040382314945165976,0
835.3106695389964,274.00341348816494,0.025277702120429568,37,32,3,0.7498196848415081,0
3893.9402728902674,56.00977976234391,0.5259414739803987,50,27,2,0.41637437103233754,1
5206.535542858845,46.53291419146461,0.6576553164787682,61,10,3,0.10883994583447787,1
1612.966470482043,260.6062507860059,0.8843974211032158,79,16,4,0.25614094049799196,0
1012.1204234602806,92.90348135227615,0.9446067010212174,69,31,3,0.5437921105144952,1
5660.219609866448,31.414365697939793,0.30047218961552935,65,3,1,0.5291602699402064,1
3739.82515133541,260.6037643651599,0.2196052819938964,66,8,3,0.8318085675937565,1
1067.7360270094107,195.27923575800736,0.3079335834333645,56,9,0,0.06972208284048931,0
1715.3039416082547,138.628889423902,0.47970461298434164,27,5,0,0.2800703564420417,1
3040.6586105412916,156.44562202560556,0.21804451495572696,40,1,3,0.7125950462944736,0
3584.0237136713745,53.8223656111553,0.06288147443740544,69,24,2,0.963882084088074,0
3979.613267120402,282.48363477557933,0.7993936833225475,47,18,1,0.8573185600301774,0
2440.1482317223413,238.25411545001222,0.8221238264262564,77,6,2,0.12564309707204224,1
5386.917443942195,234.64083603178776,0.8932409552196154,63,5,2,0.460394750092608,1
5397.150968501189,262.1737818911361,0.878814886487827,71,16,3,0.09046062506846242,0
4614.391382349292,48.110653618974176,0.6710895993686339,37,38,1,0.37347577292974,1
2751.7775826902416,186.45239618105072,0.9535216625636066,68,32,1,0.5517353659583468,1
1957.6000601314809,189.83797171150428,0.8214282146886706,66,12,0,0.09807911121253055,1
1184.6926955747488,226.759962583278,0.5105254322443412,77,22,4,0.1472936841727711,0
3212.083349433762,185.91563886887297,0.10034426503216176,31,15,4,0.20118927482940652,0
152.37752936770306,150.24557519055742,0.42666940735951364,19,16,4,0.0011252228258072927,0
4072.867289971812,287.21077347295613,0.43397367457379965,23,38,2,0.4933396913453386,0
4562.292101071675,99.30758442735178,0.9121694373192609,78,16,4,0.8195885894579505,1
2910.115331919926,217.1163025262447,0.8913653315650756,54,32,1,0.5241271705431947,0
3931.650268850167,252.7874679208583,0.1344200100461388,32,15,1,0.5998008223904346,0
1068.8041148848629,79.80959585397342,0.6376176659856634,45,10,2,0.9906763232793987,1
5711.98823223983,151.1131246392796,0.36185635708179875,22,28,0,0.9560649217119427,1
3272.410221732002,76.84267154319346,0.4565618861163163,62,17,1,0.16972480414525204,0
3991.7267532540495,108.86916161318543,0.07460368096835712,49,32,2,0.6653301392296346,0
2517.054676209919,246.59062975237973,0.2236128280443278,47,2,2,0.891781208393957,0
327.5921568833627,185.107735235763,0.2572310999073758,34,37,1,0.5858348392465276,0
4456.094461870905,22.217050621668257,0.6962581232197672,33,29,4,0.032289662799187546,0
3202.8854229570607,14.780412335925774,0.8301511960776754,48,3,1,0.44549942414042176,0
3350.5744841607643,133.02356392977774,0.10138137581699136,70,3,4,0.29569755072460924,1
677.6276678009324,284.61817477074055,0.109390855730364,31,31,4,0.5318290897078238,0
2690.0950395963514,269.9170824466056,0.8239504960050879,71,1,0,0.9858363978649852,0
537.2687179558048,256.61126691471054,0.8724952661573505,28,16,2,0.7431142901640215,0
2294.670437632754,168.42486265468796,0.13080972872424723,20,10,3,0.2534855582740966,0
2272.0340390554184,0.6021871648932975,0.8515517117673441,31,9,0,0.7581924776111043,1
4443.19689812875,119.21138302375822,0.9226316074874461,22,4,1,0.8673853747105406,0
796.1494127016392,10.327412572052863,0.33645432046001833,41,34,2,0.026141704790839104,1
74.143978585601,157.01966796332766,0.35092460796184566,65,21,0,0.7290160753312621,0
3203.380968613255,275.5262284580939,0.5042307281431078,23,17,2,0.7276152860952744,1
2384.0606143019954,279.3869658535529,0.6462032640346086,45,18,0,0.8740107265926585,1
3815.212487140561,174.62414122664373,0.3396453502830499,53,39,0,0.862749149277528,0
3908.6282746998236,295.7258344673063,0.7987951716888387,35,13,2,0.38046968948819104,0
2681.7160587896055,193.86556666580069,0.7946916048313142,55,27,1,0.8981507723053895,0
2864.396375390761,29.902201644467972,0.6987089090395779,26,20,4,0.3894290849390739,0
3055.1418769869074,190.28953782883835,0.3684908282735351,49,36,3,0.1282789735459089,0
4466.87671235312,250.45058330018168,0.4543978448389967,61,6,1,0.2204084228876002,0
1630.2605825304183,41.93640797081881,0.3940630582924217,27,20,3,0.44447026379742327,1
2960.398134751252,220.00069675980498,0.43542981965150496,61,36,0,0.3990520472645588,0
589.4063308954294,155.92841378639991,0.3155224827171509,48,9,0,0.40157875308640123,0
535.110324718695,239.68253970308382,0.6852780285969747,62,9,1,0.5230367536148207,0
5718.996915581416,205.66529079673066,0.5007302728737183,65,21,4,0.7763951378634011,0
5733.313727848548,292.44405504729554,0.7986787094074745,55,26,2,0.4544171572482574,0
1897.506349468514,11.492775454217485,0.06535443151440923,44,39,4,0.10382438212712264,0
1900.7567817245465,140.24237166903603,0.8830699635456837,70,19,3,0.36858956039194335,1
518.2672174626995,175.48995909618924,0.03216394296998548,79,34,0,0.7899228254597369,0
303.97776327652946,39.846176748585485,0.682830024703998,71,6,3,0.24210792570173234,1
1574.0934285249623,154.70065425438395,0.360688597339455,32,26,0,0.7611959376477184,1
421.36896444219553,78.21288142498543,0.2555181308288883,24,19,2,0.13022018658132894,0
599.3465799692713,171.95303086915993,0.32185233587007733,52,5,2,0.2284208252109089,0
3705.223848416629,213.16197497898094,0.45164828891458664,31,33,0,0.8201540481006983,0
115.37315620630369,246.13621676577208,0.8945236862168552,50,21,0,0.6635933256063075,1
3050.663536504884,168.71241597791263,0.3979680623163785,48,30,3,0.5548933822108857,1
2004.9910713205973,210.45534360206514,0.7958328085662557,62,36,3,0.9003557400902538,1
5560.09661339387,12.505468950055409,0.23857160841540648,26,7,1,0.8934081291319647,0
2102.9063897487285,286.76066286058915,0.41959122630778667,67,18,3,0.49634022096952046,0
4041.493768201494,12.378050392694506,0.2702089588157558,23,7,0,0.5272582826115565,1
1273.2591004993935,288.86584703115096,0.2667239599683654,76,38,1,0.7697184335472602,0
4383.125930100981,235.74977992474786,0.020111282144088416,24,7,1,0.9708559235086417,1
794.6395958825811,7.335388616081106,0.10083732680008017,20,2,0,0.5889911032334301,0
2784.4758862945937,168.08117715904012,0.17941208530898944,19,35,4,0.25620415578170874,1
569.59048965382,71.01404741420716,0.923470235655716,50,25,2,0.40100762093963516,1
2443.8204137140433,76.2365822956167,0.6959151538544809,52,28,2,0.463697290280879,1
3676.158172327878,98.5986206316416,0.4554852045025357,62,27,4,0.7508305134740357,0
3723.143449771615,203.89806516828907,0.6971517352072928,69,14,4,0.5545776811480712,0
1886.7899604186225,225.98912239450092,0.29953580793898027,78,6,2,0.14991361243820556,0
4627.757969179956,191.08501402236158,0.10423353412445413,78,12,3,0.37501841761546195,1
5599.86113189383,239.7168957893897,0.15635389820987078,42,27,2,0.6906905754578473,1
1846.5550880498495,214.4654654981698,0.8271825983098253,42,5,1,0.6300666659038998,0
2430.8018894993934,161.72863708036806,0.3811275215690373,37,23,3,0.5364396403857448,1
28.67150593719305,179.90668677616392,0.00845287271085704,28,12,1,0.4614204503943826,0
2805.627085222575,288.8579249481818,0.7797737534839662,36,16,1,0.4458471497945612,0
2625.820992703658,286.5529845641068,0.1280246534071242,73,12,4,0.646981411015429,0
2742.6945351851646,70.03185461267142,0.9487763723557161,70,13,3,0.5845768112198639,0
356.008332036364,135.84606599438388,0.4176457644622287,75,35,0,0.7491073463628831,0
3821.9588595126243,28.46836647984515,0.10397851127088731,78,30,2,0.10417737685458284,0
5619.915667288979,237.73929193505418,0.6439787708166117,19,9,4,0.5466388999043729,1
5929.6325051288395,194.20733350874235,0.08642138788364917,53,34,4,0.9410155007291658,0
5332.360322654287,178.93357555216372,0.41651681055048384,71,8,2,0.7743450243886415,0
1414.6947942600632,80.79902464865657,0.9055034797073316,66,33,0,0.28422751262520307,0
659.0367799003767,94.69185208813332,0.9977766898329173,23,36,3,0.14051457858434757,1
3752.1020639112958,80.97758062173631,0.6080517798859606,54,36,0,0.3654345832790701,0
3610.701801797671,58.83437830292589,0.3747382163481432,58,6,0,0.6544923197100194,1
634.8080918261243,212.5622804333935,0.2562545233800173,54,11,4,0.49855579937140626,0
3212.0728830577095,258.2090764597122,0.505909563530449,33,6,4,0.8088315708706978,1
4381.612597417363,47.45923479863819,0.8468567538685821,55,3,1,0.9498098828627144,1
3907.2061397239045,107.91569496299442,0.10826705776405232,72,35,3,0.9061961053141567,0
5168.221912204751,278.2512806139212,0.9600557859720202,40,33,2,0.457304285641456,1
2126.7835873525887,242.1646318452849,0.6653389596153071,36,28,1,0.8541531373248736,0
3258.5511870377923,16.233341699779302,0.23229156352320846,49,25,0,0.6927890995356912,0
3129.410800449668,200.64857605281753,0.09013823054732284,52,2,4,0.0775751021023966,1
964.1946786587886,209.12120034500435,0.6125775699875022,64,22,4,0.9461836719289289,0
1014.3114435792667,155.14387654243535,0.23417222475666954,65,6,1,0.27733942169240855,0
3870.022067620128,120.54159663621718,0.2690828194025533,33,10,4,0.09357143377284527,0
4383.573919166814,232.06185902927186,0.3985251660918461,45,19,1,0.620784610717883,0
4409.411818750981,92.65754494229643,0.7186448286282452,68,32,3,0.4304121854382792,0
380.9743957220539,84.25044491428034,0.392463735210433,63,19,3,0.6574840012324207,1
293.73101847763604,266.6701498378555,0.14984033680062747,37,22,4,0.06373559967342679,0
1787.7195049233053,174.4212681029101,0.48430232326557,26,17,0,0.8912102761578047,0
3742.0495076257075,84.08534763596374,0.489411859039222,35,19,1,0.7933037023937842,1
4439.2734882394225,160.95314502487682,0.8465976585458539,72,37,0,0.6830763774517121,1
609.4454862789847,209.5846370323781,0.20757524261046878,51,26,0,0.23940958844015214,1
3406.7832108467996,60.24912222739156,0.6805621522964819,49,37,3,0.8996229467032422,0
2211.202469372295,21.602897775668005,0.7794599395000623,20,38,2,0.32230123706770797,0
661.933378437096,194.27731211153667,0.6821588071013098,60,26,4,0.37695732347191835,0
843.2938940364502,220.93005499387712,0.4411078175208224,69,2,2,0.015296712225365883,0
3305.322667294914,81.25375341781151,0.3996280155062327,78,39,2,0.7040140173209574,1
3566.8531667036455,11.498730474372643,0.6917922937374884,68,35,3,0.7883343740424709,1
3294.229765761631,157.07485463154921,0.16165728822169068,25,8,2,0.6460158261864909,0
1793.673639965448,87.47974013982595,0.46427770710853666,18,15,0,0.7019043429756593,0
5838.97799862447,256.00961892558627,0.932153979554692,70,12,3,0.3124939264501124,1
1923.683023955409,86.71001059310647,0.594309201538495,65,6,4,0.7454974415630092,1
1605.6300747717748,19.85230352477504,0.558465080597391,28,3,0,0.7083177578927864,0
5832.030469691606,78.08516034897319,0.8869439691712544,46,2,4,0.06682882505679244,0
3263.197935395564,233.2196967406594,0.6656924800928931,32,36,2,0.7200168377780519,0
1601.6261110115204,255.0970155379845,0.6625010566439764,63,20,2,0.9657822435406475,1
4010.8641930426957,285.31662664886727,0.7144867918991225,70,5,1,0.23672200693580459,1
3253.95480289745,108.06849782235216,0.39537448919371176,50,13,0,0.723563568078216,1
4784.909837154148,44.2828609831224,0.3043065779380244,58,32,1,0.034591057609328124,1
4630.635874808669,22.7407004324952,0.6306964380587201,57,17,1,0.15495041325949588,1
2420.185171633593,249.45655333914124,0.7715873985225626,56,24,4,0.7814637493624823,1
5409.5809923825445,95.18488355731968,0.5299336633486791,66,3,2,0.4578535957650355,0
5108.828605474092,112.24190680309428,0.9801109206697288,37,20,0,0.3284012219978928,1
134.61886823096575,260.8936339921716,0.6366430357002845,22,2,4,0.1640824264285825,0
4199.138613785144,278.4793766237606,0.6924274309853438,54,34,1,0.8431103461903933,0
850.0910663675153,44.3824980102051,0.5717034903745741,24,16,2,0.6286246898473179,0
2546.458066846665,206.49808566309008,0.42706507264005666,61,25,1,0.95593420067042,1
2449.289835909038,280.64653675575005,0.3095419855689058,26,21,1,0.5878265842659466,0
1482.493135548377,69.80070179348333,0.10903260249908886,78,14,1,0.2489471570982813,0
5777.722664088631,160.9002998746203,0.8439922428200047,29,39,3,0.7428248829874242,0
1477.375846151046,210.91316684431837,0.21977650059093745,20,36,4,0.6158622515912645,0
463.9376686523189,46.443188863702744,0.10825787185248514,69,29,2,0.9913361355090312,0
72.04331276498331,175.16199690433177,0.0394226126254289,25,34,3,0.5546644348272106,0
2514.7518562268597,91.45657341781519,0.7352917846603533,33,20,4,0.8820026546528216,0
3006.8270841303033,66.368821392151,0.1169181057055062,43,39,2,0.48860948711300545,1
457.1132798013078,250.6273661883753,0.8790751459436249,67,5,3,0.6588371638652273,0
4792.346191885699,63.24307141281078,0.5269678638049291,78,23,1,0.10923894420584479,1
5179.140562177078,202.74041843193348,0.8413593915744096,72,5,0,0.7813523143231318,0
5334.345528476243,167.00581267444434,0.9155250586765887,72,10,2,0.5109101369301675,1
5290.233804576008,181.87015161123367,0.5736839004173039,54,32,0,0.4475642197239681,0
3731.06492568659,91.11734737158194,0.5193178478042936,39,13,2,0.8639200727361203,1
5785.4495987778255,46.333972025236584,0.8565065762176318,50,7,1,0.9261569339431847,1
3590.4737751096486,222.3903849382906,0.40004154010216886,44,12,2,0.5163339098821256,0
1934.1547981168933,64.82865066085637,0.2161106742540232,53,6,3,0.0764018530254843,0
267.58703049067736,141.53767823149948,0.9686910505949701,40,14,0,0.9676314987641933,0
1507.1200992590345,125.2564989528607,0.7307349012141852,53,23,3,0.7075594350604504,0
1559.3720429831033,95.11153133788744,0.16276831130805558,65,29,4,0.30041798826640165,0
3646.7276896105486,164.35575089287286,0.05384650328031382,63,24,4,0.8810187852230947,0
1386.0448693047954,179.78139647322217,0.5310195719588081,57,13,0,0.15233384861069366,0
1591.9342339455009,219.146717581299,0.8996066308476351,55,18,3,0.8543352198759614,0
3289.9490800517015,6.078900421766598,0.4576392908664564,59,37,1,0.625818016571387,1
1913.403720136554,232.7772901050429,0.535750468458364,46,15,3,0.48320764072655387,0
390.28166610721496,248.75123055911632,0.30828037789829965,23,26,2,0.40935460061768103,0
5457.889868682835,35.60445076047658,0.9204034497103127,58,39,4,0.9671539366913923,0
2799.5414280598584,223.40907653629478,0.3286312786221317,30,37,3,0.8099969585269471,1
2173.1830322089454,120.83350087007469,0.8608163899743461,60,12,4,0.973165940399092,0
4957.591632690074,13.308380197624171,0.42004800120309826,31,18,0,0.3492711648361302,1
3854.7478320979194,217.4950864555413,0.13795216530979926,51,2,2,0.08824778792817156,1
5864.383770001303,151.80943654052308,0.7409506169935667,40,14,2,0.11218161254805048,1
2748.94362247278,272.65498555308363,0.4865791315222945,51,6,3,0.35041643094649133,1
232.95151389525023,201.84642505868925,0.6308258209401058,46,17,4,0.23177470085873508,0
2185.987678301723,226.2668181840456,0.0023814767505440093,75,20,0,0.750533622930294,0
461.08923296499995,26.147228630749897,0.8960899937819092,63,23,1,0.9929344533554693,0
406.1253938991162,91.4263888061172,0.7619692705494534,31,7,2,0.719340675918737,0
1307.2189051201126,237.02807935181272,0.972780062148109,21,10,3,0.6977412414720777,0
5453.718501138895,234.32332072748133,0.060649856829525395,58,37,2,0.43663650770159734,1
444.6443121379803,187.23956459277136,0.39477147558404546,50,6,4,0.24458693853400737,0
5858.202680258236,66.34158785682611,0.8022446977180193,73,8,4,0.30002539005494233,1
577.5544765732684,11.682610965124319,0.4524388337661933,76,8,1,0.8165788927984277,0
2641.8210061340496,293.16241151685733,0.21469397287841863,58,16,0,0.28175450389038237,1
674.1258555719106,82.68905168021548,0.483598500186595,38,27,2,0.6130197860349254,0
1538.837529546222,66.95929460683554,0.7739323451414525,41,9,3,0.011327645132970354,0
5147.368675319597,40.173125209876694,0.19151970430442644,29,14,4,0.6585172608112823,0
2979.9389568452148,252.66616664212958,0.30612040220574455,64,7,4,0.9827586135367872,0
4497.538223748965,227.20395192800927,0.5857808675067319,59,1,2,0.37581154103907877,1
3546.4529239155936,146.66282760609442,0.26663516794884934,66,5,1,0.9408686596867825,0
4787.831881627079,262.04042437211166,0.15565846563731545,56,34,2,0.710399881933868,0
4930.558468481059,0.8502978934093797,0.5908782040941509,46,36,1,0.5657059227357562,0
4107.2741618633145,12.387446481956822,0.2627810006338911,26,28,4,0.5736645544488782,1
1158.3174063403071,60.46286166446653,0.3464674991586788,78,8,4,0.9836879749775025,0
3915.434938229633,78.00527572021772,0.8570531415422653,33,28,1,0.48887083226644734,0
497.22346218241904,192.9487331036224,0.22981275438949877,25,36,4,0.7314073533291946,0
4892.701576683163,62.43028207064323,0.7053968385336266,44,30,1,0.19546313714957064,0
1053.9139865198454,273.937891772147,0.45901963211744634,24,8,2,0.5239750037024562,0
4887.728020499559,249.72629601614142,0.6539481974441621,51,10,1,0.8343444123052883,0
4371.414378823481,170.10937585242831,0.08310948487667313,26,18,3,0.04279708916662772,0
2997.9442869264817,48.545623429614416,0.4807598324399006,18,27,1,0.3532150626583618,1
252.5087896319478,125.11835265822728,0.6230496232727792,61,14,2,0.2849380339580607,1
3269.71855333748,157.1252185660873,0.9579583341301507,23,23,3,0.9832366937710705,0
3207.2584500116477,123.67740525126776,0.3703543219135874,64,37,3,0.795027990425665,0
5160.57470805101,54.87119509729751,0.33956311550266693,51,2,1,0.6002466293456505,0
1272.031740217351,6.246533281808498,0.37719190306732886,49,7,4,0.40622151394005035,0
653.4646289448432,201.40059922517187,0.3189751071257654,76,35,2,0.43964046490764985,0
4351.659894434428,239.92368870473445,0.5408569574651642,47,6,4,0.6694798849729213,0
4875.957099825328,168.4581830408256,0.29972752154698734,42,12,4,0.9296582768189662,1
4328.282200954867,177.66137549724615,0.8365099438525748,31,32,0,0.6760598270901604,1
3110.202552021691,90.98261255188234,0.015890610446742337,21,22,4,0.21354079684591076,0
3793.658814110203,139.30013501197206,0.19699979938155388,36,2,2,0.1501740048573459,0
193.19400475715588,171.60376200398878,0.4428607900326307,29,38,1,0.9120876819905823,0
5388.539280840685,72.61977257132929,0.8900818577429146,31,32,4,0.7894553499361087,1
383.2853219470026,189.91820229734893,0.9249407668534629,56,11,2,0.34844180296491534,0
908.2914266161129,232.8683723742308,0.4883166020842079,48,17,4,0.08964332055063962,0
3521.6704521588563,124.17800309478676,0.7872244454177152,57,17,4,0.08594217804419291,0
5180.868207092965,75.85250476739527,0.8080900738347546,68,22,1,0.4195035707652538,0
2187.596465605414,234.00323953439528,0.4426778945926476,34,2,2,0.8061239842493333,0
110.21876130671535,37.159151465365944,0.07473151077317186,56,12,0,0.1457887731555897,0
5928.725125876596,261.88751749664516,0.4720377609002594,31,25,3,0.937266547274117,0
890.1178788410207,261.85974494943383,0.8599202953779171,77,5,3,0.22297312989478857,0
2136.1695968999916,29.63752655150268,0.2906590597454697,53,22,3,0.9287848180723133,0
4570.538339055099,132.3709729670124,0.09150432792805774,31,22,4,0.31350634225446494,1
3730.6699435614173,205.38032118768308,0.44392572644028594,32,25,2,0.38881447420412785,0
3187.4348767310807,175.37360627489684,0.27872049018571965,47,17,1,0.3402778274004902,0
5468.063541701631,161.5312331111947,0.06460795475442982,56,10,4,0.3018630750609197,0
2245.125038873508,34.12122400897645,0.5316066470721648,36,19,4,0.9181674549937955,1
2044.9691951823038,133.91862344011147,0.30996466449379034,79,25,1,0.381521846091446,0
226.69625270021675,9.01794292105249,0.18381801241921247,24,8,2,0.5547612327171099,0
2349.9940947625555,99.90969329078793,0.8643470093545131,48,14,2,0.3827083546596013,0
44.661503970282666,287.5921717079513,0.7534081300388472,42,21,1,0.17463204325587678,0
2101.736329745688,215.1000400854123,0.048492985701053315,56,2,1,0.6142518278191832,0
3688.565402518127,5.588955868348677,0.5945062226925241,24,30,1,0.37023857190225573,0
5703.467274345982,114.53177665173051,0.6954198368807111,24,18,1,0.2736275985699944,0
718.9136163088078,22.364367150940645,0.47078638694485453,37,2,3,0.2629209828656044,0
114.64493473146284,279.5117710218118,0.1207196678444743,77,25,3,0.4292442191564797,0
476.57397880140627,289.6670324557429,0.9679413031494252,42,19,3,0.23237117375904381,0
2951.14430607603,116.42345040385324,0.1828378093132199,37,26,3,0.7894933004420218,0
1381.1242256782582,115.81169603750148,0.3519142175273685,33,10,2,0.3103959139777335,0
386.538456084195,35.350329262143354,0.38770745246199656,60,37,3,0.7945281288674065,0
1069.1234127373978,42.830367043788776,0.30274361802136573,60,27,1,0.7183859605690822,0
4693.509628434803,160.71307895581788,0.5684492868268506,47,18,2,0.6235609869949922,0
2556.850095929777,266.6294372860743,0.38790397203818683,30,8,3,0.518575324086115,0
5997.7099688705,13.267480248472541,0.46248369761232777,44,39,3,0.9267695433958596,0
4725.922518547006,262.0644124535569,0.8060761626860606,75,20,3,0.18873435395773408,0
917.1826704214125,84.24579184659677,0.7838327450807486,38,15,4,0.5059805094076802,0
4648.573258281347,238.03450560743207,0.3060935184665894,19,11,0,0.583279647201862,0
4132.252022812729,177.8422507013473,0.48098217135173593,22,25,0,0.8710204908873396,1
5290.729501959221,154.11565727258926,0.11428102387288175,55,35,0,0.19470027849028115,1
1896.459724818647,237.75023862938838,0.4974159761864426,44,11,2,0.9330824194248415,0
5319.030623759854,269.4897444792903,0.7888365136270042,40,35,4,0.8334549165122502,1
170.91708255454554,25.931731475609265,0.9346728137210633,34,31,4,0.23651346350670766,0
5941.217986827833,47.65780208699578,0.8962751271430873,46,20,1,0.5057913925416831,0
3694.570284925833,210.6647098473189,0.7083016301957483,66,21,3,0.45523625057820316,0
241.98806010529597,160.51024634453665,0.41144117185505646,77,23,0,0.14055570627245595,0
2453.132405432015,225.11119302735187,0.9859245536690735,46,3,2,0.7195877325946413,1
1222.1282048073729,252.09096483843769,0.7131755815964036,78,34,0,0.8980328286394288,0
3133.393038022001,152.9373796692561,0.23812948501588205,28,12,2,0.8809440467833358,0
468.4713245890078,120.41914900437372,0.17747758246790835,77,9,4,0.9099614137924298,0
3896.896973403379,98.63451905697066,0.3551088609262837,68,5,1,0.389150709074052,1
3456.4819027846092,143.07494562316592,0.02852754795067336,37,19,2,0.11009234828640968,1
4725.991848632631,85.77671301293547,0.7064521133590834,58,36,2,0.20422031551621211,0
3084.63850812322,220.375805396692,0.6633460681144903,73,37,0,0.9414631878389771,1
3549.193676244778,36.27447819945003,0.13035114931166447,57,22,4,0.7777891522313876,0
5340.400794456439,162.9606507599309,0.03255502329741211,48,21,2,0.7927798269620672,1
1118.708952897914,96.1308318142685,0.8774192279364448,67,5,0,0.7949915171887646,0
3008.8809405962666,18.555332778229563,0.1330942369831868,56,31,0,0.20448362790850438,0
412.7267662826312,236.08220917141384,0.33688550456087374,18,15,4,0.32364857479057496,0
3986.344935803147,142.80926373391003,0.40907850973813764,67,15,2,0.5621875191556731,1
4151.78742851783,265.7030927051387,0.3851904065071039,41,32,3,0.9015723318557226,0
5627.666654360322,272.7065970808503,0.7842387792971232,31,5,0,0.8109215754299383,1
5174.261085334781,9.862405617401194,0.41256356450684595,66,13,0,0.12724266071941404,0
5022.937132356663,204.36330709485773,0.08958303022016734,51,35,4,0.4747887019998964,0
1468.3736522343875,131.7258563992013,0.8703415876915604,77,20,1,0.7300404725787922,0
2192.323773359439,149.53846094592174,0.305219289746799,67,37,4,0.08675419072209567,0
1290.7510030375954,168.70771375276752,0.8680362681524175,18,17,3,0.1589721755582162,0
1401.9352957685921,163.7485230098675,0.47307577292164704,45,4,3,0.16406979454105242,1
5795.704536147568,37.78625161185589,0.3928954997964036,46,9,3,0.04727926571413743,1
1388.9741595540265,183.59869508422213,0.41200598752267736,69,12,0,0.7760968652098978,0
5336.544981838432,142.38847404399507,0.8222301140823446,41,13,4,0.750049234674435,1
1605.8824694314537,298.9294076930386,0.9496413660255073,52,3,0,0.8873683156004432,0
1340.1079778610635,254.63321834230368,0.10972406296350323,71,30,3,0.6514970474721516,0
1162.1561320278302,277.81173220854777,0.5490243273951466,78,29,4,0.543127675858064,0
3475.604638680699,11.562795884429933,0.2857528969723059,72,6,4,0.8202803805282505,0
3341.487965645742,62.56613355884839,0.020556924948380573,61,24,3,0.050005072761311053,0
4323.212964999623,145.86431686429876,0.9448343435241625,58,14,0,0.685364280483848,1
4090.330520746552,168.2082304979884,0.05790406144963833,21,24,4,0.9302881839509504,0
3112.77291676183,24.297280591188585,0.733324331755829,58,31,1,0.39472672233072126,1
3060.810911380021,206.90986983320053,0.07112892961831019,18,34,3,0.5821385048177379,0
5741.835730801873,287.491888146553,0.861982347521823,50,22,2,0.7164647421808603,1
2868.6812550857207,278.8414454403621,0.9778693670310037,56,29,1,0.972121494469265,1
2054.2689433515307,287.95901257227644,0.2671698364573776,47,15,3,0.8984668217506727,0
2314.398523939763,132.98878834495162,0.30930593651011196,53,10,4,0.2487994901077175,0
3864.416958338722,232.88824274054824,0.704422815732584,30,19,2,0.4692018243802558,1
1232.5876439060053,31.343114696979345,0.9516149989906034,55,17,3,0.7376472614613192,1
3029.8486593970947,191.5235096125148,0.7586948549537644,32,6,0,0.4764077163231877,1
4603.068062537997,288.66589492058404,0.6372044086012925,54,7,3,0.802367472271501,0
565.5479718863639,16.834147921458253,0.8272294112859746,41,36,4,0.42762736293039294,0
2193.245087766932,41.383855714696026,0.09984978651540122,49,23,1,0.7581437191461206,1
2088.24839561316,237.0650690504669,0.8140656251971897,42,2,1,0.885698921392523,0
3982.378265812008,97.57198282423309,0.3073818035315161,48,34,3,0.8131927891772293,1
3086.8691178013114,24.63698769748409,0.2898620557822206,37,22,0,0.22765289441941772,0
1434.7218021337296,84.28160620282841,0.9173696324278885,67,8,1,0.5438748431933328,0
3103.6791067839677,2.0542039149684777,0.9274912488144371,79,38,3,0.8637484787160074,1
4203.266885029074,50.31539423013472,0.14913284608810562,23,16,1,0.9127421670423882,0
5085.443637674225,167.62768241737118,0.7632484424092977,56,20,1,0.4148576287503104,1
646.4853446473238,189.04262261467332,0.7059006942953181,54,27,4,0.44615581237672264,0
871.7229275010133,265.2051702889437,0.3621101683013066,61,32,4,0.06366394665976793,0
4425.267372996473,236.61611338466724,0.7724070264431094,66,33,2,0.9255588552042155,0
5723.050436546971,29.31432228196624,0.953968364589621,19,12,1,0.1850676536146496,1
5094.073997925403,55.67870225559493,0.04658993023811653,37,11,0,0.33346833345132476,0
1264.8637504091569,125.02252116765086,0.9888230181520844,58,34,1,0.6957035519468907,0
1120.9675896597153,177.9367120802635,0.6895429841855631,23,18,1,0.7054195448320668,0
1056.0682108887083,265.30125227651456,0.7574895397257916,60,35,3,0.11770597095274449,0
2214.804153473382,42.56119556835159,0.25746525675346155,39,29,3,0.767779428178095,0
1098.023612280059,33.119524106884136,0.3089940721903933,27,2,0,0.986419180842812,0
5521.278089596417,26.834511138657035,0.43355844795851095,73,37,3,0.938657513017906,1
3608.2596934562275,18.88973517758219,0.16495140327183344,57,19,1,0.5941756473277745,1
3086.1937280801985,49.75888915329166,0.7406716074552031,75,14,2,0.5573295057033694,0
3911.2649114684173,291.5973133849143,0.16493638850785552,56,16,2,0.9701718902249498,1
4821.180506273364,15.65301085034918,0.06678486668988703,35,37,1,0.9655957747970225,1
938.3260017650922,235.46045275852907,0.2734206215363977,40,26,0,0.4034771352851102,0
1703.1701458206228,210.30520145002677,0.9557625652245928,31,3,2,0.6339363155879901,0
2001.9056790976076,156.60018838457225,0.30657085226441083,66,28,0,0.8412337856562171,0
2986.8472833717315,43.58428643834543,0.8009175993795788,45,24,3,0.16900596981111005,1
5630.621225840321,245.74677499623914,0.9489626599000793,79,25,3,0.31059917108764135,0
4298.120895859228,256.68763128311895,0.6530105013263089,18,31,0,0.005214551649458499,1
1349.9858568339855,56.90889969870315,0.07482744441508127,56,12,2,0.7761307068441855,0
1829.328367254292,263.5617904351888,0.513687930910702,68,17,0,0.5534844726978964,1
1263.0936575386704,189.2373667614179,0.34554108548131024,73,3,3,0.34738405560564556,0
5936.6092241541855,82.19483417501726,0.42809143421208085,43,18,0,0.9066708906758385,1
4481.547537937792,240.8778378584224,0.03796184169278605,59,26,1,0.1448945048643634,0
1244.7003832817902,294.36402312000985,0.40847864491255237,22,36,1,0.7024086871449463,0
3109.3344680103614,265.10448972145224,0.5819192899212999,27,25,3,0.5589016981751471,1
342.6427659960095,112.87855738482587,0.5863627716576394,57,3,4,0.8444808256061836,0
840.1763487227576,230.72687661802527,0.3962724313051952,56,17,4,0.600096168908546,0
1084.4080111434937,108.45799181861753,0.10899693315559422,67,3,2,0.6022440067835889,1
4307.3599951787955,150.3422583249327,0.6477858370049034,65,7,3,0.3411530783027944,0
1939.3128833973792,220.68809379520013,0.42860799448391684,53,36,3,0.9751668303647681,0
3015.5078428856964,132.68068512120928,0.9142063154038107,49,12,3,0.7723354575214115,0
1642.1387807275978,297.18326618544245,0.8569519372641321,23,8,1,0.4870579988665401,1
5678.706035740603,192.079142692761,0.3578879442189834,48,30,3,0.2087659513147937,0
48.65603320859377,183.39056787488164,0.36412516530037253,39,11,1,0.19418682648826424,0
2619.3607934160027,76.12335794427791,0.907602208261979,41,36,3,0.08656504322723957,0
3285.834961717096,240.18104429568754,0.23961641053090021,77,12,3,0.1880659069740127,0
2862.720913711422,50.696709988314794,0.03463837085829957,60,6,0,0.19650890299241475,1
1442.8495291454756,1.959405028459149,0.009972196945631562,70,21,2,0.4372331878945277,0
4752.899047851479,234.45526520049157,0.8021748033819065,37,38,3,0.33730933775052174,0
4036.8122584688554,246.05203293275017,0.33868769175436475,34,13,1,0.7721877488851916,1
4144.380349052952,286.4657138556605,0.7341914846223155,48,9,4,0.22575423136741157,0
1914.343699886057,63.88376956678384,0.4769179339214964,28,9,4,0.49516912557470927,0
5846.072333107877,54.04579827262648,0.11121746191708459,64,36,3,0.1518153225149943,0
3741.7658347555916,77.72515845673703,0.906801744483188,22,21,0,0.9268376894144397,1
555.8968247951678,168.76241323861353,0.8534603800861138,51,17,1,0.23810412664618363,0
2837.684219233363,294.30999231430565,0.7638260834265959,43,29,2,0.5356181478020234,0
2797.9784548161997,49.04644149389551,0.7253442656923155,53,36,0,0.40804111590371805,0
2200.575286149702,44.0548054253351,0.12017001322151588,37,6,2,0.5749633264032101,0
5107.647285790975,16.31772432440607,0.713176633118524,24,14,4,0.24817680728478353,1
5381.604310737572,20.05454938840019,0.8542902474952364,36,39,2,0.5544476206402537,0
1251.9608211302345,41.30958335243356,0.6222177940593515,32,21,2,0.04824371222769053,0
5949.900349008485,45.83613865477425,0.19593272387766192,73,37,1,0.6808870067273801,0
4766.9567960975755,74.29846564484035,0.011752319905328545,76,17,4,0.4323330723694667,1
1187.688695886533,78.03574326529501,0.3099259340267433,18,11,1,0.11743347574292207,0
4555.533830260891,248.0245439729903,0.2903198214082745,49,11,1,0.3540348875242947,0
126.63435857989721,13.738318939217741,0.8412484635822062,73,38,2,0.0067548596987832,0
2039.7455382473863,257.011470146655,0.10270918162631715,79,3,2,0.0031078141245320934,0
5100.093392657207,101.74792640511059,0.8074250502973481,73,36,2,0.22806938983405334,1
133.34673888672046,85.14621379484758,0.20121590078792329,65,14,0,0.9792385935086548,0
5386.289967414728,140.7123044655806,0.0424741150146174,57,19,4,0.39990690152517827,1
4443.800964084208,134.47616888325524,0.9884980916901775,58,16,4,0.4930728804432626,0
3781.5011599768145,111.00566883228954,0.38683876028273834,73,1,2,0.22459430574182915,0
242.58470997866974,18.946849760378182,0.18498051807392968,70,29,2,0.5212986105751445,0
4292.690775053945,48.80815267879491,0.3965643194694308,63,22,1,0.03536750311939796,0
4207.9701231103645,112.79088967380156,0.3514912627693788,21,34,4,0.5052223567031735,0
1620.044736194688,40.25417484222312,0.33896018373598236,55,2,3,0.09705136704615858,1
3032.1279326823383,85.66699773146075,0.6338693089144404,20,12,0,0.12098251511028857,1
2848.46902847471,225.63012871280978,0.7377134460760388,63,39,1,0.7897617995473475,1
4331.025501865784,124.91133444113733,0.3339660918762444,46,17,4,0.9068342909205116,0
2488.538310359167,110.82901283419932,0.8313530160971971,76,14,2,0.8878546946245446,0
4611.776637299073,135.29160709163247,0.6443998096361088,20,27,2,0.4033064366270831,0
2467.5123046977415,268.98928952339475,0.9413508304971461,22,6,0,0.24326544341011447,1
1861.5782002522697,192.91269667561974,0.4102196253016318,48,37,4,0.053371178574908695,1
4959.917452020149,56.9361817679399,0.9658614687360753,69,15,1,0.2135465156010482,1
5264.357213615282,243.88933913534672,0.6165973279591492,63,16,4,0.5060770302874253,1
1749.0178112738934,257.6287219572602,0.5655257680368787,51,24,1,0.9884507394795604,0
4309.548233582699,32.893180994628146,0.10485352135612569,62,18,2,0.16291505514332594,0
5654.143471964889,184.9349962658216,0.20359709003981086,72,12,4,0.8912855249381364,1
5383.422038592799,99.89321681254489,0.023615918469167108,34,18,2,0.373596124927276,0
5040.989706120681,183.84635483921724,0.39644610829732985,59,22,1,0.5276493115405583,1
1571.7838138662958,58.767566594568365,0.8456112018175089,20,3,3,0.04694547718542308,1
2749.862267000465,226.4634411386756,0.3374772636405692,24,34,2,0.8312319902595238,0
2995.361358427153,259.11648389007524,0.3772098333228331,38,33,0,0.6790496137385568,0
4152.049726901503,193.26606005445964,0.9178133426611204,68,9,2,0.6650511971200724,1
859.5009258592979,16.00785433820007,0.07972588075213727,46,16,3,0.9610571673293871,0
98.2922417198898,113.25823034876267,0.9294128652602881,76,34,2,0.7899342407166473,0
3316.7022065366127,166.25601467669443,0.8823497435689482,63,35,2,0.7388644171837259,0
3029.3590751392235,51.39845282549062,0.9619622019401282,40,19,1,0.8814086800401754,1
1021.230547685127,210.54342545150203,0.3173891899596789,58,24,1,0.6916071111377996,1
3563.3692973456086,122.81455742243872,0.7764563582465275,44,8,3,0.9925083893850039,1
2196.1869764190465,48.53168901599558,0.7431521697379211,30,12,2,0.5712699866513578,0
322.7417482231364,108.75846822449931,0.5762100935207481,65,24,3,0.15303396970711514,0
2588.9771401711414,136.5976550486182,0.6896242978689401,67,35,3,0.9955547496840347,0
4664.016573388315,263.0616677457111,0.793961783162506,46,15,0,0.5891114176771,1
1635.28037865965,47.903226364923114,0.7110242229855709,27,8,1,0.7571721880849924,0
1353.8050985545947,288.3833982871066,0.4512811066434642,65,17,3,0.8816392346384672,1
4632.911244677306,144.5527391061558,0.1883843670766413,73,35,1,0.15595263704090445,0
352.6243642746377,249.50390924143232,0.7183102675857524,44,11,0,0.21625941377077418,1
2650.554956052819,246.25834516822448,0.4893622058190875,44,35,0,0.8859811247671563,0
4982.041594497929,41.88221150023862,0.051665939921625936,27,13,2,0.04282689406886209,0
360.4734247498135,0.4810919745782405,0.060473995448915185,53,3,0,0.0728774714100433,0
4398.258489284111,144.71940970610683,0.23157891905434436,62,36,4,0.4330434622346596,0
3642.482932494957,181.37799726842422,0.054320106528070955,32,21,2,0.5519508695894914,0
748.3025960924573,204.00065841074698,0.4738032905662801,67,33,4,0.35588939265568664,0
5705.588653710129,84.35619082721088,0.3846955390128428,28,14,1,0.25836820799829086,1
2370.17601738493,287.6522653700348,0.18386631642939288,28,35,2,0.4487748490982565,0
3110.47250900553,234.82095020152437,0.27036769304264885,53,25,1,0.6677443726571836,0
204.03819331766474,94.24091856271843,0.3174577109937141,51,20,1,0.8718462996181775,0
1052.1864208160275,135.34205597571685,0.5295808530886082,18,15,2,0.4257552481764382,0
1183.4170517582872,38.193098202011036,0.7122368004790434,43,14,4,0.7865653126691305,1
1382.7928531201524,179.10390287179945,0.4634392914762946,45,26,2,0.862659149434799,0
2423.498788531403,275.3596835985753,0.5458977391401012,68,4,3,0.8438763251706035,0
3557.7731928180174,20.728813086419496,0.771369020621869,33,6,4,0.15443972429156105,0
3823.015182136509,182.23555075597017,0.8553226151379767,52,32,0,0.14512232831205574,1
4016.7272177187324,155.7425278963767,0.8376381342200346,75,24,3,0.8469230846498532,1
3126.9302957573427,116.0022091673949,0.46856482070526706,20,38,0,0.18046943997575904,0
3538.8856445269626,181.96910152670526,0.14700539881707175,62,37,2,0.8343899565954892,1
240.36938689809736,12.11610158332379,0.4716633353985835,34,15,4,0.11399625040345784,0
3874.1226315168774,42.89856944533691,0.5908970805706297,49,17,4,0.8377139624845164,0
5534.291673217535,163.12216590635512,0.10030586672448627,50,34,2,0.048022589879121225,0
5186.987749478909,98.02075627834832,0.5234586056930111,24,25,0,0.03199616713516651,0
3151.788537714811,58.61859707289575,0.40905707741596875,62,37,4,0.10725542064870563,0
5255.4588670511075,264.95966025032556,0.3355214716556193,19,1,3,0.4726797057476434,0
5290.153531325261,166.25120027363232,0.6257116632197219,66,8,0,0.9164690380032858,0
3508.54674931214,8.435435532855484,0.3005627764408143,51,14,3,0.8807079765460214,0
4282.717851413689,29.172120030615712,0.9773599920619612,19,33,2,0.6318013357445152,0
4694.332261040151,286.2842931595888,0.6422752791609312,67,32,4,0.937488202108746,0
375.5469571950709,230.33781132986059,0.12589151068297444,26,39,4,0.6864033392533216,0
2085.6222412037987,17.495869200702185,0.9496265470128549,25,27,0,0.9002780380259616,0
4701.045870938073,126.00068474870454,0.5398387903228787,58,34,4,0.604273243207086,1
5326.0339403437365,274.47909972417915,0.7048360346612881,36,25,4,0.7238181579410179,1
3176.0426733038607,138.54451971869503,0.9836785605518163,46,33,1,0.9660117260164963,0
2659.2418811374923,206.30922094726637,0.8877025437645246,59,8,4,0.6408847047170294,0
390.3830644652285,200.33546116679963,0.9647566369686544,32,30,3,0.9692106872111299,0
1753.3387561142422,278.89731193578183,0.9962501335685214,35,26,0,0.7874275240722293,0
1154.4113189736138,106.87880755841798,0.9743546273023131,45,5,1,0.2046316187209044,1
2407.939792413252,81.02690148471112,0.5087151627802795,31,23,0,0.875681765865275,0
1967.8201214239118,158.01551156992883,0.44777963463831794,26,32,2,0.7578498683079183,1
2675.709395063776,38.94366264156288,0.9081256089764574,32,3,4,0.1619965342505697,0
4386.623850843305,84.52682887283056,0.5377383241389743,29,32,1,0.8211342124931598,0
1377.3248008523578,83.67584179743717,0.8062540830218682,37,8,2,0.17315817307546244,1
1639.4936755697975,52.61741370399777,0.6969634497464897,33,4,2,0.44424521482624413,0
4283.724957515915,49.34359196882101,0.9602021638462219,79,7,0,0.3131927066403465,1
779.3894508124383,166.10683161788913,0.04682572291053655,60,4,3,0.892565648240645,0
5102.250098063715,99.79885072200773,0.7949044880248268,59,12,4,0.40947819128223506,0
3341.179020747223,10.95416864655937,0.8316068779908703,53,38,4,0.5129780552494478,1
5027.434081800192,135.10990964423365,0.45853464744239125,50,6,2,0.6298386083756794,1
5959.351212601803,187.2933042939374,0.17543273007128235,18,18,2,0.779568496023332,1
2065.671629478732,260.16304393818785,0.20582089696332806,76,1,3,0.715205988582488,1
2632.8316801635287,192.14834168368216,0.39512598630874485,63,12,4,0.7985252587772006,1
4123.762821898367,224.42979081199223,0.6860514411301554,55,23,1,0.503823039132017,1
1244.79504494898,153.00128633628404,0.09972136648822749,74,37,0,0.2178036478528409,0
658.3411883602954,239.82799338618435,0.3354565393493405,65,4,0,0.5526179314297677,0
782.6659711048726,233.10114591435772,0.3868982464699223,30,35,0,0.173104258223705,1
4065.1038499248,252.3957830634545,0.1050508006832006,23,14,2,0.4700046394048131,0
1180.0431019742882,265.56839844877743,0.1953695765172736,26,30,0,0.8033420484942706,0
176.22391912649474,217.99259084941457,0.5325703490124626,37,21,0,0.017160422148078336,0
4835.244803044512,46.21921458101652,0.5808076830940969,75,4,2,0.6951364969388171,1
4175.556878783196,298.9281723293717,0.6481362012205755,26,5,3,0.4500410842725684,0
1795.075448118708,79.56316069444664,0.20962491777177905,22,9,4,0.016090257073800296,0
5086.210365961728,281.8312866276633,0.2649809505716916,26,27,2,0.8061437458679545,1
1602.6889594084826,182.56428391562548,0.3582908903929709,47,26,2,0.230843957263261,0
5970.166135699142,271.0197394815237,0.06148258450231725,29,25,2,0.44175978806624494,1
1675.2606789830963,116.9512194717392,0.572790226984771,27,34,2,0.18048940109727463,0
604.9528857871167,166.00470451548998,0.8371650672848326,67,11,1,0.2989728376915629,0
3134.2580527549,155.88304978969424,0.48745051699017283,36,2,3,0.5002120189855704,0
3177.5677117779055,83.69066688163602,0.9059252421498466,59,31,3,0.24084378019513064,1
2371.310093604586,203.23645299001564,0.2031235407630777,78,39,4,0.15528941195172408,0
3410.535631179733,25.971062343079044,0.18274247575304892,51,19,3,0.3628960119733069,1
3597.3998539050126,23.69357555343675,0.9963655053704308,34,15,0,0.7008511937686253,1
5697.627081049205,46.44011469721674,0.3379813364722528,28,22,0,0.1404185331480221,0
625.1190458420397,100.89123618125284,0.33924867058906394,47,28,2,0.4073990388813812,1
427.843365742047,212.6901760811791,0.11459943520213411,78,38,0,0.825619664269385,0
4423.205211882002,226.26113890152018,0.46372262983222534,36,12,1,0.7697391981501097,0
937.4655405511423,28.658656771996515,0.377606233568603,43,12,0,0.023699030421241996,0
1072.9991625793336,5.802275436209115,0.17697573182644144,31,18,3,0.9175317449355433,0
1166.98613074528,113.352358392093,0.059235267760623045,60,11,2,0.02266657109734327,0
4934.347938697893,176.7479763512623,0.9221310319336116,47,3,4,0.13155534013446168,1
4156.881124806158,3.680942008987109,0.9696314156804496,40,32,0,0.5249312443221855,1
5075.80680838233,124.19623735217607,0.6827069054926426,60,19,1,0.14276630913028932,1
3553.3085052909614,63.547369975277554,0.37091981248253747,53,30,3,0.04434946050340105,1
1878.7635198733674,47.50143234559463,0.22610658548589013,39,23,4,0.7074704016974642,0
477.7804605450351,33.73255203429074,0.8891393099590941,18,16,3,0.4063932464496297,0
2129.7791091578692,226.4948598313979,0.7830740673575759,31,9,0,0.9922149790404883,1
4820.793141548326,278.1851876002103,0.2215207937828716,31,27,0,0.6106564540276718,0
3608.7378509965633,165.5758758358614,0.7797127061444735,37,19,4,0.4018319379440557,1
5509.5372721815365,5.077262632673262,0.2107110827043953,53,10,0,0.1385705068142985,1
1640.3952893566347,73.42293296324881,0.6731097715836006,38,22,0,0.55101777103824,0
4762.465242921227,9.833505025038292,0.7711410563992943,20,39,0,0.9938585337905214,0
4792.941719813909,191.4272218193378,0.40470103683834624,70,35,1,0.8323466461557434,1
2156.123442198188,18.763019145427496,0.47697326981960664,38,25,1,0.25050010717870475,0
3763.630786858616,83.28407719199114,0.6776067391244958,34,9,0,0.6585639522586229,0
644.8354420389297,14.161357163670852,0.8106778428195418,34,24,0,0.40213447157136273,1
547.9246905168076,230.85076761718892,0.19871692378960282,68,12,3,0.2830000091091338,1
1233.0357265450582,187.37459414316737,0.7293641605110712,18,16,0,0.3029939142811069,0
1322.8444160167605,133.82414401959602,0.8088906793786103,19,22,0,0.6513674725390955,0
5674.323225248589,275.75339843109947,0.02017972775415655,38,32,1,0.7065667937866426,1
5915.297434130105,176.9258053118227,0.7874184223044782,62,29,2,0.6128968970755659,0
265.66597562191424,206.27176695017073,0.7718274734830584,54,3,1,0.6021856105491284,0
463.7755204410555,18.098206614077206,0.1104242400969524,57,7,0,0.4423351919134244,0
5132.323726572161,179.88154622863343,0.23256107388197556,28,10,2,0.37307789711674477,0
4312.773322562108,271.9922765193768,0.04620530074503215,59,27,2,0.5823544757380034,1
275.3496196592119,33.568650022936296,0.017100293442156134,61,34,4,0.4467150523558068,0
102.85153561262588,186.31038679663763,0.3999838479398159,27,24,1,0.3200122867716446,0
617.0277305645375,282.9685328242035,0.8469601471921211,38,16,2,0.28533161994601086,0
2052.844997136344,129.60862640476267,0.34260940881588264,65,33,3,0.24080843324840184,1
3149.726015047903,161.4943054639947,0.3888760956905495,18,34,2,0.172498317414309,0
5122.9275414782105,154.2368409547888,0.3603932005238085,69,23,3,0.3297087740454976,1
5140.980282180916,209.04419496751171,0.9432485850839054,30,12,1,0.2857151300141094,1
4766.563491441151,237.38120923036482,0.6042808907322337,75,39,0,0.8476105525315533,0
4884.1530852933165,194.4467054010567,0.1257251381682094,69,8,3,0.9915473789004489,1
1799.3742326063173,24.42488473327058,0.13310504725905803,63,7,0,0.7205574887438604,0
3731.5609242270225,15.679191493776766,0.6957947960781214,45,15,3,0.7687660798150514,1
5981.93950509094,81.97876049937989,0.2637635737855686,36,23,2,0.5516890934946406,1
428.75395709208783,242.62654758929716,0.8336461142080958,78,11,3,0.3492914250941658,0
4455.934780308241,93.77242481107133,0.2221252040667001,66,32,3,0.0921019511762926,1
1837.5394393231613,261.82519076329766,0.980354688233538,40,25,1,0.8946444873652245,1
5773.212094552328,261.68111264156005,0.4310514641667209,60,22,3,0.4970755308171678,0
1119.9897256281329,89.70902506190812,0.9027947333318563,51,34,0,0.17071526707499118,0
5659.03426939159,76.58554654863394,0.4733891405163907,50,21,4,0.984282927009423,0
4171.390657797465,100.33101196650294,0.6057767445934267,27,16,0,0.015625153499205124,1
3091.2979129211085,88.07458295806994,0.08830805963744348,52,11,2,0.48406362048411244,0
4144.255270871507,151.5310760458349,0.8548316439005648,29,2,2,0.34142103621572006,0
4595.5000024128985,57.77200611859767,0.3744667534234656,22,9,3,0.7501288260444088,1
2852.195444931899,287.82315988519633,0.5580672902326199,50,22,2,0.4382391290244082,0
5148.779724373054,34.500568632425214,0.07174407088376,61,27,0,0.7223993116482319,0
3216.0604630820776,66.47949212569183,0.9539200746824829,79,19,2,0.33664301047862555,1
4041.127739607915,20.910299160264255,0.47714984153744777,32,1,0,0.05678849925764606,1
721.0154197370597,246.9780222947109,0.2601034912752054,48,24,2,0.4442324973042334,0
2706.9036656074804,205.8183012148464,0.4922567121136079,69,34,2,0.22890718277837252,0
5026.362595619837,126.64269987330266,0.32455454526281247,35,6,0,0.5530527909346165,1
3831.670682887081,87.75567171912606,0.006125718925159229,24,5,2,0.6064594582784515,1
2627.0452074266705,69.55448397043166,0.4090085743212992,38,5,4,0.005915179916475055,1
3725.5006674383962,206.82372358946657,0.07860008902915228,37,15,1,0.7656210561898225,1
3312.9622297040955,112.65137436084345,0.2770916150354066,66,2,1,0.6876461134996323,0
4064.624516781816,38.39739188882444,0.6055650745080104,42,21,0,0.9588718629657331,1
4999.652557155415,267.15162235544705,0.45472128985578597,67,29,1,0.7152561315563422,0
60.59254103792429,217.01675418163143,0.7540911195483356,29,27,4,0.4161369434977945,0
3247.4380110371994,89.15819739186391,0.5950067092911127,43,23,1,0.08950535533418669,1
2179.682118647592,208.4649445848382,0.1777635374805685,41,15,0,0.6908444861884997,0
4515.970739846208,119.41908784503627,0.7721480597374237,74,5,2,0.6721235517734439,0
3656.873368527831,159.1975357977178,0.18037995636628745,27,34,4,0.05023182716027963,0
1391.8183174657854,248.22996028148756,0.38712050463235825,41,27,0,0.44580126075529003,0
1079.0361871854516,279.5544340865213,0.5205668476410473,41,4,2,0.045653897106964325,0
3891.47990925929,257.9868948979228,0.6187364486770076,44,13,2,0.1644024371992613,1
3867.9908647113916,256.8326331853953,0.6111478454734391,24,6,3,0.1924027905528234,0
4485.394052233994,87.80234266967524,0.9818410613820503,53,10,0,0.6332413513086774,0
940.4784746893464,128.2808850187288,0.3687676662740391,65,34,4,0.12319304494101002,0
4778.636982940324,147.16795503515993,0.37240474366188103,44,4,4,0.9731305276293226,0
1887.0158596239442,176.19721608084348,0.27049867487500734,74,28,4,0.7942165206928128,0
3789.487363782897,56.9526864359727,0.9088053492738862,68,27,1,0.8973837584767762,1
1430.5146061249106,104.00041931193475,0.9316975986402831,18,21,4,0.8655910993544846,1
5493.617610200103,175.14405671133022,0.7503883996367128,42,22,3,0.0796502509853525,0
1502.3606558266322,66.54714204774068,0.9501544563078286,32,25,1,0.8600296475504842,0
4229.37613561089,233.5246522052007,0.858639372094197,24,30,1,0.8179258589268984,0
3455.4864248751255,55.9688411382147,0.7800302179087594,73,10,2,0.6038887592540026,0
598.2616133219333,272.9030991658592,0.9080816153543236,59,31,4,0.14022986815609528,0
5970.409716261871,66.44445315007853,0.8907663679192318,39,22,4,0.5725250336122162,0
2684.8401026705637,67.21330470284516,0.32396964461863753,47,22,1,0.9566746878705819,0
3147.246181738659,229.30663888926446,0.38444515208350116,62,10,1,0.209848200829149,0
1575.200762983609,204.3864604915306,0.3021357710498054,50,28,1,0.7824972362931135,0
5675.947432056587,206.4646061366152,0.40031627201002684,55,31,1,0.49832627897176596,1
3367.924239572959,5.107508457644139,0.23815135228490458,45,35,2,0.08161268747704453,1
1561.9563907693355,10.038507994215973,0.6027373990145761,67,31,0,0.305155294298728,0
2680.0294019275543,55.608226562324326,0.6181363506616199,53,15,0,0.09344324904482659,0
247.46886346339218,15.5008702539431,0.6185306198944642,72,2,3,0.9176955071877029,0
4500.20208948956,245.57990298152887,0.4667313014788247,67,15,2,0.733931927445094,0
2988.7468487147216,296.705369624256,0.1031168859231466,22,38,0,0.23778736589414828,1
4945.165787914653,118.7142547050431,0.979556444581435,78,24,0,0.47906691680528124,1
5093.931145784761,266.9388283451336,0.7386248817496195,70,38,1,0.3614538021318061,1
1162.9991956041713,37.50037703846931,0.5562027142523889,73,4,4,0.0007243713723363854,0
4233.031698179667,201.28538839101918,0.056584756830323046,76,21,3,0.9769930911588237,0
4010.8203245847963,254.29991648336124,0.6891787196931798,41,28,2,0.34256102817875456,1
5069.84524683742,101.32534739451702,0.6656703161847958,45,1,2,0.818265808419172,1
2020.7054834498417,268.53908530873406,0.9214038003910127,69,19,4,0.7961011135076422,0
3503.8373134301323,112.72945255757278,0.8693595930140553,47,4,1,0.6980693203385033,1
60.14557449746531,87.25819127400564,0.1593577010962448,51,32,0,0.4607043943471636,0
1846.4390089255346,102.27581401042066,0.9757997077094197,26,38,3,0.9307989296566279,1
3151.8978407426926,157.8438407205871,0.8965035628304172,46,32,3,0.9040518687744259,0
5079.040534907726,35.662296497167304,0.3381591052306474,66,1,1,0.5730747266913518,1
5206.422725850706,116.397523167116,0.07112686350204789,69,9,4,0.8165876602311388,1
1308.6389548482512,94.92087981728594,0.4885539150412874,34,34,3,0.7307955584606615,0
4333.8807694274465,98.60959145185325,0.8628266243759876,62,7,1,0.2703520046715293,1
1140.2753360517274,191.52262277678594,0.09409199038768745,54,4,1,0.19414678920914674,0
3125.979159494013,161.42061324956566,0.2930703787241816,72,38,3,0.7993858636218989,0
1020.8612755371739,136.82407567087662,0.9179017800296152,38,37,1,0.991643727430123,1
2040.6583258387095,12.042941971935939,0.5671040583735909,24,17,4,0.050059215947475644,0
5732.2030934810455,217.68544487147034,0.025194441915143084,39,17,3,0.6271493425071526,0
3772.3929021256095,130.53888602483335,0.6853777767856217,28,2,2,0.5211196844007598,1
2351.4904065158316,162.4091681094783,0.9078664023077799,43,35,2,0.7843802674099162,1
1857.8669863734578,36.86134502344226,0.47108941051640796,53,9,4,0.17293374496943148,0
1649.0133915527463,124.65079465407058,0.996082947722907,77,34,1,0.4384798110119119,0
701.9690278477698,219.08130177996753,0.36971552226911564,36,18,4,0.4562074176451606,0
5271.2073415194445,236.46453034784543,0.8293354230999799,35,16,4,0.5074314633354208,1
4022.830955255403,76.35098876485208,0.7200234869089762,55,35,0,0.19895455882966906,1
1145.5108013600247,195.96063857124204,0.6794686674914937,23,25,0,0.27250499179793,0
5372.191651419177,285.11328708672795,0.20046564247227483,59,4,1,0.9478196403925839,1
5511.845347157865,172.7448463931348,0.4394504558282625,45,24,2,0.7635433546030709,1
876.0220750396031,200.17123374128641,0.7401679721720243,28,9,2,0.06687664145353334,0
2304.5017159079384,97.86498141558035,0.12606115910609705,63,1,4,0.5420653997798891,1
1491.0074528161072,254.87529082959728,0.2527143718442988,77,13,0,0.811113440471724,0
3281.4123047276425,75.88564561646555,0.5133285852082196,61,34,2,0.4047318741597907,1
4080.307936571485,277.1971882968631,0.41136446086347433,57,15,2,0.3471154511159463,0
3448.2933009601943,160.8090446049986,0.6469637818430659,34,4,1,0.9328978453231538,0
5502.681279739702,111.05614271436113,0.4635203828962797,53,19,1,0.4190828043381635,1
2304.672053664878,240.67201943544018,0.0006406183526068698,19,34,2,0.9587743323392824,0
3202.32314455005,171.76109989000884,0.31069513478542665,63,36,4,0.4581262742866734,0
3338.687704647832,6.213232319605721,0.3695727989923968,24,30,1,0.6104949661932965,0
1633.4730671234504,200.93127420034196,0.7113565529565526,50,19,3,0.7145996256652168,1
1374.832006758355,281.96714658298555,0.747954124833944,23,37,0,0.5593500622762606,0
4840.891050283049,223.25360169824893,0.8159700937895591,53,26,3,0.26253820637693026,0
2112.073578052341,195.3854685831429,0.48182290471641875,70,16,3,0.7624304082270659,0
5376.909025217762,193.03595195963123,0.5293987789216195,40,25,2,0.20842083268116163,1
5946.331694950025,244.70223672450635,0.19618053779810518,24,25,1,0.08394646116914795,1
4887.294170712529,297.2803480818225,0.9958579593458944,62,37,1,0.7522801867336701,1
5733.388991847051,50.25088847196593,0.36892237266493644,79,28,2,0.15886607678234277,0
1565.1830577771573,257.4467358691891,0.34219619012176405,24,29,2,0.6694056800227778,0
5151.901298511404,27.65068163084672,0.2678935063854698,51,39,4,0.575175357604453,1
4287.533087236596,281.82497937281033,0.6753076091116079,74,8,3,0.09795077004717079,0
1217.5121321956515,262.6463964570434,0.6728485215129577,24,38,4,0.678709644252941,0
5278.856622594673,114.09021095714029,0.717446007578795,52,30,2,0.8211107687453012,1
5505.436842323067,64.05266170962368,0.5723236852068694,60,37,3,0.8914888050309758,0
805.420347626507,0.7667626946444628,0.6892189386206203,59,18,1,0.24078868414571586,0
892.142842831694,130.92522467105377,0.28709493040770184,24,16,2,0.021849041253383383,0
4963.39698871777,237.48550961759747,0.7933715543470844,40,27,0,0.8888297760458348,0
4036.3554752919413,276.9202461496342,0.7069735898803463,51,25,3,0.7473816336981829,1
5359.6831512510225,89.9739392807812,0.021115563315612373,57,22,3,0.03777600255714608,0
3539.3801529938582,72.01248108087344,0.7994894600145559,66,30,1,0.976565437734198,0
5252.5788817756675,75.2943878243842,0.07433802565643177,27,26,3,0.2754209354227941,1
1207.0515453998325,121.98825530217337,0.33660623768063114,58,5,0,0.8008717956527684,0
4233.593198821375,126.05194294058116,0.7937266646084313,27,26,0,0.5608071125789539,1
4578.977061095127,277.81524441317737,0.5061690832851092,32,34,2,0.9081554558083033,1
703.1054208619413,281.6770399135075,0.3306118831894769,55,21,4,0.8923386442269747,1
4861.843052450044,161.03109129017525,0.7335840426724167,77,9,4,0.2797770586102669,0
3953.823273591811,261.58788214747545,0.71033099903724,63,10,1,0.7746388011863764,0
2203.4593359929263,249.79979394947645,0.9130048745773288,78,32,1,0.10764941580257392,0
4570.001450486789,189.8346814859128,0.6944661651138324,26,15,0,0.7430292061881315,0
3844.5609243408885,135.1334730378227,0.6433213446490755,76,13,2,0.7110320831940321,1
2932.4824439720305,16.100714477198995,0.14820283289177016,57,39,1,0.6337115364089062,1
4579.575930284982,34.043815538776514,0.7778830928718752,47,19,0,0.36097697097105275,1
5487.988702227963,111.39822647529583,0.22049269204815403,43,25,1,0.3885578577120683,1
2568.79049064967,167.8075602014418,0.6597740140512661,38,10,4,0.7109448722911278,1
3446.7112835323233,294.74620723132034,0.13314924676938322,71,24,2,0.8407143254274447,0
2995.7338896803344,195.7865538419702,0.6883533357262202,50,9,3,0.4900857586213787,1
1088.0422959266964,93.5855681082026,0.37495058019367256,36,17,2,0.05573836113264086,0
529.227764362242,276.1939437690951,0.3206032025963559,52,1,0,0.5672259292250016,0
517.2329114611048,97.71919335649774,0.7329595720242114,52,5,2,0.4861816582559958,0
2891.887513377265,165.5380382038927,0.5452868678782943,76,26,4,0.03855209803581405,0
4933.1290726250945,201.18085504453703,0.893283892349564,64,21,1,0.3335333236008219,1
1299.7109935602598,233.35783184848495,0.483691033395784,38,30,1,0.4124250982672677,1
2960.226726397409,216.50332228602238,0.17602887566378944,39,8,4,0.5146451329619124,0
4887.387269413959,282.9916843985069,0.33346285287961586,74,19,1,0.7936717543832552,0
4363.781286625847,275.5953262844593,0.9024139471137185,53,19,4,0.7801336303104197,0
3887.5897840479533,127.20528606524437,0.2316283688181674,36,15,4,0.4463291726885166,0
3843.653148667858,51.093994746559545,0.3338396378258838,74,11,2,0.4300510158755194,1
5363.5338708588615,105.64173488782419,0.3841794749249553,65,6,3,0.12203355850985043,0
2639.6193285481068,106.34641924617516,0.41978700411599634,77,15,2,0.4686850641069856,0
283.67788218226184,105.23752845522432,0.30111996359471505,31,11,3,0.4108747238164583,0
1738.8040032743093,264.6489966554915,0.3015374306481865,26,6,3,0.5965042242665423,0
2324.065393781297,294.0213017430484,0.4162708997995568,79,13,0,0.8061189836193186,1
2991.226647980937,168.38287265822416,0.10761054790497204,52,19,3,0.8329906812577256,0
2662.8915151755605,113.42682003834187,0.936382373444114,67,36,0,0.02860367776201511,0
1504.3264728314798,10.406144904706494,0.48829141304562895,27,27,2,0.8004067801340408,0
4353.11853546558,230.59519050402324,0.45217926722452517,25,12,0,0.33376911522763786,1
1345.7053732164218,271.3395987060721,0.57609586811597,78,17,1,0.0785278883489503,0
4285.093397213711,52.0908610572848,0.22973026751647152,76,4,4,0.3231448097349534,0
654.076690800014,167.77957929638555,0.5925437295510873,61,13,0,0.5447919616397111,0
1969.505214191251,105.56085642115931,0.20187874223111912,64,17,2,0.6543551217308428,0
230.53063722641636,41.75795686025424,0.4988668426453957,47,1,3,0.5977218560719236,0
1182.1876730256565,47.62019593203301,0.09193232003820917,18,2,0,0.9186171475842928,0
1132.1511820301073,211.13318604997247,0.0723390593552996,28,6,4,0.24038055266369895,1
4125.99108830192,222.22067237128408,0.05474111624260514,50,10,3,0.3135929872151013,1
1984.6817565055044,217.0888714409628,0.16435592288912848,58,37,3,0.740426139302564,0
4025.279266232024,257.556829495575,0.36058328166521014,62,15,0,0.7356484532734102,0
2513.8213615776767,158.38844731016084,0.44800095202611345,41,36,0,0.11624679066137011,1
5965.492302420568,212.6898989675255,0.7033901325818378,79,8,3,0.18112233112056475,0
773.2921545792609,27.926856786325484,0.14623001719317807,53,33,1,0.07633108857580695,0
5795.452992272267,91.39558498670976,0.7474451985743523,26,24,1,0.024856630425850623,0
449.7385195034978,290.21599497958834,0.5660871950452234,51,19,2,0.8279507641617725,0
1728.601905383241,184.43896608632593,0.521759369387354,54,22,0,0.9655430629076189,0
1215.0877471662454,83.04730029523134,0.9635523458898837,59,27,1,0.6020981730588361,0
1120.5368206004075,166.49144159169765,0.2874351305011994,78,15,3,0.7974904259831994,1
5604.849052897689,269.2826045154853,0.5013963894356582,31,19,3,0.8610969374570865,0
2252.309577950049,100.28458083394541,0.4291301083705905,35,29,2,0.38772492942115877,0
4848.657563032001,21.392580698829278,0.1969750013832532,47,17,2,0.08424767439497116,1
1022.8921625960766,183.1993149419875,0.5035634546857027,67,22,0,0.3582985646797294,0
5127.476298668029,150.30410236898194,0.08176702693847315,25,18,4,0.04706111381149869,0
5588.248502596588,263.21070883432867,0.020635967586810633,43,7,4,0.13695866889993735,0
477.66664510941297,34.53130038213427,0.039598387015950864,61,32,4,0.6051046306332568,0
5123.0473950785845,180.8394597909154,0.6124146918161525,41,10,0,0.8339956876968501,0
2509.9057654540325,167.39531759527455,0.5170562255399966,76,29,3,0.39375361373610607,0
5208.129011070746,276.6517644491836,0.09548048906221684,29,17,2,0.7881541807320316,1
3591.838993585853,273.03870270952245,0.15614111811256148,50,10,1,0.23493563894878955,1
5066.925301109776,95.94527409740917,0.4154411075283885,55,23,2,0.04827048246609078,0
1724.7652548660776,162.46646173428044,0.13383900374358382,69,4,3,0.7373870611070972,0
3348.6530915309772,121.89946475278131,0.6182801459108572,24,30,0,0.06544894820718261,0
4177.6893748738285,89.408844224836,0.9248949294385739,51,4,4,0.27896602948197013,1
4223.298552264316,230.18576679243967,0.5473202978683398,35,32,2,0.514826798856297,1
5369.224415637323,272.7047562254853,0.10654083459167996,56,10,2,0.7502233939468217,1
1364.1428330772858,27.73842684743616,0.4017166334729647,51,22,4,0.02644860072150157,0
1954.7042851903207,43.06982288245662,0.2536441042248544,76,18,1,0.8538488230720143,1
5832.240765478471,77.61512952185032,0.6889576413030927,59,24,2,0.4333630958070651,1
4148.8774397719235,279.26667315740485,0.4667476887235311,26,14,0,0.686054970423518,0
2580.568138237864,190.36329086308785,0.8300975515132151,53,22,4,0.052697359183095926,0
5905.91081779603,176.52235797946355,0.11072540709300083,53,32,1,0.2428018592605865,0
1188.9623203296928,19.68011112943735,0.8117597612147033,27,30,0,0.29629622840520864,0
5148.0866235128815,175.66931483455838,0.7415272115762495,61,32,0,0.9571796751655378,1
2727.2408174937987,20.757454803029628,0.48162079142299863,68,14,4,0.5858412298789798,0
1454.5669680709245,52.1987768051475,0.23552383527902376,50,29,0,0.05478208314377231,0
5068.053442997604,183.04466478218922,0.862806120467119,23,4,0,0.15994315839617923,0
5115.800203579325,188.92771903286757,0.5394882603323405,64,23,2,0.8272263188147053,1
5224.775320086084,173.87238235141655,0.5767660193778562,41,3,2,0.10583375345522006,1
4367.911798032163,99.5350951085511,0.5667342996702825,62,35,2,0.1319929476238586,0
4060.679346524631,68.89620151478528,0.5426531610849795,64,32,3,0.5212208932746084,1
951.2239613321833,113.0059861375853,0.7015594230792601,72,27,2,0.7516231894660199,0
1491.6741637611663,185.19258558728754,0.6725689245897024,67,24,1,0.9709052268924656,0
4414.904777559566,50.13097081243485,0.9494442512626572,73,11,4,0.7211115516273662,1
3441.4938057638465,209.30274708499738,0.7130105809194289,18,13,1,0.03092438795155783,0
4513.617308865541,67.81064166634255,0.040915937907427535,44,19,2,0.8467963985586335,0
2550.3492376757904,74.51543612413502,0.35243256356837793,20,39,2,0.16656714956819307,0
2130.406781090129,120.70663513317335,0.03431173072003202,70,35,1,0.563160143762767,0
1272.1377340192787,73.10752365520379,0.4913602212846684,41,39,1,0.01288922902154288,0
1280.8604006424275,19.59716834800316,0.13468646247828242,45,22,0,0.8924459764494668,1
3318.1790060142143,174.25166510272035,0.12311341574943413,60,27,4,0.6802516518406889,0
3199.089641771452,151.5264014706989,0.4816063719869791,73,23,2,0.7292385501780758,0
1048.8857204348576,56.72088007655455,0.10297901453167668,64,25,1,0.26386452904117463,0
5061.887251445392,193.24408283107596,0.3552713399186852,77,38,2,0.6273688628831824,1
1614.252194376127,218.95994957092208,0.2988394936320775,51,4,1,0.5427810689017611,0
2701.8536037515246,273.96483206925984,0.9579281561159689,50,21,0,0.32390169287700576,1
2562.693042897056,169.81272749454638,0.930881805926393,70,22,0,0.1833765678330268,1
1222.4126634015245,254.25988941051122,0.7119984483179918,56,35,2,0.21148757099651505,0
4720.916728334379,10.804305316282258,0.6957329681859119,20,12,2,0.5011367841533566,1
5302.465454730738,248.98642307920957,0.2211884864058371,21,12,3,0.698996380130799,1
4277.816575525973,198.99866223593241,0.5342718840765585,28,1,3,0.6340252397492367,0
5193.42278629949,58.2337370104983,0.8966561819471581,75,1,3,0.6398887309810712,1
1060.9355399793626,203.73582302902255,0.11552466639988945,36,20,3,0.17869920949956808,0
5742.611473420822,195.59288648823795,0.8692455176171314,25,23,3,0.10938925250597176,1
5049.247598394909,165.3718764846323,0.20630939346009725,79,31,4,0.09599776751663025,1
1082.833199000984,138.65658187789072,0.6720918815176964,43,17,4,0.027326921240341084,0
2584.550223828059,52.21880651188657,0.3247040783098879,54,21,3,0.6772581895206539,1
1004.8299138778558,175.57006817060915,0.05721600901157431,70,32,2,0.26326572125184944,0
3879.5942536564007,39.36692363363045,0.21938364989756398,39,35,4,0.1367822553595982,1
1385.3907075526654,135.26362959407777,0.5168593660349322,30,19,3,0.5458164939477121,1
515.0078662529954,148.97192406217974,0.04840623189229565,57,17,0,0.472658211962375,1
1324.8985775349586,18.341667637075076,0.19179506389661827,54,39,0,0.9474215511993758,0
417.9136231866176,213.78881998369266,0.7872314499885368,24,19,0,0.6304467256915676,0
5601.606303095423,249.70580828982162,0.8742552960091723,25,21,3,0.7238597346434384,0
4254.073935523009,45.544263476649775,0.3799397823950288,64,36,2,0.9468065963434076,1
4193.809456496795,20.61595977535582,0.5771143642566336,71,33,4,0.30028519118299435,0
2604.616961201172,221.12071388955806,0.32593772878609206,57,17,0,0.44296358653382384,0
4311.619189238569,11.713991826585923,0.28009168498067394,50,18,1,0.23510420452216874,1
2001.273494560742,41.358444125272385,0.928430086107512,62,11,3,0.6142968611172457,1
1747.477941212659,112.2318466438471,0.2374344295455647,22,8,4,0.866006561862646,1
5127.50954177021,24.752175268882258,0.026397623091178768,66,33,4,0.520856401923008,0
844.1906689923082,38.13124667893698,0.8798233503209545,35,33,4,0.4544076686230992,0
1552.0298779967627,7.315458362858229,0.2786832348632843,76,12,1,0.07816518059551036,0
2985.282054405051,122.37795314335327,0.7364895804600635,46,2,0,0.1187522984375482,0
1794.8128604409787,166.18330154698043,0.08757100996502831,19,16,1,0.5409182620088261,0
4755.131313075573,11.969348253115154,0.9301940828468022,42,19,0,0.32275494585172904,1
1956.3148456799545,158.40322984304893,0.676189744815734,44,27,2,0.6510545166892441,0
466.2753494644397,94.17001271776456,0.0274923185568009,34,39,4,0.4749057085463253,0
3997.113892711069,41.60097949484991,0.8393762343773844,70,4,3,0.9777403329242784,1
1467.1885584197573,294.4173237090353,0.106413105208229,74,33,1,0.4197230218813751,0
695.3353594690582,82.49997513597417,0.9629963302973699,37,14,1,0.20242658936656754,1
3514.9605323975215,36.80141845620407,0.4819333646401831,45,38,2,0.9787007969960464,0
2024.0096040881945,242.6818626646914,0.6569013683355553,20,2,1,0.11996841590058349,1
3440.710089633774,33.52971649563119,0.8488605176078672,44,18,3,0.2268785925883402,0
5491.570646334093,5.437492477845451,0.9626294582351933,44,29,4,0.3601891348478059,0
5633.317133828772,132.63117408766587,0.12723825620200802,33,36,2,0.5307269182774124,1
4928.271961655332,78.82196650579829,0.7546030415129344,31,16,4,0.10302524998061502,1
1088.7962426992592,147.17281573872935,0.043514042710595446,20,37,3,0.2147474632440446,0
4721.644225517329,128.5846070772314,0.5544586267183631,23,13,1,0.8711135886046798,0
3725.3773734680594,206.24346883769206,0.5751178323324955,43,14,0,0.676876439949444,0
5842.147891646653,293.119180832314,0.45585288007764657,51,34,4,0.17778262300269587,1
4370.256029175542,237.0945459678975,0.25036495388753477,64,24,3,0.03561113828264528,0
2562.3066142784123,260.0857135544628,0.29931067117384824,30,25,3,0.690857355053946,0
3878.866288292605,70.45301906172818,0.313191582141532,41,37,3,0.8705540531528448,0
5266.978362074619,227.8612811042544,0.10886658079203004,69,18,0,0.12146970997536943,0
4894.893466554152,85.76694909027755,0.5886615103309897,39,3,1,0.5677401958502608,1
5014.80004229513,65.81743684993232,0.924070931479047,55,28,0,0.2543747807303254,0
243.57273894727172,276.1402079038325,0.5757636484179983,51,27,0,0.40287827607440274,0
2079.7291337807337,132.97700559572806,0.15613895838052116,78,3,2,0.1398285376658024,1
716.4596028607093,146.74765357491512,0.8998197605416453,40,1,3,0.7959881028695758,0
825.9384541539015,224.59309234089594,0.31161053226697577,18,21,2,0.18902479735674138,0
4171.9830371680055,120.65139415501976,0.9179981711472008,59,23,3,0.027163089960570264,0
5165.113649071471,78.55315270119256,0.1462445061898593,45,1,2,0.9369821884702026,1
1843.1536653930027,280.9747042911828,0.44119920109864763,44,18,1,0.9776308972945913,0
5522.526666395324,135.52099948512964,0.7059028514264066,19,20,0,0.4318160469007625,0
369.4971505827308,200.2247822175977,0.9879318702836674,48,29,3,0.2825951037350479,0
3698.631249669447,87.64402286013379,0.5755632095590681,62,26,3,0.7787949964713375,0
1116.2770697196615,119.85824931624846,0.6646185012187215,76,39,4,0.532752938570418,1
4228.436997215957,156.65284781687888,0.9387586295118187,75,14,4,0.23641094980651944,0
3650.099289656589,101.54845836826676,0.4905097382941759,69,27,0,0.4799519522470568,1
1072.1296512135991,221.45761159679935,0.8292655511306728,65,21,1,0.029973412883249506,0
5583.433831560255,50.162983497732775,0.06026350274414771,43,21,0,0.5635836684654476,0
3134.478462368081,175.6415866383792,0.4411245239664763,74,37,1,0.31125919203295493,0
60.68123199823687,63.26573096591669,0.13843399555122138,22,15,1,0.41570953493849017,0
582.375815591668,181.60066242981938,0.12895564510159063,56,36,2,0.8141668982510073,0
4471.671983729529,243.29979754862478,0.6112467798852036,54,3,0,0.4561501535304019,1
3588.527550050804,295.4034541462666,0.45294924633138245,43,4,4,0.7559935229871866,0
2349.5575684777405,292.88782459322374,0.7723302712647716,27,29,1,0.9290658945974375,0
100.33723340409011,282.45775009668694,0.18269907645536876,64,7,3,0.7322972501211188,0
3636.872198279482,120.88464146337824,0.6691215924133417,72,27,3,0.8258935935551824,0
2744.7662420478173,25.343633366651886,0.7705312428101301,72,4,4,0.9029486661957344,0
2271.8856349034477,207.28191987258967,0.45006638843265656,46,39,4,0.9608285931334329,0
5803.424486030237,113.92451641789324,0.7366785993843019,67,2,2,0.7307706140617981,0
4132.11304654849,122.29742220035651,0.051010346506675575,45,12,4,0.40995575737768597,1
2749.0824044453484,240.8655551438561,0.21380968845183068,56,26,2,0.6748394122379953,0
2658.2501038585874,26.562002961857047,0.8940349802568649,54,37,3,0.4995332618909565,0
96.55634441125146,0.08373776557544232,0.44685687910617367,79,8,3,0.7544687520095169,0
1353.5067045161602,73.60180700336024,0.8487866331076591,23,39,0,0.6665529568778595,0
5533.968048933574,273.87999336359127,0.4075388465245693,44,17,4,0.18880166562131206,0
4866.289193856032,264.8537904671008,0.5073543721687271,24,18,0,0.8485701418610098,1
4247.285963041594,109.99823691249799,0.9756619823657102,66,20,1,0.705224637991824,1
1082.9157467077025,135.50637868712172,0.7823419356239001,30,19,1,0.56604230500713,0
629.64846596235,54.80039071670335,0.28184401270340165,42,16,4,0.5061964605673521,1
4474.053112664089,135.31068609675228,0.19333572000033528,68,2,0,0.8377506164119181,0
2213.899565829411,225.98376910342122,0.25755154231579025,20,7,4,0.3924425705154325,1
5618.08788348486,170.86935623974577,0.7374835272102823,18,31,2,0.16857089154166804,1
205.4435517729687,163.64321641934828,0.6253025807778398,77,23,2,0.5912129405616111,1
4152.869542014201,135.1894088836596,0.23090033809374977,38,33,4,0.013457687108888838,1
2999.057009894674,254.97010098012595,0.3254085977984186,23,34,2,0.24611892681771974,0
1644.7809498742433,71.0529444546919,0.6873027752011164,78,22,0,0.85171575005346,0
1067.3716312816127,38.73489221638127,0.7572299688751372,60,17,1,0.8599085475054488,1
2002.1263675688367,227.7524920731893,0.9621291261007885,46,27,4,0.19156059079345888,1
1248.091327537076,160.2322608407282,0.7330774420751252,61,37,1,0.6869966213949602,0
3449.0489494556336,11.05598797170153,0.699538902587971,28,21,1,0.3116877627224891,0
4356.34136467531,79.20182497603756,0.17805628257847483,55,13,2,0.05677137292068779,1
1075.3664522124789,262.55101371227624,0.1095112046200385,31,36,2,0.37409523724568405,1
310.71177381405573,45.742514765955264,0.30329167497423926,30,5,0,0.016251158411336952,0
3692.5923637141827,90.20421554293631,0.2236922048872757,33,26,4,0.1056316229664761,0
2901.8280652131043,249.45158215505518,0.5334306076047267,61,13,1,0.8111102865124242,0
2950.8061786618773,57.2984006418079,0.5560785933150078,62,31,2,0.7506521481610007,0
2939.589693440703,255.38677400932323,0.14161642258239426,40,11,1,0.2147048615920909,0
2141.011818666086,227.0548347596329,0.8748682498814381,44,15,1,0.8695499087209829,0
4407.966635988537,241.09656185158306,0.9632191564636885,37,2,4,0.9114368973828691,1
438.070228546571,251.13541495992925,0.5965921842804488,65,7,3,0.37695480923209546,1
4718.02284654239,189.5606976074808,0.5233557426134121,23,15,2,0.7255524860637697,1
3355.6928322827503,261.66186573330265,0.8912742107525676,58,30,0,0.3591511166278001,0
4521.492150382883,51.57596755867989,0.9395474467983318,42,19,1,0.04164712545511151,1
3682.1868588607745,181.53635279066873,0.8148999260530697,49,15,0,0.37389556924492506,0
2871.2628028457275,281.6910678134064,0.562261795230882,57,2,3,0.03640763744695574,1
3509.751974945983,289.4137633832633,0.8896102184139885,28,29,3,0.6763149996274029,0
2754.8079828900036,198.56259781323286,0.3372157584289821,46,1,3,0.10508754309831814,0
4833.696156643936,175.21876787833443,0.6345720738742637,70,1,0,0.30215036263255335,1
927.6463550275096,51.51671847911463,0.4032900863160631,62,1,1,0.3916495179001981,0
1187.7253769497254,173.11723830305291,0.7115547863936854,77,8,1,0.5403191619947982,0
3422.941195128017,280.5080133067766,0.881776493123105,34,35,2,0.6807372823563584,1
2553.824560120429,90.62685454629074,0.20696096897590832,32,5,0,0.7422476205750569,0
2424.442205349628,105.05686166062758,0.582971812449973,50,14,2,0.5879761338469103,1
2465.154435050245,272.22678572702415,0.08032355062827701,55,37,3,0.45041077541584007,0
4753.031310232055,151.3198520364065,0.7921175672218904,57,1,2,0.1136613736285248,1
126.63003534194256,209.37960108359843,0.6448474116005767,73,7,2,0.9396192261548912,0
5720.47279791689,131.02129971139436,0.4366711546037231,21,4,0,0.5198458855539151,1
5772.869736387551,98.11394469492882,0.6050145128458747,40,26,0,0.8434964255162081,0
3465.2871749357637,132.18063841390168,0.5914131289957649,27,18,0,0.4245954358578825,0
2059.4319629294996,222.68283995508042,0.20157466935310675,22,18,1,0.9811121284412626,0
4673.748331821855,37.47825618785059,0.5391646281005877,76,26,1,0.06432099558164983,0
5177.598073728462,104.99686120841432,0.904267267493462,50,3,3,0.19416252418584812,1
5128.435762068048,281.1272553444455,0.6013924155810605,63,39,2,0.8698521711514656,0
3795.5707086785346,212.04194200842124,0.6808682224988696,72,1,1,0.5184886676729346,0
4750.0306504798855,115.78485408744406,0.9368091786250295,64,28,1,0.7535465315128421,0
305.63674732556143,97.13463154412665,0.7021882434442281,28,19,0,0.32967541756376517,0
5575.142941144328,197.46566056364512,0.765013521469041,53,19,4,0.0761038831621933,1
3530.908505176293,184.65426297112396,0.10764824244609161,33,24,3,0.9487558982843035,0
3280.9468861662326,44.97143954290942,0.4014199936929421,47,38,0,0.9871814621385948,0
593.2264464141267,23.339017976560296,0.4389562960462776,39,23,2,0.6739220007566362,0
3194.405738583214,120.8658895508426,0.6208285044876478,47,7,0,0.5385038539812902,0
1489.4397584987244,80.13762668807925,0.2981148247046447,27,13,0,0.5263593534008428,0
41.67160638459463,100.91357449560955,0.522560842781147,32,30,2,0.7410078098288274,0
436.48914973244234,230.95066851517993,0.04480570686040908,77,5,0,0.38021226924747575,0
745.6106606065127,196.49314567503342,0.40326443698455283,44,28,4,0.7440341860910348,0
5253.207219728799,11.821735669584754,0.3835162715154049,77,26,0,0.8766965920572438,0
3822.608789269855,239.45146969264118,0.11433099100584432,78,9,4,0.5130541377872317,0
409.4257159426843,16.963196158294092,0.5131964144659952,44,20,3,0.41547857923025167,0
1276.8562489188498,87.65522202857923,0.1298821343033344,27,13,2,0.1846285398099965,0
3843.2880804025567,202.02569951713986,0.3047205949764922,38,6,3,0.6893881263063761,0
1627.790736226429,299.9980374011127,0.7054327010937242,74,29,0,0.01587205729201846,0
2121.250328369669,118.60442580331177,0.493197813580462,79,37,4,0.7456344386477631,1
5462.803358096467,237.0140006235115,0.877791302998981,48,22,2,0.7616301291271941,1
770.0507941366807,266.3841626017329,0.18492417097346125,39,31,4,0.8643581758158337,0
2413.6600807944033,78.66707146586617,0.28195984119053674,68,17,1,0.5136916375671428,0
5279.129659870747,85.3789247385163,0.987101328773856,61,30,2,0.11616875643745117,0
4414.90692550824,87.49727201407723,0.20506753354417162,42,27,4,0.4659685728403242,1
1847.2158091553379,68.1019049998444,0.5299412193497072,34,9,1,0.6430444850717925,0
3344.5257669495463,134.40192843175782,0.07894023540184036,54,14,1,0.4421549602213459,0
943.788204808121,56.57950868613564,0.5147916842396244,79,20,0,0.15329088195664364,0
3547.2597287767176,202.84515253766722,0.43513769947934566,26,21,4,0.4664798462288614,0
72.82691020803091,157.88193047608559,0.054112533608583924,23,2,0,0.7072794610587539,0
4270.443094357603,241.1763979523003,0.7413966239696228,37,23,0,0.15540711786873296,1
5918.325494094893,284.6649797541356,0.7078548524805307,71,8,4,0.8365799953807247,0
330.2114063885047,178.77717015477617,0.2894026225600146,58,13,2,0.0009040323653884963,1
4217.092460986499,131.8500205130076,0.879488633861275,47,31,0,0.6169265885778319,0
5277.661649065815,171.73124593144422,0.9155695896600409,53,2,4,0.3974886015930529,0
1585.4467418347554,218.33259647105177,0.04163266339526228,42,31,1,0.6449731837516258,0
5957.9420258439695,193.82674664581378,0.2530306917257501,78,39,0,0.4458093723045832,1
1808.5629624128562,288.187757436432,0.5941413304287116,25,5,1,0.10401954290207482,0
2364.5304869946035,84.27055768710444,0.5036157777407849,70,2,1,0.5513587852464329,1
2785.3490733637555,186.45954989310317,0.08423639927312432,58,1,1,0.15098849593855523,1
3484.386597833754,242.49064988125818,0.6523192095716192,35,26,1,0.429179633097172,0
5070.285653578088,148.14365458379996,0.7689852981934314,47,8,4,0.8856960051697764,0
1202.7104814272798,130.17372694192773,0.6891111697344303,31,28,3,0.5422838678430251,1
1388.923898857333,83.52211884113144,0.8821107339139033,63,22,2,0.29522712872359724,0
2206.277744913333,153.25333066530223,0.7225734878194974,27,17,4,0.03128768292025075,0
3567.721456239999,279.2253416808251,0.667124761213362,71,6,3,0.46835976486633235,0
1636.6920448471003,123.22733219420238,0.011786734126775444,62,28,1,0.6314994313246196,0
4371.475241799955,186.28645394073308,0.7150991657147004,37,38,0,0.14771086081965512,1
4772.332535907867,18.377842633625864,0.010691130738917809,42,23,1,0.07345346372448591,0
2378.4826632885724,98.35141822782091,0.3308885761408651,77,13,3,0.7260111769263452,0
3923.6272583031787,169.03321493758585,0.2551629727621163,18,13,4,0.2581078932622355,1
1070.8981124751826,289.04527165401294,0.640513254026058,59,8,2,0.7583640104456363,0
2234.1980925849402,155.1666415303073,0.11891369277019392,54,29,4,0.17661986695586063,0
5868.556159711891,152.03745450006448,0.6596207180113475,28,6,4,0.4856089709899134,1
3524.127839388421,219.095360767926,0.6835402442959803,47,25,0,0.6655100810965153,1
5833.183025638614,47.07906728274225,0.6275781981993103,43,35,3,0.5094622647604554,1
3551.082581797978,198.15255704923342,0.19855619985504924,59,16,4,0.412564979866319,1
275.0677660579566,125.22196299989547,0.8819895823496549,23,19,3,0.7500940792319972,0
3705.5265470110326,21.876555289869014,0.5817737303426971,58,26,2,0.3839442838847067,1
354.67968310817923,280.718500883101,0.8579933391609313,51,10,0,0.903375796431563,0
2869.1337363529938,197.13386186370153,0.9604148428053091,24,17,2,0.2815662405524263,0
5643.742068129564,81.94750254214745,0.811714977597836,78,26,2,0.4933189301442834,1
3804.9295125398576,270.77358970272235,0.7661628696839948,36,9,3,0.19723152597722082,1
2812.1642011641934,85.01781652118797,0.3187199352452653,71,35,3,0.7878055892173207,0
4989.41063703074,158.4546733084831,0.3039752195894899,18,17,3,0.44282347073085493,1
1915.7748532173266,132.5142753842808,0.8342039485807722,60,28,1,0.21653013660984355,1
3590.2767888761587,267.7435221600403,0.29088098994643563,27,39,3,0.8718073407788127,0
5202.104190037084,5.771082889648649,0.5914903956990634,43,37,0,0.5342583063639723,1
1935.7273218525654,8.13005026394168,0.3906551299789657,41,36,1,0.45849772905403274,0
3096.619166148545,140.2117665876899,0.6012437373604625,43,13,2,0.6698085214234322,0
2390.687828818713,249.70307193647133,0.25221375223450804,25,36,4,0.9725024409922055,0
3559.7230801497567,137.78690549511822,0.3939175526734746,53,25,2,0.5595897492622285,0
13.446369662353913,89.18915665316666,0.0483794210146421,62,28,0,0.6037179298562655,0
4514.2709312237175,152.03114561926947,0.1843322393642396,49,27,1,0.5998673360993851,0
1134.9027751763142,278.65844411581605,0.1793950260620758,46,36,2,0.8319004111623315,0
3158.2805826942076,88.21715364510897,0.8401380953246393,35,35,0,0.3729112871794601,0
5078.715405869909,54.96907356681384,0.3550369888667625,70,13,4,0.5507742461042636,1
1656.4790410624516,9.570608553415404,0.619964251289678,40,35,0,0.059195340573177435,1
48.21948635665868,155.6891335825882,0.9789886169850638,65,39,4,0.46899765885505407,0
4943.4632799564815,289.63770621112644,0.4058101435258098,63,30,3,0.35082292063256393,0
5049.079874681584,169.11609523758753,0.6260783379624884,50,16,2,0.9207533480701671,1
5442.429674280249,102.0918040254558,0.4359945164677721,54,15,3,0.3494410219400076,0
1886.41626087078,138.5497254909326,0.04256348254154829,60,13,1,0.11172797854559768,0
1450.9788129933552,165.31236489837488,0.357453987733789,29,10,4,0.5853652280457408,0
5510.288574861061,55.30116080538795,0.35631808041499446,25,6,0,0.22310237379771847,0
3594.295239834842,16.579027778967458,0.1908787480857178,23,18,4,0.8944881126229687,0
4074.254602491975,241.9641775353016,0.5604803531903928,42,11,4,0.1982755229697002,0
5320.618979325863,280.1374206841888,0.821216340085711,35,23,2,0.43731568220652406,1
755.1272354619467,179.91745356210419,0.5647877327368187,33,28,4,0.12659018788458443,0
1594.5033171979426,8.956837154252407,0.7319772310946658,42,28,3,0.9178231536439249,0
2138.1122396368787,165.26857585427487,0.6039652681962191,41,25,3,0.8320304315584278,0
4531.778080186,137.9158244964152,0.7776856522446394,42,36,0,0.195578173329084,1
89.57472769361843,189.8853279675531,0.4390156300868284,67,34,3,0.7432227619881909,0
4465.701135935963,122.03222443933605,0.6883735134261947,43,19,0,0.31769668116460403,1
4410.5398348139015,165.59100328938695,0.5228911201203442,75,7,1,0.03975931550542722,0
865.0873483948452,294.7400706020429,0.7611368515568342,68,10,3,0.03922552639772192,0
2670.443231168989,12.526549109233109,0.7252266307881916,71,22,1,0.49913114520176394,0
110.60637321232201,91.79436613073287,0.27924923624007036,22,22,0,0.7099411944861393,0
5658.208496856464,220.10516882963725,0.9127650020903497,53,26,1,0.29372189913761726,1
1885.1376879993409,159.7893894281037,0.5316766083589555,36,38,2,0.9471177134954955,1
4280.2249958531265,176.0927874319578,0.19408928309335238,55,36,2,0.7501891466680535,1
4528.2870112882065,255.95733691490264,0.4879353439551486,67,14,0,0.9446955509219476,0
